idx	species	label	label_name	cluster	rep_name
0	zebrafish	1	SINE	0	SINE3-1
1	human	4	DNA	2	Tigger3b
2	human	2	LINE	1	L1MA9
3	human	4	DNA	0	MER1A
4	human	3	LTR	1	LTR6A
5	human	3	LTR	0	LTR1A2
6	zebrafish	1	SINE	0	SINE3-1a
7	human	2	LINE	1	L1PB2
8	human	3	LTR	3	LTR26
9	human	3	LTR	3	LTR43
10	zebrafish	1	SINE	0	SINE3-1a
11	human	4	DNA	2	Charlie7
12	zebrafish	1	SINE	0	SINE3-1a
13	human	2	LINE	1	L1M5
14	human	2	LINE	1	L1PA15
15	zebrafish	1	SINE	0	SINE3-1a
16	human	4	DNA	3	Tigger6a
17	human	3	LTR	3	MER4A
18	human	4	DNA	1	Tigger15a
19	zebrafish	1	SINE	0	SINE3-1a
20	zebrafish	1	SINE	0	SINE3-1a
21	human	3	LTR	0	MER41B
22	zebrafish	1	SINE	0	SINE3-1
23	human	4	DNA	2	BLACKJACK
24	zebrafish	1	SINE	0	SINE3-1
25	human	3	LTR	2	PABL_B
26	zebrafish	1	SINE	0	SINE3-1a
27	human	3	LTR	2	MER4B
28	human	2	LINE	1	L1MB5
29	zebrafish	1	SINE	0	SINE3-1a
30	human	4	DNA	3	HSMAR2
31	human	3	LTR	2	LTR61
32	human	4	DNA	2	Arthur1B
33	human	3	LTR	1	MER34D
34	human	4	DNA	2	Tigger3b
35	zebrafish	1	SINE	0	SINE3-1
36	human	4	DNA	2	Tigger17a
37	human	2	LINE	3	L1MC
38	human	4	DNA	2	MER99
39	human	4	DNA	2	Tigger1
40	human	3	LTR	0	LTR1C3
41	zebrafish	1	SINE	0	SINE3-1a
42	human	2	LINE	1	L1PA7
43	zebrafish	1	SINE	0	SINE3-1a
44	zebrafish	1	SINE	0	SINE3-1a
45	human	3	LTR	1	MLT1D
46	human	4	DNA	1	Tigger6a
47	human	2	LINE	3	L1PA8
48	zebrafish	1	SINE	0	SINE3-1
49	human	2	LINE	3	L1ME3B
50	human	4	DNA	0	MER1A
51	human	3	LTR	3	LTR6B
52	human	2	LINE	3	L1PA7
53	human	2	LINE	3	L1PA3
54	zebrafish	1	SINE	0	SINE3-1
55	zebrafish	1	SINE	0	SINE3-1a
56	human	4	DNA	3	HSMAR2
57	zebrafish	1	SINE	0	SINE3-1a
58	human	3	LTR	3	LTR9B
59	human	3	LTR	0	MER4A1_
60	human	4	DNA	2	Tigger17a
61	human	4	DNA	2	Tigger1
62	human	4	DNA	0	MER1A
63	human	2	LINE	3	L1MA8
64	human	3	LTR	0	MER41A
65	human	3	LTR	0	MLT2B3
66	human	4	DNA	2	Charlie1
67	zebrafish	1	SINE	0	SINE3-1
68	human	3	LTR	3	LTR6B
69	zebrafish	1	SINE	0	SINE3-1
70	human	2	LINE	3	L1PB4
71	human	3	LTR	2	MER41B
72	human	2	LINE	1	L1PA11
73	human	3	LTR	3	MER4A
74	mouse	1	SINE	0	B4A
75	human	2	LINE	3	L1ME1
76	human	4	DNA	2	Tigger3c
77	human	3	LTR	1	MLT2B4
78	human	3	LTR	1	MER51A
79	zebrafish	1	SINE	0	SINE3-1
80	zebrafish	1	SINE	0	SINE3-1
81	human	3	LTR	0	LTR8
82	human	3	LTR	2	MER4B-int
83	human	4	DNA	2	Charlie20a
84	zebrafish	1	SINE	0	SINE3-1a
85	human	3	LTR	1	LTR49
86	human	4	DNA	0	Tigger17a
87	human	3	LTR	0	LTR9
88	human	2	LINE	1	L1PA6
89	zebrafish	1	SINE	0	SINE3-1
90	human	3	LTR	0	LTR62
91	zebrafish	1	SINE	0	SINE3-1
92	human	3	LTR	3	LTR9
93	human	2	LINE	1	L1PA8
94	human	3	LTR	3	MER74A
95	human	4	DNA	2	Charlie1a
96	human	3	LTR	0	LTR9A1
97	zebrafish	1	SINE	0	SINE3-1
98	human	4	DNA	0	Tigger13a
99	human	3	LTR	3	LTR6B
100	human	2	LINE	3	L1PA17
101	human	2	LINE	1	L1PA16
102	human	3	LTR	0	LTR5A
103	zebrafish	1	SINE	0	SINE3-1
104	human	2	LINE	1	L1MB5
105	human	3	LTR	0	LTR39
106	human	2	LINE	3	L1PA7
107	zebrafish	1	SINE	0	SINE3-1a
108	human	4	DNA	0	MER1A
109	zebrafish	1	SINE	0	SINE3-1a
110	human	2	LINE	1	L1MEb
111	human	2	LINE	1	L2
112	human	3	LTR	1	LTR10C
113	human	2	LINE	1	L1PA3
114	zebrafish	1	SINE	0	SINE3-1a
115	human	4	DNA	1	Tigger6a
116	human	4	DNA	0	Tigger6
117	human	4	DNA	2	MER45B
118	zebrafish	1	SINE	0	SINE3-1a
119	human	4	DNA	2	MER44D
120	human	3	LTR	0	LTR39
121	human	2	LINE	2	L1ME1
122	human	2	LINE	3	L1PA8
123	human	3	LTR	0	LTR5A
124	human	2	LINE	3	L1PA7
125	zebrafish	1	SINE	0	SINE3-1a
126	human	2	LINE	3	L1M5
127	human	2	LINE	3	L1MA5A
128	human	2	LINE	3	L1PA2
129	human	2	LINE	1	L1MB7
130	human	2	LINE	1	L1ME3G
131	human	4	DNA	2	Charlie1a
132	human	3	LTR	0	MER50
133	human	4	DNA	3	Tigger9b
134	human	4	DNA	0	MER1A
135	human	4	DNA	0	MER1A
136	zebrafish	1	SINE	0	SINE3-1
137	human	3	LTR	0	LTR8A
138	human	4	DNA	0	MER1A
139	human	2	LINE	3	L1PB4
140	human	2	LINE	3	L1MD2
141	human	2	LINE	3	L1PB1
142	zebrafish	1	SINE	0	SINE3-1
143	human	4	DNA	2	Charlie7
144	zebrafish	1	SINE	0	SINE3-1
145	zebrafish	1	SINE	0	SINE3-1a
146	human	2	LINE	1	L1PA7
147	mouse	1	SINE	1	B4A
148	zebrafish	1	SINE	0	SINE3-1
149	zebrafish	1	SINE	0	SINE3-1
150	human	2	LINE	3	L1MB3
151	human	4	DNA	0	Tigger1
152	human	4	DNA	2	MER20B
153	human	3	LTR	3	HUERS-P2-int
154	zebrafish	1	SINE	0	SINE3-1a
155	human	2	LINE	3	L1MA5A
156	human	3	LTR	1	MLT1E2
157	human	2	LINE	3	L1PA7
158	human	2	LINE	3	L1PA16
159	human	3	LTR	3	MLT2B4
160	zebrafish	1	SINE	0	SINE3-1
161	human	2	LINE	3	L1MB5
162	human	4	DNA	0	MER1A
163	zebrafish	1	SINE	0	SINE3-1
164	human	4	DNA	0	MER1A
165	human	3	LTR	0	MER41A
166	zebrafish	1	SINE	0	SINE3-1a
167	human	3	LTR	0	LTR61
168	human	4	DNA	0	MER1A
169	human	3	LTR	0	SVA_D
170	human	4	DNA	0	MER1A
171	zebrafish	1	SINE	0	SINE3-1a
172	human	4	DNA	2	Tigger17a
173	zebrafish	1	SINE	0	SINE3-1
174	human	2	LINE	1	L1PA8
175	human	2	LINE	1	HAL1ME
176	human	3	LTR	3	MER4B
177	human	4	DNA	0	MER1A
178	human	2	LINE	1	L1PA10
179	zebrafish	1	SINE	0	SINE3-1a
180	zebrafish	1	SINE	0	SINE3-1a
181	human	4	DNA	2	Charlie2b
182	human	3	LTR	0	LTR12D
183	human	2	LINE	3	L1PA7
184	human	2	LINE	3	L1M4
185	human	4	DNA	0	MER1A
186	zebrafish	1	SINE	0	SINE3-1a
187	zebrafish	1	SINE	0	SINE3-1a
188	human	4	DNA	2	Tigger1
189	human	4	DNA	0	MER1A
190	human	4	DNA	2	Charlie2b
191	human	4	DNA	1	Tigger2
192	human	4	DNA	1	HSMAR2
193	zebrafish	1	SINE	0	SINE3-1
194	human	4	DNA	2	Tigger1
195	human	2	LINE	1	L1PA13
196	human	3	LTR	0	MER41B
197	zebrafish	1	SINE	0	SINE3-1a
198	human	3	LTR	3	PRIMA4_LTR
199	human	3	LTR	0	LTR8
200	zebrafish	1	SINE	0	SINE3-1a
201	zebrafish	1	SINE	0	SINE3-1a
202	human	4	DNA	2	Tigger13a
203	zebrafish	1	SINE	0	SINE3-1
204	human	2	LINE	3	L1PA16
205	human	3	LTR	3	MER74A
206	human	4	DNA	2	Tigger17a
207	human	3	LTR	0	PABL_A
208	zebrafish	1	SINE	0	SINE3-1a
209	human	2	LINE	0	L1MEi
210	zebrafish	1	SINE	0	SINE3-1a
211	human	4	DNA	0	MER1A
212	zebrafish	1	SINE	0	SINE3-1
213	human	2	LINE	1	L1PA8
214	human	2	LINE	1	L2
215	zebrafish	1	SINE	0	SINE3-1
216	human	4	DNA	2	Tigger1
217	zebrafish	1	SINE	0	SINE3-1
218	human	2	LINE	3	L1MA9
219	zebrafish	1	SINE	0	SINE3-1a
220	human	4	DNA	2	Tigger1
221	human	3	LTR	0	MER77
222	human	2	LINE	3	L1MC3
223	zebrafish	1	SINE	0	SINE3-1a
224	human	3	LTR	2	LTR8B
225	human	3	LTR	0	LTR5B
226	human	3	LTR	1	MLT2B4
227	human	4	DNA	0	MER1A
228	human	2	LINE	1	L1MA2
229	human	4	DNA	2	HSMAR2
230	human	3	LTR	0	LTR1F1
231	zebrafish	1	SINE	0	SINE3-1a
232	human	4	DNA	0	Tigger17a
233	zebrafish	1	SINE	0	SINE3-1a
234	human	3	LTR	0	LTR5B
235	zebrafish	1	SINE	0	SINE3-1a
236	human	3	LTR	3	HERVH-int
237	human	2	LINE	0	L1P3
238	zebrafish	1	SINE	0	SINE3-1
239	human	3	LTR	1	LTR19-int
240	human	4	DNA	2	Charlie7
241	zebrafish	1	SINE	0	SINE3-1
242	human	4	DNA	2	Charlie1a
243	human	3	LTR	3	LTR9
244	human	2	LINE	3	L1PB3
245	human	4	DNA	2	Tigger1
246	human	4	DNA	2	Charlie1a
247	human	2	LINE	1	L1PA7
248	zebrafish	1	SINE	0	SINE3-1
249	human	2	LINE	3	L2a
250	human	2	LINE	1	L1MC4a
251	human	3	LTR	0	HERVH-int
252	human	4	DNA	2	Charlie16
253	zebrafish	1	SINE	0	SINE3-1
254	human	4	DNA	2	Tigger3b
255	human	1	SINE	0	AluSx
256	human	4	DNA	3	MER44B
257	human	2	LINE	1	L1MC1
258	human	3	LTR	3	HERVH-int
259	human	4	DNA	2	Tigger3b
260	human	3	LTR	0	MLT1E3
261	human	4	DNA	0	MER45C
262	human	4	DNA	0	MER45C
263	human	4	DNA	3	Tigger1
264	human	3	LTR	0	MER41B
265	human	3	LTR	0	MER41A
266	human	2	LINE	1	L1MB3
267	human	4	DNA	2	Tigger1
268	human	2	LINE	3	L1PA4
269	human	2	LINE	1	L1PA16
270	zebrafish	1	SINE	0	SINE3-1
271	human	3	LTR	0	SVA_D
272	human	4	DNA	2	Tigger8
273	zebrafish	1	SINE	0	SINE3-1a
274	human	2	LINE	1	L1PA8
275	human	4	DNA	0	MER1A
276	zebrafish	1	SINE	0	SINE3-1
277	zebrafish	1	SINE	0	SINE3-1a
278	human	4	DNA	0	MER1A
279	human	4	DNA	3	Tigger1
280	human	3	LTR	0	MER41A
281	human	4	DNA	0	MER1A
282	human	2	LINE	3	L1PA4
283	human	3	LTR	0	MER41B
284	zebrafish	1	SINE	0	SINE3-1a
285	human	4	DNA	2	Tigger1
286	zebrafish	1	SINE	0	SINE3-1a
287	human	3	LTR	3	MER4B
288	zebrafish	1	SINE	0	SINE3-1a
289	zebrafish	1	SINE	0	SINE3-1a
290	zebrafish	1	SINE	0	SINE3-1a
291	zebrafish	1	SINE	0	SINE3-1
292	human	3	LTR	1	MER4E
293	human	2	LINE	3	L1MC
294	human	3	LTR	0	LTR1C3
295	human	2	LINE	3	L1PA7
296	human	3	LTR	0	PABL_A
297	human	4	DNA	2	HSMAR2
298	zebrafish	1	SINE	0	SINE3-1
299	human	2	LINE	1	L1PA6
300	human	2	LINE	1	L1MB3
301	human	2	LINE	1	L1MEc
302	human	3	LTR	3	LTR10C
303	human	4	DNA	2	Charlie1a
304	human	2	LINE	3	L1PA7
305	human	2	LINE	1	L1MB7
306	human	2	LINE	1	L1PA8
307	human	2	LINE	1	L1PB4
308	human	4	DNA	2	Tigger3b
309	zebrafish	1	SINE	0	SINE3-1a
310	human	2	LINE	1	L1PB4
311	human	4	DNA	1	Tigger1
312	human	2	LINE	3	L1PA7
313	human	3	LTR	3	MER4B
314	human	3	LTR	0	LTR8
315	human	4	DNA	1	Tigger1
316	human	2	LINE	1	L1PA4
317	human	3	LTR	0	MLT1F2
318	human	3	LTR	0	LTR64
319	human	3	LTR	0	MER41A
320	human	3	LTR	0	THE1B-int
321	zebrafish	1	SINE	0	SINE3-1
322	human	4	DNA	0	MER1A
323	zebrafish	1	SINE	0	SINE3-1a
324	human	2	LINE	1	L1PA2
325	human	3	LTR	0	MER50
326	mouse	1	SINE	3	PB1D11
327	human	2	LINE	1	L1MA8
328	human	3	LTR	0	LTR12
329	zebrafish	1	SINE	2	SINE3-1a
330	zebrafish	1	SINE	0	SINE3-1a
331	human	2	LINE	3	L1PA11
332	zebrafish	1	SINE	0	SINE3-1
333	zebrafish	1	SINE	0	SINE3-1
334	human	3	LTR	0	LTR8
335	human	2	LINE	2	L1MC4
336	human	4	DNA	2	Charlie2a
337	human	3	LTR	0	MER87
338	human	2	LINE	3	L1PA7
339	zebrafish	1	SINE	0	SINE3-1a
340	human	3	LTR	0	HUERS-P2-int
341	human	3	LTR	0	MLT2A2
342	human	2	LINE	1	L1MB1
343	human	2	LINE	1	L1PB4
344	zebrafish	1	SINE	0	SINE3-1
345	human	3	LTR	2	MER4E1
346	human	3	LTR	1	MER34A
347	human	2	LINE	1	L1PA15
348	zebrafish	1	SINE	0	SINE3-1a
349	human	4	DNA	0	MER1A
350	zebrafish	1	SINE	0	SINE3-1
351	zebrafish	1	SINE	0	SINE3-1
352	zebrafish	1	SINE	0	SINE3-1a
353	human	4	DNA	1	MER1A
354	human	3	LTR	0	MER41A
355	human	2	LINE	3	L1MB5
356	zebrafish	1	SINE	0	SINE3-1a
357	human	2	LINE	1	L1PA8
358	human	3	LTR	0	MER4B-int
359	human	3	LTR	2	HERV1_LTRb
360	human	4	DNA	0	MER1A
361	human	3	LTR	0	MER41A
362	human	2	LINE	3	L1PA5
363	zebrafish	1	SINE	0	SINE3-1
364	human	4	DNA	2	Charlie7
365	zebrafish	1	SINE	0	SINE3-1
366	human	3	LTR	0	MER77B
367	human	4	DNA	2	Tigger17a
368	zebrafish	1	SINE	0	SINE3-1
369	human	3	LTR	0	MER41A
370	human	4	DNA	2	Arthur1B
371	human	2	LINE	3	L1MB5
372	human	2	LINE	1	L1PA16
373	human	2	LINE	1	L1MB5
374	human	3	LTR	0	MER41B
375	human	4	DNA	2	MER6
376	human	3	LTR	0	MER41B
377	human	4	DNA	2	Tigger18a
378	zebrafish	1	SINE	0	SINE3-1
379	human	2	LINE	3	L1PA7
380	human	2	LINE	3	L1PA7
381	human	4	DNA	0	Tigger17a
382	human	3	LTR	0	LTR1F1
383	human	2	LINE	1	L1PA17
384	human	2	LINE	3	L1MB3
385	human	3	LTR	2	MLT1F2
386	human	3	LTR	0	MLT2A2
387	zebrafish	1	SINE	0	SINE3-1
388	human	4	DNA	2	MER45B
389	human	3	LTR	0	MER41A
390	human	2	LINE	3	L1MD1
391	human	4	DNA	2	Tigger17a
392	human	2	LINE	1	L1PA16
393	human	4	DNA	2	Tigger4
394	zebrafish	1	SINE	0	SINE3-1a
395	human	3	LTR	2	LTR64
396	human	2	LINE	1	L1PA2
397	human	3	LTR	0	THE1A-int
398	human	2	LINE	1	L1PA6
399	human	2	LINE	1	L1PA2
400	human	2	LINE	1	L1PB4
401	human	3	LTR	0	MER68
402	human	2	LINE	1	L1PA7
403	human	3	LTR	0	PABL_A
404	human	2	LINE	1	L1ME3F
405	human	4	DNA	3	Tigger9b
406	zebrafish	1	SINE	0	SINE3-1
407	human	3	LTR	1	MLT2B1
408	human	4	DNA	0	MER1A
409	human	3	LTR	0	LTR17
410	human	4	DNA	2	Chap1a_Mam
411	human	3	LTR	1	MER4B
412	human	4	DNA	3	Tigger20a
413	human	2	LINE	1	L1MEg
414	human	2	LINE	3	L1PA6
415	zebrafish	1	SINE	0	SINE3-1a
416	human	3	LTR	0	MER50B
417	human	4	DNA	2	Tigger3b
418	human	4	DNA	0	Tigger17a
419	human	4	DNA	2	Tigger22N1
420	human	3	LTR	1	LTR43
421	human	3	LTR	2	MER4B-int
422	human	4	DNA	1	MER45B
423	human	3	LTR	0	MER4A1
424	zebrafish	1	SINE	0	SINE3-1a
425	human	4	DNA	2	Tigger1
426	human	4	DNA	0	MER1A
427	zebrafish	1	SINE	0	SINE3-1
428	human	2	LINE	1	L1PA15
429	zebrafish	1	SINE	0	SINE3-1
430	human	3	LTR	0	LTR13_
431	human	2	LINE	1	L1M5
432	human	4	DNA	2	EuthAT-2
433	human	3	LTR	0	LTR1C3
434	human	3	LTR	0	MER4D0
435	human	2	LINE	3	L1MA5
436	human	2	LINE	1	L1PA14
437	human	4	DNA	0	MER1A
438	human	4	DNA	2	Tigger17a
439	human	2	LINE	0	L1PA10
440	human	2	LINE	3	L1MA5
441	human	3	LTR	0	LTR39
442	zebrafish	1	SINE	0	SINE3-1a
443	zebrafish	1	SINE	0	SINE3-1
444	human	2	LINE	3	L2
445	human	3	LTR	3	MER4B
446	zebrafish	1	SINE	0	SINE3-1a
447	human	2	LINE	1	L1PB4
448	zebrafish	1	SINE	0	SINE3-1
449	zebrafish	1	SINE	0	SINE3-1
450	human	2	LINE	2	L1M5
451	human	3	LTR	0	MER92B
452	human	4	DNA	1	Kanga2_a
453	human	3	LTR	2	MER41B
454	human	4	DNA	2	MER45B
455	human	3	LTR	0	LTR8
456	human	3	LTR	0	MLT2A2
457	human	4	DNA	2	Charlie1a
458	human	4	DNA	2	Arthur1
459	human	4	DNA	2	Arthur1
460	zebrafish	1	SINE	0	SINE3-1
461	human	4	DNA	3	Charlie5
462	human	2	LINE	3	L1PA11
463	human	2	LINE	1	L1PA15
464	human	2	LINE	1	L1PA17
465	zebrafish	1	SINE	0	SINE3-1
466	human	3	LTR	1	LTR8
467	zebrafish	1	SINE	0	SINE3-1
468	zebrafish	1	SINE	0	SINE3-1
469	zebrafish	1	SINE	0	SINE3-1
470	human	4	DNA	0	MER115
471	human	4	DNA	2	Charlie17
472	human	4	DNA	1	Tigger1
473	human	2	LINE	2	L1ME3D
474	human	2	LINE	3	L1PB4
475	human	2	LINE	1	L1PA16
476	human	4	DNA	2	Tigger13a
477	human	4	DNA	2	MER99
478	zebrafish	1	SINE	0	SINE3-1
479	zebrafish	1	SINE	0	SINE3-1a
