exp_id	model_key	window	stride	weight_mode	data_jsonl	model_dir	n_windows	variant	threshold	bp_tp	bp_fp	bp_fn	bp_tn	bp_precision	bp_recall	bp_f1	bp_positive_rate_true	bp_positive_rate_pred	bp_n	true_segments	pred_segments	segment_tp	segment_fp	segment_fn	segment_precision_iou50	segment_recall_iou50	segment_f1_iou50	mean_matched_iou	boundary_precision_100bp	boundary_recall_100bp	boundary_f1_100bp	median_boundary_error_bp	mean_pred_fragments_per_true_te	median_pred_fragments_per_true_te	split_true_te_rate	missed_true_te_rate	pred_short_fragment_rate	mean_pred_segment_len	chrom	path	threshold_dir
PIPE-TEFM-REPAIR-20260618	generanno	4096	2048	triangular	software_outputs/tefm_repair/PIPE-TEFM-REPAIR-20260618/data/human_H0_overlap_w4096_s2048/test/data.jsonl.gz	software_outputs/tefm_supp/PIPE-TEFM-SUPP-20260617/runs/TFSUPP_generanno_H0_w4096_seed42	3600	raw_threshold	0.35	3506131.0	280312.0	193989.0	3394416.0	0.9259695709139157	0.9475722409002951	0.9366463622893443	0.5017215270063872	0.5134265818088726	7374848.0	10744.0	21441.0	7552.0	13889.0	3192.0	0.35222237768760783	0.702903946388682	0.46928693490756557	0.8822261718681519	0.2978405857935731	0.5943782576321668	0.3968308218114029	5.0	1.3742553983618764	1.0	0.14091586001489204	0.05398361876396128	0.5936290284968052	176.59824635045007	WEIGHTED_MEAN	reports/tefm_repair/PIPE-TEFM-REPAIR-20260618/segment_threshold/thr_0.35/summary_w4096_s2048.tsv	thr_0.35
PIPE-TEFM-REPAIR-20260618	generanno	4096	2048	triangular	software_outputs/tefm_repair/PIPE-TEFM-REPAIR-20260618/data/human_H0_overlap_w4096_s2048/test/data.jsonl.gz	software_outputs/tefm_supp/PIPE-TEFM-SUPP-20260617/runs/TFSUPP_generanno_H0_w4096_seed42	3600	gap50_min80	0.35	3520466.0	339723.0	179654.0	3335005.0	0.9119931692463762	0.9514464395749327	0.9313021465127946	0.5017215270063872	0.5234262455307553	7374848.0	10744.0	6226.0	4734.0	1492.0	6010.0	0.760359781561195	0.44061801935964257	0.5579257513258692	0.8546641895135654	0.5812720848056537	0.3368391660461653	0.4265173836181497	8.0	0.9375465376023827	1.0	0.00781831720029784	0.07110945644080417	0.0	620.011082557019	WEIGHTED_MEAN	reports/tefm_repair/PIPE-TEFM-REPAIR-20260618/segment_threshold/thr_0.35/summary_w4096_s2048.tsv	thr_0.35
PIPE-TEFM-REPAIR-20260618	generanno	4096	2048	triangular	software_outputs/tefm_repair/PIPE-TEFM-REPAIR-20260618/data/human_H0_overlap_w4096_s2048/test/data.jsonl.gz	software_outputs/tefm_supp/PIPE-TEFM-SUPP-20260617/runs/TFSUPP_generanno_H0_w4096_seed42	3600	gap100_min100	0.35	3530231.0	427558.0	169889.0	3247170.0	0.8919704916052877	0.9540855431715728	0.9219830112893742	0.5017215270063872	0.5366604165943488	7374848.0	10744.0	4932.0	3402.0	1530.0	7342.0	0.6897810218978102	0.31664184661206257	0.43403929573870886	0.8422872154576729	0.4910786699107867	0.22542814594192107	0.30900739984689973	9.5	0.9299143708116158	1.0	0.003071481757259866	0.07352941176470588	0.0	802.4714111922141	WEIGHTED_MEAN	reports/tefm_repair/PIPE-TEFM-REPAIR-20260618/segment_threshold/thr_0.35/summary_w4096_s2048.tsv	thr_0.35
PIPE-TEFM-REPAIR-20260618	generanno	4096	2048	triangular	software_outputs/tefm_repair/PIPE-TEFM-REPAIR-20260618/data/human_H0_overlap_w4096_s2048/test/data.jsonl.gz	software_outputs/tefm_supp/PIPE-TEFM-SUPP-20260617/runs/TFSUPP_generanno_H0_w4096_seed42	3600	gap200_min100	0.35	3559327.0	625327.0	140793.0	3049401.0	0.8505666179330477	0.9619490719219917	0.9028355156406512	0.5017215270063872	0.5674224065363788	7374848.0	10744.0	3656.0	2082.0	1574.0	8662.0	0.5694748358862144	0.1937825763216679	0.2891666666666666	0.8272015926978513	0.3796498905908096	0.12918838421444528	0.1927777777777778	11.0	0.9402457185405808	1.0	0.0013030528667163069	0.06133655994043187	0.0	1144.5990153172866	WEIGHTED_MEAN	reports/tefm_repair/PIPE-TEFM-REPAIR-20260618/segment_threshold/thr_0.35/summary_w4096_s2048.tsv	thr_0.35
PIPE-TEFM-REPAIR-20260618	generanno	4096	2048	triangular	software_outputs/tefm_repair/PIPE-TEFM-REPAIR-20260618/data/human_H0_overlap_w4096_s2048/test/data.jsonl.gz	software_outputs/tefm_supp/PIPE-TEFM-SUPP-20260617/runs/TFSUPP_generanno_H0_w4096_seed42	3600	hmm_penalty2	0.35	3478038.0	233476.0	222082.0	3441252.0	0.9370941346307733	0.9399797844394235	0.9385347414618693	0.5017215270063872	0.5032665080012496	7374848.0	10744.0	9245.0	7335.0	1910.0	3409.0	0.7934018388318008	0.6827066269545793	0.7339036470058533	0.8829866331302895	0.6682531097890752	0.5750186150409531	0.618139976987343	4.5	0.9899478778853313	1.0	0.04560685033507074	0.06366344005956813	0.09378042184964847	401.46176311519747	WEIGHTED_MEAN	reports/tefm_repair/PIPE-TEFM-REPAIR-20260618/segment_threshold/thr_0.35/summary_w4096_s2048.tsv	thr_0.35
PIPE-TEFM-REPAIR-20260618	generanno	4096	2048	triangular	software_outputs/tefm_repair/PIPE-TEFM-REPAIR-20260618/data/human_H0_overlap_w4096_s2048/test/data.jsonl.gz	software_outputs/tefm_supp/PIPE-TEFM-SUPP-20260617/runs/TFSUPP_generanno_H0_w4096_seed42	3600	crf_style_penalty4	0.35	3478746.0	234676.0	221374.0	3440052.0	0.9368033043376164	0.9401711295849864	0.9384841955437765	0.5017215270063872	0.5035252251978617	7374848.0	10744.0	8796.0	7096.0	1700.0	3648.0	0.8067303319690768	0.6604616530156366	0.7263050153531219	0.8816278119225164	0.6756480218281037	0.5531459419210722	0.6082906857727738	4.5	0.9762658227848101	1.0	0.035461653015636634	0.06543186895011169	0.07628467485220555	422.1716689404275	WEIGHTED_MEAN	reports/tefm_repair/PIPE-TEFM-REPAIR-20260618/segment_threshold/thr_0.35/summary_w4096_s2048.tsv	thr_0.35
PIPE-TEFM-REPAIR-20260618	generanno	4096	2048	triangular	software_outputs/tefm_repair/PIPE-TEFM-REPAIR-20260618/data/human_H0_overlap_w4096_s2048/test/data.jsonl.gz	software_outputs/tefm_supp/PIPE-TEFM-SUPP-20260617/runs/TFSUPP_generanno_H0_w4096_seed42	3600	raw_threshold	0.4	3495963.0	262726.0	204157.0	3412002.0	0.9301016923719946	0.944824221917127	0.9374051540936362	0.5017215270063872	0.5096632500086782	7374848.0	10744.0	21274.0	7663.0	13611.0	3081.0	0.3602049450032904	0.7132352941176471	0.47866824910987577	0.8842699316514705	0.3059133214252139	0.6057334326135517	0.4065213317508901	4.5	1.390264333581534	1.0	0.15040953090096798	0.056217423678332094	0.5868195919902228	176.6799379524302	WEIGHTED_MEAN	reports/tefm_repair/PIPE-TEFM-REPAIR-20260618/segment_threshold/thr_0.4/summary_w4096_s2048.tsv	thr_0.4
PIPE-TEFM-REPAIR-20260618	generanno	4096	2048	triangular	software_outputs/tefm_repair/PIPE-TEFM-REPAIR-20260618/data/human_H0_overlap_w4096_s2048/test/data.jsonl.gz	software_outputs/tefm_supp/PIPE-TEFM-SUPP-20260617/runs/TFSUPP_generanno_H0_w4096_seed42	3600	gap50_min80	0.4	3510441.0	321376.0	189679.0	3353352.0	0.9161296063982178	0.9487370679869842	0.9321482641185129	0.5017215270063872	0.5195791153932935	7374848.0	10744.0	6261.0	4795.0	1466.0	5949.0	0.765852100303466	0.4462956068503351	0.5639517788885622	0.8556529957535804	0.5860086248203162	0.34149292628443784	0.4315201411349604	7.5	0.935126582278481	1.0	0.008749069247952346	0.07464631422189129	0.0	612.0135761060534	WEIGHTED_MEAN	reports/tefm_repair/PIPE-TEFM-REPAIR-20260618/segment_threshold/thr_0.4/summary_w4096_s2048.tsv	thr_0.4
PIPE-TEFM-REPAIR-20260618	generanno	4096	2048	triangular	software_outputs/tefm_repair/PIPE-TEFM-REPAIR-20260618/data/human_H0_overlap_w4096_s2048/test/data.jsonl.gz	software_outputs/tefm_supp/PIPE-TEFM-SUPP-20260617/runs/TFSUPP_generanno_H0_w4096_seed42	3600	gap100_min100	0.4	3521791.0	409426.0	178329.0	3265302.0	0.8958526074749881	0.9518045360691004	0.9229813858305563	0.5017215270063872	0.5330573592838794	7374848.0	10744.0	4953.0	3435.0	1518.0	7309.0	0.693519079345851	0.3197133283693224	0.437663247754348	0.844494840457906	0.4942459115687462	0.22784810126582278	0.3119067337707842	9.0	0.9265636634400596	1.0	0.003071481757259866	0.077066269545793	0.0	793.7042196648496	WEIGHTED_MEAN	reports/tefm_repair/PIPE-TEFM-REPAIR-20260618/segment_threshold/thr_0.4/summary_w4096_s2048.tsv	thr_0.4
PIPE-TEFM-REPAIR-20260618	generanno	4096	2048	triangular	software_outputs/tefm_repair/PIPE-TEFM-REPAIR-20260618/data/human_H0_overlap_w4096_s2048/test/data.jsonl.gz	software_outputs/tefm_supp/PIPE-TEFM-SUPP-20260617/runs/TFSUPP_generanno_H0_w4096_seed42	3600	gap200_min100	0.4	3552005.0	604290.0	148115.0	3070438.0	0.8546084914569346	0.9599702171821455	0.9042304918973858	0.5017215270063872	0.5635770391471119	7374848.0	10744.0	3684.0	2110.0	1574.0	8634.0	0.5727470141150923	0.19638868205510052	0.29248683116163016	0.8292411678282132	0.38327904451682954	0.1314221891288161	0.19573052398114782	10.5	0.9368950111690245	1.0	0.0013030528667163069	0.06487341772151899	0.0	1128.2016829533115	WEIGHTED_MEAN	reports/tefm_repair/PIPE-TEFM-REPAIR-20260618/segment_threshold/thr_0.4/summary_w4096_s2048.tsv	thr_0.4
PIPE-TEFM-REPAIR-20260618	generanno	4096	2048	triangular	software_outputs/tefm_repair/PIPE-TEFM-REPAIR-20260618/data/human_H0_overlap_w4096_s2048/test/data.jsonl.gz	software_outputs/tefm_supp/PIPE-TEFM-SUPP-20260617/runs/TFSUPP_generanno_H0_w4096_seed42	3600	hmm_penalty2	0.4	3478038.0	233476.0	222082.0	3441252.0	0.9370941346307733	0.9399797844394235	0.9385347414618693	0.5017215270063872	0.5032665080012496	7374848.0	10744.0	9245.0	7335.0	1910.0	3409.0	0.7934018388318008	0.6827066269545793	0.7339036470058533	0.8829866331302895	0.6682531097890752	0.5750186150409531	0.618139976987343	4.5	0.9899478778853313	1.0	0.04560685033507074	0.06366344005956813	0.09378042184964847	401.46176311519747	WEIGHTED_MEAN	reports/tefm_repair/PIPE-TEFM-REPAIR-20260618/segment_threshold/thr_0.4/summary_w4096_s2048.tsv	thr_0.4
PIPE-TEFM-REPAIR-20260618	generanno	4096	2048	triangular	software_outputs/tefm_repair/PIPE-TEFM-REPAIR-20260618/data/human_H0_overlap_w4096_s2048/test/data.jsonl.gz	software_outputs/tefm_supp/PIPE-TEFM-SUPP-20260617/runs/TFSUPP_generanno_H0_w4096_seed42	3600	crf_style_penalty4	0.4	3478746.0	234676.0	221374.0	3440052.0	0.9368033043376164	0.9401711295849864	0.9384841955437765	0.5017215270063872	0.5035252251978617	7374848.0	10744.0	8796.0	7096.0	1700.0	3648.0	0.8067303319690768	0.6604616530156366	0.7263050153531219	0.8816278119225164	0.6756480218281037	0.5531459419210722	0.6082906857727738	4.5	0.9762658227848101	1.0	0.035461653015636634	0.06543186895011169	0.07628467485220555	422.1716689404275	WEIGHTED_MEAN	reports/tefm_repair/PIPE-TEFM-REPAIR-20260618/segment_threshold/thr_0.4/summary_w4096_s2048.tsv	thr_0.4
PIPE-TEFM-REPAIR-20260618	generanno	4096	2048	triangular	software_outputs/tefm_repair/PIPE-TEFM-REPAIR-20260618/data/human_H0_overlap_w4096_s2048/test/data.jsonl.gz	software_outputs/tefm_supp/PIPE-TEFM-SUPP-20260617/runs/TFSUPP_generanno_H0_w4096_seed42	3600	raw_threshold	0.45	3486006.0	247067.0	214114.0	3427661.0	0.9338167241840704	0.9421332281115207	0.9379565416907646	0.5017215270063872	0.5061898224885448	7374848.0	10744.0	21283.0	7736.0	13547.0	3008.0	0.3634825917398863	0.720029784065525	0.48309239079526656	0.8849964357262993	0.309166940750834	0.6124348473566642	0.41090330034033784	4.5	1.412788533134773	1.0	0.15813477289650038	0.0578927773641102	0.5839872198468261	175.40163510783253	WEIGHTED_MEAN	reports/tefm_repair/PIPE-TEFM-REPAIR-20260618/segment_threshold/thr_0.45/summary_w4096_s2048.tsv	thr_0.45
PIPE-TEFM-REPAIR-20260618	generanno	4096	2048	triangular	software_outputs/tefm_repair/PIPE-TEFM-REPAIR-20260618/data/human_H0_overlap_w4096_s2048/test/data.jsonl.gz	software_outputs/tefm_supp/PIPE-TEFM-SUPP-20260617/runs/TFSUPP_generanno_H0_w4096_seed42	3600	gap50_min80	0.45	3501596.0	305087.0	198524.0	3369641.0	0.9198548972950992	0.9463466049749739	0.9329127193027446	0.5017215270063872	0.5161710451523882	7374848.0	10744.0	6278.0	4839.0	1439.0	5905.0	0.770786874800892	0.4503909158600149	0.5685583362707085	0.857373166347913	0.5892003822873526	0.34428518242740136	0.4346140289037716	7.5	0.931403574087863	1.0	0.008842144452717795	0.0781831720029784	0.0	606.3528193692258	WEIGHTED_MEAN	reports/tefm_repair/PIPE-TEFM-REPAIR-20260618/segment_threshold/thr_0.45/summary_w4096_s2048.tsv	thr_0.45
PIPE-TEFM-REPAIR-20260618	generanno	4096	2048	triangular	software_outputs/tefm_repair/PIPE-TEFM-REPAIR-20260618/data/human_H0_overlap_w4096_s2048/test/data.jsonl.gz	software_outputs/tefm_supp/PIPE-TEFM-SUPP-20260617/runs/TFSUPP_generanno_H0_w4096_seed42	3600	gap100_min100	0.45	3512431.0	389548.0	187689.0	3285180.0	0.9001665565088894	0.9492748883819985	0.924068734174601	0.5017215270063872	0.5290928029974312	7374848.0	10744.0	4990.0	3490.0	1500.0	7254.0	0.6993987975951904	0.3248324646314222	0.4436252701156731	0.8453185678237172	0.5004008016032064	0.23240878629932984	0.31740180500826237	9.0	0.9231198808637379	1.0	0.0034437825763216677	0.08088235294117647	0.0	781.9597194388779	WEIGHTED_MEAN	reports/tefm_repair/PIPE-TEFM-REPAIR-20260618/segment_threshold/thr_0.45/summary_w4096_s2048.tsv	thr_0.45
PIPE-TEFM-REPAIR-20260618	generanno	4096	2048	triangular	software_outputs/tefm_repair/PIPE-TEFM-REPAIR-20260618/data/human_H0_overlap_w4096_s2048/test/data.jsonl.gz	software_outputs/tefm_supp/PIPE-TEFM-SUPP-20260617/runs/TFSUPP_generanno_H0_w4096_seed42	3600	gap200_min100	0.45	3545879.0	589800.0	154241.0	3084928.0	0.8573873842723286	0.9583145952023178	0.9050459308616772	0.5017215270063872	0.5607815917019577	7374848.0	10744.0	3697.0	2137.0	1560.0	8607.0	0.5780362456045443	0.19890171258376768	0.29596288345682437	0.8294373352218471	0.3868001081958345	0.13309754281459418	0.19804722664635407	10.5	0.9354988830975428	1.0	0.0013030528667163069	0.0661764705882353	0.0	1118.6581011631051	WEIGHTED_MEAN	reports/tefm_repair/PIPE-TEFM-REPAIR-20260618/segment_threshold/thr_0.45/summary_w4096_s2048.tsv	thr_0.45
PIPE-TEFM-REPAIR-20260618	generanno	4096	2048	triangular	software_outputs/tefm_repair/PIPE-TEFM-REPAIR-20260618/data/human_H0_overlap_w4096_s2048/test/data.jsonl.gz	software_outputs/tefm_supp/PIPE-TEFM-SUPP-20260617/runs/TFSUPP_generanno_H0_w4096_seed42	3600	hmm_penalty2	0.45	3478038.0	233476.0	222082.0	3441252.0	0.9370941346307733	0.9399797844394235	0.9385347414618693	0.5017215270063872	0.5032665080012496	7374848.0	10744.0	9245.0	7335.0	1910.0	3409.0	0.7934018388318008	0.6827066269545793	0.7339036470058533	0.8829866331302895	0.6682531097890752	0.5750186150409531	0.618139976987343	4.5	0.9899478778853313	1.0	0.04560685033507074	0.06366344005956813	0.09378042184964847	401.46176311519747	WEIGHTED_MEAN	reports/tefm_repair/PIPE-TEFM-REPAIR-20260618/segment_threshold/thr_0.45/summary_w4096_s2048.tsv	thr_0.45
PIPE-TEFM-REPAIR-20260618	generanno	4096	2048	triangular	software_outputs/tefm_repair/PIPE-TEFM-REPAIR-20260618/data/human_H0_overlap_w4096_s2048/test/data.jsonl.gz	software_outputs/tefm_supp/PIPE-TEFM-SUPP-20260617/runs/TFSUPP_generanno_H0_w4096_seed42	3600	crf_style_penalty4	0.45	3478746.0	234676.0	221374.0	3440052.0	0.9368033043376164	0.9401711295849864	0.9384841955437765	0.5017215270063872	0.5035252251978617	7374848.0	10744.0	8796.0	7096.0	1700.0	3648.0	0.8067303319690768	0.6604616530156366	0.7263050153531219	0.8816278119225164	0.6756480218281037	0.5531459419210722	0.6082906857727738	4.5	0.9762658227848101	1.0	0.035461653015636634	0.06543186895011169	0.07628467485220555	422.1716689404275	WEIGHTED_MEAN	reports/tefm_repair/PIPE-TEFM-REPAIR-20260618/segment_threshold/thr_0.45/summary_w4096_s2048.tsv	thr_0.45
PIPE-TEFM-REPAIR-20260618	generanno	4096	2048	triangular	software_outputs/tefm_repair/PIPE-TEFM-REPAIR-20260618/data/human_H0_overlap_w4096_s2048/test/data.jsonl.gz	software_outputs/tefm_supp/PIPE-TEFM-SUPP-20260617/runs/TFSUPP_generanno_H0_w4096_seed42	3600	raw_threshold	0.5	3476413.0	232373.0	223707.0	3442355.0	0.937345266078981	0.9395406094937462	0.9384416538690057	0.5017215270063872	0.502896602072341	7374848.0	10744.0	21487.0	7844.0	13643.0	2900.0	0.3650579420114488	0.7300819061801936	0.4867363718159537	0.886554173555412	0.31144412900823754	0.6228592702903947	0.4152523967608823	4.0	1.4334512285927028	1.0	0.17190990320178703	0.060405807892777365	0.5837948527016336	172.6060408619165	WEIGHTED_MEAN	reports/tefm_repair/PIPE-TEFM-REPAIR-20260618/segment_threshold/thr_0.5/summary_w4096_s2048.tsv	thr_0.5
PIPE-TEFM-REPAIR-20260618	generanno	4096	2048	triangular	software_outputs/tefm_repair/PIPE-TEFM-REPAIR-20260618/data/human_H0_overlap_w4096_s2048/test/data.jsonl.gz	software_outputs/tefm_supp/PIPE-TEFM-SUPP-20260617/runs/TFSUPP_generanno_H0_w4096_seed42	3600	gap50_min80	0.5	3492915.0	289929.0	207205.0	3384799.0	0.9233568711794619	0.9440004648497886	0.9335645607809953	0.5017215270063872	0.5129385717509025	7374848.0	10744.0	6323.0	4892.0	1431.0	5852.0	0.7736833781432864	0.45532390171258375	0.573270053319271	0.8582309940581185	0.5927566028783805	0.3488458674609084	0.4392101716763344	7.0	0.9289836187639613	1.0	0.009307520476545048	0.08106850335070737	0.0	598.2672781907322	WEIGHTED_MEAN	reports/tefm_repair/PIPE-TEFM-REPAIR-20260618/segment_threshold/thr_0.5/summary_w4096_s2048.tsv	thr_0.5
PIPE-TEFM-REPAIR-20260618	generanno	4096	2048	triangular	software_outputs/tefm_repair/PIPE-TEFM-REPAIR-20260618/data/human_H0_overlap_w4096_s2048/test/data.jsonl.gz	software_outputs/tefm_supp/PIPE-TEFM-SUPP-20260617/runs/TFSUPP_generanno_H0_w4096_seed42	3600	gap100_min100	0.5	3505243.0	374597.0	194877.0	3300131.0	0.9034504000164956	0.9473322486838265	0.9248711074992481	0.5017215270063872	0.5260908428214385	7374848.0	10744.0	5018.0	3538.0	1480.0	7206.0	0.7050617776006377	0.3293000744601638	0.44892780104047697	0.8472083934049257	0.5059784774810682	0.23631794489947877	0.3221672376601954	9.0	0.9196760982874163	1.0	0.003536857781087118	0.08413998510796723	0.0	773.1845356715824	WEIGHTED_MEAN	reports/tefm_repair/PIPE-TEFM-REPAIR-20260618/segment_threshold/thr_0.5/summary_w4096_s2048.tsv	thr_0.5
PIPE-TEFM-REPAIR-20260618	generanno	4096	2048	triangular	software_outputs/tefm_repair/PIPE-TEFM-REPAIR-20260618/data/human_H0_overlap_w4096_s2048/test/data.jsonl.gz	software_outputs/tefm_supp/PIPE-TEFM-SUPP-20260617/runs/TFSUPP_generanno_H0_w4096_seed42	3600	gap200_min100	0.5	3539781.0	574378.0	160339.0	3100350.0	0.8603899363150525	0.956666540544631	0.9059776340210018	0.5017215270063872	0.5578635654592474	7374848.0	10744.0	3722.0	2167.0	1555.0	8577.0	0.5822138635142396	0.2016939687267312	0.2995990598645099	0.8299654230516891	0.3895754970445997	0.1349590469099032	0.20047006774505735	10.5	0.9329858525688757	1.0	0.0012099776619508562	0.0684102755026061	0.0	1105.3624395486297	WEIGHTED_MEAN	reports/tefm_repair/PIPE-TEFM-REPAIR-20260618/segment_threshold/thr_0.5/summary_w4096_s2048.tsv	thr_0.5
PIPE-TEFM-REPAIR-20260618	generanno	4096	2048	triangular	software_outputs/tefm_repair/PIPE-TEFM-REPAIR-20260618/data/human_H0_overlap_w4096_s2048/test/data.jsonl.gz	software_outputs/tefm_supp/PIPE-TEFM-SUPP-20260617/runs/TFSUPP_generanno_H0_w4096_seed42	3600	hmm_penalty2	0.5	3478038.0	233476.0	222082.0	3441252.0	0.9370941346307733	0.9399797844394235	0.9385347414618693	0.5017215270063872	0.5032665080012496	7374848.0	10744.0	9245.0	7335.0	1910.0	3409.0	0.7934018388318008	0.6827066269545793	0.7339036470058533	0.8829866331302895	0.6682531097890752	0.5750186150409531	0.618139976987343	4.5	0.9899478778853313	1.0	0.04560685033507074	0.06366344005956813	0.09378042184964847	401.46176311519747	WEIGHTED_MEAN	reports/tefm_repair/PIPE-TEFM-REPAIR-20260618/segment_threshold/thr_0.5/summary_w4096_s2048.tsv	thr_0.5
PIPE-TEFM-REPAIR-20260618	generanno	4096	2048	triangular	software_outputs/tefm_repair/PIPE-TEFM-REPAIR-20260618/data/human_H0_overlap_w4096_s2048/test/data.jsonl.gz	software_outputs/tefm_supp/PIPE-TEFM-SUPP-20260617/runs/TFSUPP_generanno_H0_w4096_seed42	3600	crf_style_penalty4	0.5	3478746.0	234676.0	221374.0	3440052.0	0.9368033043376164	0.9401711295849864	0.9384841955437765	0.5017215270063872	0.5035252251978617	7374848.0	10744.0	8796.0	7096.0	1700.0	3648.0	0.8067303319690768	0.6604616530156366	0.7263050153531219	0.8816278119225164	0.6756480218281037	0.5531459419210722	0.6082906857727738	4.5	0.9762658227848101	1.0	0.035461653015636634	0.06543186895011169	0.07628467485220555	422.1716689404275	WEIGHTED_MEAN	reports/tefm_repair/PIPE-TEFM-REPAIR-20260618/segment_threshold/thr_0.5/summary_w4096_s2048.tsv	thr_0.5
PIPE-TEFM-REPAIR-20260618	generanno	4096	2048	triangular	software_outputs/tefm_repair/PIPE-TEFM-REPAIR-20260618/data/human_H0_overlap_w4096_s2048/test/data.jsonl.gz	software_outputs/tefm_supp/PIPE-TEFM-SUPP-20260617/runs/TFSUPP_generanno_H0_w4096_seed42	3600	raw_threshold	0.55	3466425.0	218559.0	233695.0	3456169.0	0.9406892947160692	0.9368412375814839	0.9387613227924752	0.5017215270063872	0.49966914572341015	7374848.0	10744.0	21790.0	7914.0	13876.0	2830.0	0.36319412574575494	0.7365971705137752	0.48650642404868755	0.8879201394914911	0.31110601193207893	0.6309568131049889	0.41673326366262986	4.0	1.4612807148175726	1.0	0.1823343261355175	0.06180193596425912	0.5871959614502065	169.11353832033043	WEIGHTED_MEAN	reports/tefm_repair/PIPE-TEFM-REPAIR-20260618/segment_threshold/thr_0.55/summary_w4096_s2048.tsv	thr_0.55
PIPE-TEFM-REPAIR-20260618	generanno	4096	2048	triangular	software_outputs/tefm_repair/PIPE-TEFM-REPAIR-20260618/data/human_H0_overlap_w4096_s2048/test/data.jsonl.gz	software_outputs/tefm_supp/PIPE-TEFM-SUPP-20260617/runs/TFSUPP_generanno_H0_w4096_seed42	3600	gap50_min80	0.55	3483707.0	275190.0	216413.0	3399538.0	0.9267896938915857	0.9415118969114515	0.934092789974872	0.5017215270063872	0.5096914539797973	7374848.0	10744.0	6375.0	4950.0	1425.0	5794.0	0.7764705882352941	0.4607222635889799	0.578304807523804	0.8598847599523071	0.5984313725490196	0.3550819061801936	0.44570360418248733	7.0	0.9271221146686522	1.0	0.010238272524199553	0.08395383469843634	0.0	589.6309019607843	WEIGHTED_MEAN	reports/tefm_repair/PIPE-TEFM-REPAIR-20260618/segment_threshold/thr_0.55/summary_w4096_s2048.tsv	thr_0.55
PIPE-TEFM-REPAIR-20260618	generanno	4096	2048	triangular	software_outputs/tefm_repair/PIPE-TEFM-REPAIR-20260618/data/human_H0_overlap_w4096_s2048/test/data.jsonl.gz	software_outputs/tefm_supp/PIPE-TEFM-SUPP-20260617/runs/TFSUPP_generanno_H0_w4096_seed42	3600	gap100_min100	0.55	3497211.0	361340.0	202909.0	3313388.0	0.9063534471878174	0.9451615082754072	0.9253507660275199	0.5017215270063872	0.5232041392581922	7374848.0	10744.0	5029.0	3555.0	1474.0	7189.0	0.7068999801153311	0.33088235294117646	0.45077030368350984	0.8484261879418157	0.509246371047922	0.2383655994043187	0.32473213719647503	8.5	0.9170699925539836	1.0	0.003629932985852569	0.08702531645569621	0.0	767.2600914694771	WEIGHTED_MEAN	reports/tefm_repair/PIPE-TEFM-REPAIR-20260618/segment_threshold/thr_0.55/summary_w4096_s2048.tsv	thr_0.55
PIPE-TEFM-REPAIR-20260618	generanno	4096	2048	triangular	software_outputs/tefm_repair/PIPE-TEFM-REPAIR-20260618/data/human_H0_overlap_w4096_s2048/test/data.jsonl.gz	software_outputs/tefm_supp/PIPE-TEFM-SUPP-20260617/runs/TFSUPP_generanno_H0_w4096_seed42	3600	gap200_min100	0.55	3534275.0	559635.0	165845.0	3115093.0	0.86330060993036	0.9551784806979234	0.906918500442005	0.5017215270063872	0.5551178817515968	7374848.0	10744.0	3747.0	2198.0	1549.0	8546.0	0.5866026154256738	0.20457930007446015	0.3033607066455041	0.8298289850029079	0.392580731251668	0.13691362620997766	0.2030225657304534	11.0	0.931403574087863	1.0	0.0012099776619508562	0.07017870439314966	0.0	1092.583400053376	WEIGHTED_MEAN	reports/tefm_repair/PIPE-TEFM-REPAIR-20260618/segment_threshold/thr_0.55/summary_w4096_s2048.tsv	thr_0.55
PIPE-TEFM-REPAIR-20260618	generanno	4096	2048	triangular	software_outputs/tefm_repair/PIPE-TEFM-REPAIR-20260618/data/human_H0_overlap_w4096_s2048/test/data.jsonl.gz	software_outputs/tefm_supp/PIPE-TEFM-SUPP-20260617/runs/TFSUPP_generanno_H0_w4096_seed42	3600	hmm_penalty2	0.55	3478038.0	233476.0	222082.0	3441252.0	0.9370941346307733	0.9399797844394235	0.9385347414618693	0.5017215270063872	0.5032665080012496	7374848.0	10744.0	9245.0	7335.0	1910.0	3409.0	0.7934018388318008	0.6827066269545793	0.7339036470058533	0.8829866331302895	0.6682531097890752	0.5750186150409531	0.618139976987343	4.5	0.9899478778853313	1.0	0.04560685033507074	0.06366344005956813	0.09378042184964847	401.46176311519747	WEIGHTED_MEAN	reports/tefm_repair/PIPE-TEFM-REPAIR-20260618/segment_threshold/thr_0.55/summary_w4096_s2048.tsv	thr_0.55
PIPE-TEFM-REPAIR-20260618	generanno	4096	2048	triangular	software_outputs/tefm_repair/PIPE-TEFM-REPAIR-20260618/data/human_H0_overlap_w4096_s2048/test/data.jsonl.gz	software_outputs/tefm_supp/PIPE-TEFM-SUPP-20260617/runs/TFSUPP_generanno_H0_w4096_seed42	3600	crf_style_penalty4	0.55	3478746.0	234676.0	221374.0	3440052.0	0.9368033043376164	0.9401711295849864	0.9384841955437765	0.5017215270063872	0.5035252251978617	7374848.0	10744.0	8796.0	7096.0	1700.0	3648.0	0.8067303319690768	0.6604616530156366	0.7263050153531219	0.8816278119225164	0.6756480218281037	0.5531459419210722	0.6082906857727738	4.5	0.9762658227848101	1.0	0.035461653015636634	0.06543186895011169	0.07628467485220555	422.1716689404275	WEIGHTED_MEAN	reports/tefm_repair/PIPE-TEFM-REPAIR-20260618/segment_threshold/thr_0.55/summary_w4096_s2048.tsv	thr_0.55
PIPE-TEFM-REPAIR-20260618	generanno	4096	2048	triangular	software_outputs/tefm_repair/PIPE-TEFM-REPAIR-20260618/data/human_H0_overlap_w4096_s2048/test/data.jsonl.gz	software_outputs/tefm_supp/PIPE-TEFM-SUPP-20260617/runs/TFSUPP_generanno_H0_w4096_seed42	3600	raw_threshold	0.6	3455510.0	205030.0	244610.0	3469698.0	0.9439891382145804	0.9338913332540566	0.9389130865982127	0.5017215270063872	0.49635463673285196	7374848.0	10744.0	22183.0	7978.0	14205.0	2766.0	0.359644773024388	0.742553983618764	0.48458711695568973	0.8883907729219641	0.30775819321101744	0.6354244229337305	0.414674886870957	4.0	1.5131236038719285	1.0	0.19257259865971704	0.06310498883097543	0.5909480232610558	165.01555245007438	WEIGHTED_MEAN	reports/tefm_repair/PIPE-TEFM-REPAIR-20260618/segment_threshold/thr_0.6/summary_w4096_s2048.tsv	thr_0.6
PIPE-TEFM-REPAIR-20260618	generanno	4096	2048	triangular	software_outputs/tefm_repair/PIPE-TEFM-REPAIR-20260618/data/human_H0_overlap_w4096_s2048/test/data.jsonl.gz	software_outputs/tefm_supp/PIPE-TEFM-SUPP-20260617/runs/TFSUPP_generanno_H0_w4096_seed42	3600	gap50_min80	0.6	3474436.0	261910.0	225684.0	3412818.0	0.9299021022143025	0.9390063024982973	0.9344320272559574	0.5017215270063872	0.5066336282456262	7374848.0	10744.0	6405.0	5021.0	1384.0	5723.0	0.7839188134270102	0.4673306031273269	0.5855735028281532	0.8595610017650569	0.6040593286494926	0.3601079672375279	0.4512216455770015	7.0	0.9261913626209978	1.0	0.01144825018615041	0.08618763961280715	0.0	583.3483216237314	WEIGHTED_MEAN	reports/tefm_repair/PIPE-TEFM-REPAIR-20260618/segment_threshold/thr_0.6/summary_w4096_s2048.tsv	thr_0.6
PIPE-TEFM-REPAIR-20260618	generanno	4096	2048	triangular	software_outputs/tefm_repair/PIPE-TEFM-REPAIR-20260618/data/human_H0_overlap_w4096_s2048/test/data.jsonl.gz	software_outputs/tefm_supp/PIPE-TEFM-SUPP-20260617/runs/TFSUPP_generanno_H0_w4096_seed42	3600	gap100_min100	0.6	3488635.0	346711.0	211485.0	3328017.0	0.9096011155186521	0.9428437456082506	0.925924156515337	0.5017215270063872	0.5200576337302139	7374848.0	10744.0	5042.0	3584.0	1458.0	7160.0	0.7108290360967869	0.33358153387937456	0.45407322944381096	0.8487081984579701	0.5115033716779056	0.2400409530900968	0.3267452172811352	8.5	0.9141846612062546	1.0	0.003629932985852569	0.08991064780342517	0.0	760.6794922649742	WEIGHTED_MEAN	reports/tefm_repair/PIPE-TEFM-REPAIR-20260618/segment_threshold/thr_0.6/summary_w4096_s2048.tsv	thr_0.6
PIPE-TEFM-REPAIR-20260618	generanno	4096	2048	triangular	software_outputs/tefm_repair/PIPE-TEFM-REPAIR-20260618/data/human_H0_overlap_w4096_s2048/test/data.jsonl.gz	software_outputs/tefm_supp/PIPE-TEFM-SUPP-20260617/runs/TFSUPP_generanno_H0_w4096_seed42	3600	gap200_min100	0.6	3527069.0	542968.0	173051.0	3131760.0	0.8665938417758856	0.9532309762926607	0.9078501245212935	0.5017215270063872	0.5518807980856012	7374848.0	10744.0	3766.0	2228.0	1538.0	8516.0	0.5916091343600637	0.20737155621742367	0.3070985527222605	0.8306357777515969	0.3961763143919278	0.13886820551005213	0.2056512749827705	10.5	0.9297282204020849	1.0	0.0013030528667163069	0.07194713328369322	0.0	1080.7320764737121	WEIGHTED_MEAN	reports/tefm_repair/PIPE-TEFM-REPAIR-20260618/segment_threshold/thr_0.6/summary_w4096_s2048.tsv	thr_0.6
PIPE-TEFM-REPAIR-20260618	generanno	4096	2048	triangular	software_outputs/tefm_repair/PIPE-TEFM-REPAIR-20260618/data/human_H0_overlap_w4096_s2048/test/data.jsonl.gz	software_outputs/tefm_supp/PIPE-TEFM-SUPP-20260617/runs/TFSUPP_generanno_H0_w4096_seed42	3600	hmm_penalty2	0.6	3478038.0	233476.0	222082.0	3441252.0	0.9370941346307733	0.9399797844394235	0.9385347414618693	0.5017215270063872	0.5032665080012496	7374848.0	10744.0	9245.0	7335.0	1910.0	3409.0	0.7934018388318008	0.6827066269545793	0.7339036470058533	0.8829866331302895	0.6682531097890752	0.5750186150409531	0.618139976987343	4.5	0.9899478778853313	1.0	0.04560685033507074	0.06366344005956813	0.09378042184964847	401.46176311519747	WEIGHTED_MEAN	reports/tefm_repair/PIPE-TEFM-REPAIR-20260618/segment_threshold/thr_0.6/summary_w4096_s2048.tsv	thr_0.6
PIPE-TEFM-REPAIR-20260618	generanno	4096	2048	triangular	software_outputs/tefm_repair/PIPE-TEFM-REPAIR-20260618/data/human_H0_overlap_w4096_s2048/test/data.jsonl.gz	software_outputs/tefm_supp/PIPE-TEFM-SUPP-20260617/runs/TFSUPP_generanno_H0_w4096_seed42	3600	crf_style_penalty4	0.6	3478746.0	234676.0	221374.0	3440052.0	0.9368033043376164	0.9401711295849864	0.9384841955437765	0.5017215270063872	0.5035252251978617	7374848.0	10744.0	8796.0	7096.0	1700.0	3648.0	0.8067303319690768	0.6604616530156366	0.7263050153531219	0.8816278119225164	0.6756480218281037	0.5531459419210722	0.6082906857727738	4.5	0.9762658227848101	1.0	0.035461653015636634	0.06543186895011169	0.07628467485220555	422.1716689404275	WEIGHTED_MEAN	reports/tefm_repair/PIPE-TEFM-REPAIR-20260618/segment_threshold/thr_0.6/summary_w4096_s2048.tsv	thr_0.6
