feature_set	split	species	species_group	action	deployed_anchor_or_shortlist	top1_anchor	top2_anchors	true_best_anchor	top1_contains_best	top2_contains_best	top1_actual_te_f1	top2_probe_actual_te_f1	true_best_te_f1	top1_regret	top2_probe_regret	deployed_regret	pred_top1_score	pred_top2_score	pred_margin	pred_top1_sd	risk_bin	abstain	local_probe_recommended	confidently_wrong_single_anchor
baseline_plus_kmer	leave_species_out	brachypodium	plant	top2_shortlist_local_probe	plant,cross	plant	plant,cross	cross	0	1	0.7765195434514967	0.8175422271365038	0.8175422271365038	0.041022683685007166	0.0	0.0	0.9140594515152671	0.9093855255234901	0.004673925991777073	0.07122215628313534	high_ge0.80	0	1	0
baseline_plus_kmer	leave_species_out	c_elegans	other	top2_shortlist_local_probe	cross,animal	cross	cross,animal	animal	0	1	0.8952111633807284	0.9053972034713066	0.9053972034713066	0.010186040090578219	0.0	0.0	0.6831777850381159	0.5948565825749331	0.08832120246318276	0.2125605793130526	medium_0.60_0.80	0	1	0
baseline_plus_kmer	leave_species_out	cattle	vertebrate	top2_shortlist_local_probe	animal,cross	animal	animal,cross	animal	1	1	0.9216935615407684	0.9216935615407684	0.9216935615407684	0.0	0.0	0.0	0.6784837181713974	0.6473530860445982	0.03113063212679923	0.24076081600542035	medium_0.60_0.80	0	1	0
baseline_plus_kmer	leave_species_out	chicken	vertebrate	top2_shortlist_local_probe	human_h0_ntv2_500m,human_h0_ntv3_100m	human_h0_ntv2_500m	human_h0_ntv2_500m,human_h0_ntv3_100m	human_h0_ntv2_500m	1	1	0.8516226680157541	0.8516226680157541	0.8516226680157541	0.0	0.0	0.0	0.5271605632718803	0.5217499600964927	0.005410603175387663	0.2645781075632283	low_0.40_0.60	0	1	0
baseline_plus_kmer	leave_species_out	fruit_fly	insect	top2_shortlist_local_probe	insect,insect	insect	insect,insect	insect	1	1	0.944818571090276	0.944818571090276	0.944818571090276	0.0	0.0	0.0	0.6535233364815197	0.6535233364815197	0.0	0.23497064949131374	medium_0.60_0.80	0	1	0
baseline_plus_kmer	leave_species_out	horse	vertebrate	top2_shortlist_local_probe	cross,animal	cross	cross,animal	cross	1	1	0.8925601404845789	0.8925601404845789	0.8925601404845789	0.0	0.0	0.0	0.763611739568452	0.7294952749738179	0.03411646459463402	0.2279642755486205	medium_0.60_0.80	0	1	0
baseline_plus_kmer	leave_species_out	human	vertebrate	top2_shortlist_local_probe	human_h0_ntv2_500m,animal	human_h0_ntv2_500m	human_h0_ntv2_500m,animal	human_h0_ntv2_500m	1	1	0.961411324419745	0.961411324419745	0.961411324419745	0.0	0.0	0.0	0.7296249898095004	0.6302840490931908	0.09934094071630961	0.23205169943141696	medium_0.60_0.80	0	1	0
baseline_plus_kmer	leave_species_out	lizard	vertebrate	top2_shortlist_local_probe	animal,animal	animal	animal,animal	animal	1	1	0.2416400416987031	0.2416400416987031	0.2416400416987031	0.0	0.0	0.0	0.4797885383750024	0.4797885383750024	0.0	0.17242034573188375	low_0.40_0.60	0	1	0
baseline_plus_kmer	leave_species_out	maize	plant	top2_shortlist_local_probe	plant,cross	plant	plant,cross	cross	0	1	0.9619894139220538	0.9629892479990332	0.9629892479990332	0.0009998340769793446	0.0	0.0	0.8119810843614194	0.6542611274442819	0.15771995691713747	0.07907587683267595	high_ge0.80	0	1	0
baseline_plus_kmer	leave_species_out	mouse	vertebrate	top2_shortlist_local_probe	human_h0_ntv3_100m,human_h0_ntv2_500m	human_h0_ntv3_100m	human_h0_ntv3_100m,human_h0_ntv2_500m	human_h0_ntv2_500m	0	1	0.7771925460040144	0.937559801228433	0.937559801228433	0.16036725522441853	0.0	0.0	0.4149347967806087	0.4128744265386125	0.002060370241996179	0.22892038923234254	low_0.40_0.60	0	1	0
baseline_plus_kmer	leave_species_out	opossum	vertebrate	top2_shortlist_local_probe	animal,cross	animal	animal,cross	animal	1	1	0.8811419601553324	0.8811419601553324	0.8811419601553324	0.0	0.0	0.0	0.4740351156262024	0.43128008313726185	0.042755032488940525	0.2941334813556698	low_0.40_0.60	0	1	0
baseline_plus_kmer	leave_species_out	pig	vertebrate	top2_shortlist_local_probe	animal,cross	animal	animal,cross	animal	1	1	0.8761131743803473	0.8761131743803473	0.8761131743803473	0.0	0.0	0.0	0.8237743895942031	0.8139585734322256	0.009815816161977575	0.16762875872616198	high_ge0.80	0	1	0
baseline_plus_kmer	leave_species_out	red_flour_beetle	insect	top2_shortlist_local_probe	plant,plant	plant	plant,plant	insect	0	0	0.0023709296255628	0.0023709296255628	0.0059299524368398	0.0035590228112770002	0.0035590228112770002	0.0035590228112770002	0.17221811915064492	0.17221811915064492	0.0	0.2798379716725203	very_low_lt0.40	0	1	0
baseline_plus_kmer	leave_species_out	rice	plant	top2_shortlist_local_probe	plant,cross	plant	plant,cross	cross	0	1	0.8707687905287769	0.8757886614942711	0.8757886614942711	0.0050198709654942775	0.0	0.0	0.8471890516436121	0.846820592193661	0.00036845944995111957	0.07546281481252139	high_ge0.80	0	1	0
baseline_plus_kmer	leave_species_out	sorghum	plant	top2_shortlist_local_probe	plant,cross	plant	plant,cross	cross	0	1	0.9087078620701828	0.9154621597006132	0.9154621597006132	0.006754297630430339	0.0	0.0	0.8145807215429358	0.81364532022104	0.0009354013218958457	0.08296791613368673	high_ge0.80	0	1	0
baseline_plus_kmer	leave_species_out	soybean	plant	top2_shortlist_local_probe	cross,cross	cross	cross,cross	animal	0	0	0.4136761357660033	0.4136761357660033	0.5650860204945004	0.1514098847284971	0.1514098847284971	0.1514098847284971	0.63698839910911	0.63698839910911	0.0	0.2894906391616279	medium_0.60_0.80	0	1	0
baseline_plus_kmer	leave_species_out	teosinte	plant	top2_shortlist_local_probe	cross,cross	cross	cross,cross	plant	0	0	0.9299634062638152	0.9299634062638152	0.9308197551982428	0.0008563489344275421	0.0008563489344275421	0.0008563489344275421	0.4866856440870989	0.4866856440870989	0.0	0.22343243732360227	low_0.40_0.60	0	1	0
baseline_plus_kmer	leave_species_out	thale_cress	plant	top2_shortlist_local_probe	insect,cross	insect	insect,cross	cross	0	1	0.1382559591838703	0.7121875392581978	0.7121875392581978	0.5739315800743274	0.0	0.0	0.6184040271715187	0.5883126996746948	0.03009132749682386	0.1660995921822287	medium_0.60_0.80	0	1	0
baseline_plus_kmer	leave_species_out	western_clawed_frog	vertebrate	top2_shortlist_local_probe	human_h0_ntv3_100m,human_h0_ntv2_500m	human_h0_ntv3_100m	human_h0_ntv3_100m,human_h0_ntv2_500m	human_h0_ntv2_500m	0	1	0.5191597065847986	0.7676709570719781	0.7676709570719781	0.24851125048717948	0.0	0.0	0.49724852016520266	0.4769278825283631	0.020320637636839556	0.24663735907131867	low_0.40_0.60	0	1	0
baseline_plus_kmer	leave_species_out	western_honey_bee	insect	top2_shortlist_local_probe	insect,insect	insect	insect,insect	insect	1	1	0.946524064171123	0.946524064171123	0.946524064171123	0.0	0.0	0.0	0.3818386888539652	0.3818386888539652	0.0	0.39119565138698137	very_low_lt0.40	0	1	0
baseline_plus_kmer	leave_species_out	x_laevis	vertebrate	top2_shortlist_local_probe	animal,animal	animal	animal,animal	animal	1	1	0.4013777654205557	0.4013777654205557	0.4013777654205557	0.0	0.0	0.0	0.5680372526502248	0.5680372526502248	0.0	0.2663138054702888	low_0.40_0.60	0	1	0
baseline_plus_kmer	leave_species_out	zebrafish	vertebrate	top2_shortlist_local_probe	human_h0_ntv3_100m,human_h0_ntv2_500m	human_h0_ntv3_100m	human_h0_ntv3_100m,human_h0_ntv2_500m	human_h0_ntv2_500m	0	1	0.5214699959942013	0.8151318178516959	0.8151318178516959	0.29366182185749456	0.0	0.0	0.3041022408920138	0.27107583704386884	0.03302640384814498	0.20715516161026398	very_low_lt0.40	0	1	0
baseline_plus_kmer	leave_clade_out	brachypodium	plant	abstain_require_local_probe		cross	cross,animal	cross	1	1	0.8175422271365038	0.8175422271365038	0.8175422271365038	0.0	0.0	nan	0.8635966298036666	0.8606902654961733	0.0029063643074932477	0.1264758440626319	high_ge0.80	1	1	0
baseline_plus_kmer	leave_clade_out	c_elegans	other	abstain_require_local_probe		cross	cross,animal	animal	0	1	0.8952111633807284	0.9053972034713066	0.9053972034713066	0.010186040090578219	0.0	nan	0.6831777850381159	0.5948565825749331	0.08832120246318276	0.2125605793130526	medium_0.60_0.80	1	1	0
baseline_plus_kmer	leave_clade_out	cattle	vertebrate	abstain_require_local_probe		insect	insect,animal	animal	0	1	0.2681289424464008	0.9216935615407684	0.9216935615407684	0.6535646190943676	0.0	nan	0.2578196091373287	0.23688524810853995	0.02093436102878876	0.3208601003430282	very_low_lt0.40	1	1	0
baseline_plus_kmer	leave_clade_out	chicken	vertebrate	abstain_require_local_probe		human_h0_ntv2_250m	human_h0_ntv2_250m,human_h0_ntv3_100m	human_h0_ntv2_500m	0	0	0.843436719033926	0.843436719033926	0.8516226680157541	0.008185948981828117	0.008185948981828117	nan	0.7446249391812991	0.7446249391812991	0.0	0.14046760235859204	medium_0.60_0.80	1	1	0
baseline_plus_kmer	leave_clade_out	fruit_fly	insect	abstain_require_local_probe		cross	cross,animal	insect	0	0	0.942393180917196	0.9437257723304636	0.944818571090276	0.0024253901730799665	0.0010927987598123856	nan	0.8566408287968765	0.8214257377253285	0.03521509107154808	0.08924089623802794	high_ge0.80	1	1	0
baseline_plus_kmer	leave_clade_out	horse	vertebrate	abstain_require_local_probe		insect	insect,animal	cross	0	0	0.1869044858967403	0.8913728851560259	0.8925601404845789	0.7056556545878385	0.0011872553285530163	nan	0.2578196091373287	0.2391892049447733	0.018630404192555405	0.3208601003430282	very_low_lt0.40	1	1	0
baseline_plus_kmer	leave_clade_out	human	vertebrate	abstain_require_local_probe		human_h0_ntv2_500m	human_h0_ntv2_500m,animal	human_h0_ntv2_500m	1	1	0.961411324419745	0.961411324419745	0.961411324419745	0.0	0.0	nan	0.8625300410775849	0.263041873643757	0.5994881674338279	0.057287104180775095	high_ge0.80	1	1	0
baseline_plus_kmer	leave_clade_out	lizard	vertebrate	abstain_require_local_probe		cross	cross,cross	animal	0	0	0.2400380045378313	0.2400380045378313	0.2416400416987031	0.0016020371608717887	0.0016020371608717887	nan	0.7499615359761976	0.7499615359761976	0.0	0.15691492591752684	medium_0.60_0.80	1	1	0
baseline_plus_kmer	leave_clade_out	maize	plant	abstain_require_local_probe		cross	cross,plant	cross	1	1	0.9629892479990332	0.9629892479990332	0.9629892479990332	0.0	0.0	nan	0.8573858729709952	0.8544885863320384	0.002897286638956831	0.13152327422297846	high_ge0.80	1	1	0
baseline_plus_kmer	leave_clade_out	mouse	vertebrate	abstain_require_local_probe		human_h0_ntv3_100m	human_h0_ntv3_100m,human_h0_ntv2_500m	human_h0_ntv2_500m	0	1	0.7771925460040144	0.937559801228433	0.937559801228433	0.16036725522441853	0.0	nan	0.314930432082432	0.29659816269235667	0.018332269390075318	0.16505280290752666	very_low_lt0.40	1	1	0
baseline_plus_kmer	leave_clade_out	opossum	vertebrate	abstain_require_local_probe		cross	cross,animal	animal	0	1	0.8799647530707007	0.8811419601553324	0.8811419601553324	0.0011772070846317595	0.0	nan	0.4064159114015239	0.3989436991729489	0.00747221222857497	0.3661437004711911	low_0.40_0.60	1	1	0
baseline_plus_kmer	leave_clade_out	pig	vertebrate	abstain_require_local_probe		insect	insect,animal	animal	0	1	0.1493562637371058	0.8761131743803473	0.8761131743803473	0.7267569106432414	0.0	nan	0.2578196091373287	0.24265994070046765	0.015159668436861062	0.3208601003430282	very_low_lt0.40	1	1	0
baseline_plus_kmer	leave_clade_out	red_flour_beetle	insect	abstain_require_local_probe		cross	cross,cross	insect	0	0	0.0030871384254842	0.0030871384254842	0.0059299524368398	0.0028428140113556	0.0028428140113556	nan	0.6946615882355177	0.6946615882355177	0.0	0.23360415505365562	medium_0.60_0.80	1	1	0
baseline_plus_kmer	leave_clade_out	rice	plant	abstain_require_local_probe		cross	cross,animal	cross	1	1	0.8757886614942711	0.8757886614942711	0.8757886614942711	0.0	0.0	nan	0.8630965638590276	0.8623216981984242	0.0007748656606033633	0.12561187088715828	high_ge0.80	1	1	0
baseline_plus_kmer	leave_clade_out	sorghum	plant	abstain_require_local_probe		cross	cross,animal	cross	1	1	0.9154621597006132	0.9154621597006132	0.9154621597006132	0.0	0.0	nan	0.8630965638590276	0.8625649841566114	0.0005315797024161295	0.12561187088715828	high_ge0.80	1	1	0
baseline_plus_kmer	leave_clade_out	soybean	plant	abstain_require_local_probe		cross	cross,cross	animal	0	0	0.4136761357660033	0.4136761357660033	0.5650860204945004	0.1514098847284971	0.1514098847284971	nan	0.24506843818068733	0.24506843818068733	0.0	0.24394989814470475	very_low_lt0.40	1	1	0
baseline_plus_kmer	leave_clade_out	teosinte	plant	abstain_require_local_probe		cross	cross,cross	plant	0	0	0.9299634062638152	0.9299634062638152	0.9308197551982428	0.0008563489344275421	0.0008563489344275421	nan	0.17989038490890788	0.17989038490890788	0.0	0.2823309209036048	very_low_lt0.40	1	1	0
baseline_plus_kmer	leave_clade_out	thale_cress	plant	abstain_require_local_probe		cross	cross,animal	cross	1	1	0.7121875392581978	0.7121875392581978	0.7121875392581978	0.0	0.0	nan	0.7755628989396528	0.7671450521435542	0.008417846796098583	0.21467768166760312	medium_0.60_0.80	1	1	0
baseline_plus_kmer	leave_clade_out	western_clawed_frog	vertebrate	abstain_require_local_probe		human_h0_ntv3_100m	human_h0_ntv3_100m,human_h0_ntv2_500m	human_h0_ntv2_500m	0	1	0.5191597065847986	0.7676709570719781	0.7676709570719781	0.24851125048717948	0.0	nan	0.31934399148424025	0.3038208544761352	0.015523137008105037	0.2150706364842858	very_low_lt0.40	1	1	0
baseline_plus_kmer	leave_clade_out	western_honey_bee	insect	abstain_require_local_probe		cross	cross,cross	insect	0	0	0.0052898014902451	0.0052898014902451	0.946524064171123	0.941234262680878	0.941234262680878	nan	0.8245163394610412	0.8245163394610412	0.0	0.1667370341388707	high_ge0.80	1	1	0
baseline_plus_kmer	leave_clade_out	x_laevis	vertebrate	abstain_require_local_probe		cross	cross,cross	animal	0	0	0.3945827783795458	0.3945827783795458	0.4013777654205557	0.006794987041009892	0.006794987041009892	nan	0.7477468304369641	0.7477468304369641	0.0	0.1569344988078047	medium_0.60_0.80	1	1	0
baseline_plus_kmer	leave_clade_out	zebrafish	vertebrate	abstain_require_local_probe		human_h0_ntv3_100m	human_h0_ntv3_100m,human_h0_ntv2_500m	human_h0_ntv2_500m	0	1	0.5214699959942013	0.8151318178516959	0.8151318178516959	0.29366182185749456	0.0	nan	0.3038575495378369	0.28552528014776163	0.018332269390075262	0.17196946965694268	very_low_lt0.40	1	1	0
baseline_plus_kmer_minhash	leave_species_out	brachypodium	plant	top2_shortlist_local_probe	cross,plant	cross	cross,plant	cross	1	1	0.8175422271365038	0.8175422271365038	0.8175422271365038	0.0	0.0	0.0	0.916513216279299	0.9039356038178687	0.012577612461430299	0.07165672695500636	high_ge0.80	0	1	0
baseline_plus_kmer_minhash	leave_species_out	c_elegans	other	top2_shortlist_local_probe	cross,animal	cross	cross,animal	animal	0	1	0.8952111633807284	0.9053972034713066	0.9053972034713066	0.010186040090578219	0.0	0.0	0.7749765729157906	0.7102660536649253	0.06471051925086524	0.1903811414889576	medium_0.60_0.80	0	1	0
baseline_plus_kmer_minhash	leave_species_out	cattle	vertebrate	top2_shortlist_local_probe	animal,cross	animal	animal,cross	animal	1	1	0.9216935615407684	0.9216935615407684	0.9216935615407684	0.0	0.0	0.0	0.6925742322318946	0.600035999415665	0.09253823281622964	0.27604799660402596	medium_0.60_0.80	0	1	0
baseline_plus_kmer_minhash	leave_species_out	chicken	vertebrate	top2_shortlist_local_probe	human_h0_ntv3_100m,human_h0_ntv2_500m	human_h0_ntv3_100m	human_h0_ntv3_100m,human_h0_ntv2_500m	human_h0_ntv2_500m	0	1	0.6195493201860316	0.8516226680157541	0.8516226680157541	0.23207334782972255	0.0	0.0	0.38408727423388617	0.38167136043102157	0.0024159138028646	0.22512200512693592	very_low_lt0.40	0	1	0
baseline_plus_kmer_minhash	leave_species_out	fruit_fly	insect	top2_shortlist_local_probe	insect,insect	insect	insect,insect	insect	1	1	0.944818571090276	0.944818571090276	0.944818571090276	0.0	0.0	0.0	0.6698613523376177	0.6698613523376177	0.0	0.21676223050331386	medium_0.60_0.80	0	1	0
baseline_plus_kmer_minhash	leave_species_out	horse	vertebrate	top2_shortlist_local_probe	animal,cross	animal	animal,cross	cross	0	1	0.8913728851560259	0.8925601404845789	0.8925601404845789	0.0011872553285530163	0.0	0.0	0.7610858746364483	0.6772853647784575	0.08380050985799081	0.24778225543956675	medium_0.60_0.80	0	1	0
baseline_plus_kmer_minhash	leave_species_out	human	vertebrate	top2_shortlist_local_probe	animal,human_h0_ntv2_500m	animal	animal,human_h0_ntv2_500m	human_h0_ntv2_500m	0	1	0.904946115719272	0.961411324419745	0.961411324419745	0.056465208700473	0.0	0.0	0.829501024643731	0.8190654690313754	0.01043555561235554	0.1641767681793866	high_ge0.80	0	1	0
baseline_plus_kmer_minhash	leave_species_out	lizard	vertebrate	top2_shortlist_local_probe	animal,animal	animal	animal,animal	animal	1	1	0.2416400416987031	0.2416400416987031	0.2416400416987031	0.0	0.0	0.0	0.6009255102620201	0.6009255102620201	0.0	0.23127946561944843	medium_0.60_0.80	0	1	0
baseline_plus_kmer_minhash	leave_species_out	maize	plant	top2_shortlist_local_probe	cross,plant	cross	cross,plant	cross	1	1	0.9629892479990332	0.9629892479990332	0.9629892479990332	0.0	0.0	0.0	0.8206639097646883	0.819797132871221	0.0008667768934672582	0.12463987075070151	high_ge0.80	0	1	0
baseline_plus_kmer_minhash	leave_species_out	mouse	vertebrate	top2_shortlist_local_probe	human_h0_ntv2_500m,human_h0_ntv2_250m	human_h0_ntv2_500m	human_h0_ntv2_500m,human_h0_ntv2_250m	human_h0_ntv2_500m	1	1	0.937559801228433	0.937559801228433	0.937559801228433	0.0	0.0	0.0	0.8316415076553091	0.8302202839064834	0.0014212237488256951	0.14050166955072135	high_ge0.80	0	1	0
baseline_plus_kmer_minhash	leave_species_out	opossum	vertebrate	top2_shortlist_local_probe	animal,cross	animal	animal,cross	animal	1	1	0.8811419601553324	0.8811419601553324	0.8811419601553324	0.0	0.0	0.0	0.5523442714419053	0.40711563299909437	0.14522863844281098	0.2890343321091046	low_0.40_0.60	0	1	0
baseline_plus_kmer_minhash	leave_species_out	pig	vertebrate	top2_shortlist_local_probe	animal,cross	animal	animal,cross	animal	1	1	0.8761131743803473	0.8761131743803473	0.8761131743803473	0.0	0.0	0.0	0.8418029081274766	0.8310507941797918	0.010752113947684827	0.17694932660989882	high_ge0.80	0	1	0
baseline_plus_kmer_minhash	leave_species_out	red_flour_beetle	insect	top2_shortlist_local_probe	animal,animal	animal	animal,animal	insect	0	0	0.0044488885799382	0.0044488885799382	0.0059299524368398	0.0014810638569016004	0.0014810638569016004	0.0014810638569016004	0.33750358331000985	0.33750358331000985	0.0	0.33089093620776633	very_low_lt0.40	0	1	0
baseline_plus_kmer_minhash	leave_species_out	rice	plant	top2_shortlist_local_probe	cross,plant	cross	cross,plant	cross	1	1	0.8757886614942711	0.8757886614942711	0.8757886614942711	0.0	0.0	0.0	0.8678628963296148	0.8431001195037491	0.024762776825865696	0.07080156751841347	high_ge0.80	0	1	0
baseline_plus_kmer_minhash	leave_species_out	sorghum	plant	top2_shortlist_local_probe	cross,plant	cross	cross,plant	cross	1	1	0.9154621597006132	0.9154621597006132	0.9154621597006132	0.0	0.0	0.0	0.853791325243675	0.8318701423291369	0.02192118291453804	0.06494811677475092	high_ge0.80	0	1	0
baseline_plus_kmer_minhash	leave_species_out	soybean	plant	top2_shortlist_local_probe	insect,insect	insect	insect,insect	animal	0	0	0.4867824461937038	0.4867824461937038	0.5650860204945004	0.0783035743007966	0.0783035743007966	0.0783035743007966	0.635929972035083	0.635929972035083	0.0	0.25316137600690725	medium_0.60_0.80	0	1	0
baseline_plus_kmer_minhash	leave_species_out	teosinte	plant	top2_shortlist_local_probe	animal,animal	animal	animal,animal	plant	0	0	0.8886845637016639	0.8886845637016639	0.9308197551982428	0.04213519149657885	0.04213519149657885	0.04213519149657885	0.727805193021367	0.727805193021367	0.0	0.2707068717714375	medium_0.60_0.80	0	1	0
baseline_plus_kmer_minhash	leave_species_out	thale_cress	plant	top2_shortlist_local_probe	plant,insect	plant	plant,insect	cross	0	0	0.6974776069597389	0.6974776069597389	0.7121875392581978	0.01470993229845885	0.01470993229845885	0.01470993229845885	0.8354560984947375	0.6024997376924076	0.23295636080232984	0.14350638271892854	high_ge0.80	0	1	0
baseline_plus_kmer_minhash	leave_species_out	western_clawed_frog	vertebrate	top2_shortlist_local_probe	human_h0_ntv3_100m,human_h0_ntv2_500m	human_h0_ntv3_100m	human_h0_ntv3_100m,human_h0_ntv2_500m	human_h0_ntv2_500m	0	1	0.5191597065847986	0.7676709570719781	0.7676709570719781	0.24851125048717948	0.0	0.0	0.5267284242698298	0.5051871821885653	0.02154124208126451	0.2199839125466051	low_0.40_0.60	0	1	0
baseline_plus_kmer_minhash	leave_species_out	western_honey_bee	insect	top2_shortlist_local_probe	animal,animal	animal	animal,animal	insect	0	0	0.05217988328184	0.05217988328184	0.946524064171123	0.894344180889283	0.894344180889283	0.894344180889283	0.8592994476170085	0.8592994476170085	0.0	0.2216850724534086	high_ge0.80	0	1	0
baseline_plus_kmer_minhash	leave_species_out	x_laevis	vertebrate	top2_shortlist_local_probe	animal,animal	animal	animal,animal	animal	1	1	0.4013777654205557	0.4013777654205557	0.4013777654205557	0.0	0.0	0.0	0.55761270173822	0.55761270173822	0.0	0.24060736510262482	low_0.40_0.60	0	1	0
baseline_plus_kmer_minhash	leave_species_out	zebrafish	vertebrate	top2_shortlist_local_probe	human_h0_ntv3_100m,human_h0_ntv2_500m	human_h0_ntv3_100m	human_h0_ntv3_100m,human_h0_ntv2_500m	human_h0_ntv2_500m	0	1	0.5214699959942013	0.8151318178516959	0.8151318178516959	0.29366182185749456	0.0	0.0	0.26410186626612536	0.21705855835328922	0.047043307912836146	0.1559198836625968	very_low_lt0.40	0	1	0
baseline_plus_kmer_minhash	leave_clade_out	brachypodium	plant	abstain_require_local_probe		plant	plant,cross	cross	0	1	0.7765195434514967	0.8175422271365038	0.8175422271365038	0.041022683685007166	0.0	nan	0.8649255515798815	0.8371883997963175	0.02773715178356395	0.11268901747526018	high_ge0.80	1	1	0
baseline_plus_kmer_minhash	leave_clade_out	c_elegans	other	abstain_require_local_probe		cross	cross,animal	animal	0	1	0.8952111633807284	0.9053972034713066	0.9053972034713066	0.010186040090578219	0.0	nan	0.7749765729157906	0.7102660536649253	0.06471051925086524	0.1903811414889576	medium_0.60_0.80	1	1	0
baseline_plus_kmer_minhash	leave_clade_out	cattle	vertebrate	abstain_require_local_probe		cross	cross,animal	animal	0	1	0.9213113792693672	0.9216935615407684	0.9216935615407684	0.000382182271401188	0.0	nan	0.21207052638012217	0.2112907858918441	0.0007797404882780579	0.32091086996504103	very_low_lt0.40	1	1	0
baseline_plus_kmer_minhash	leave_clade_out	chicken	vertebrate	abstain_require_local_probe		human_h0_ntv2_500m	human_h0_ntv2_500m,human_h0_ntv3_100m	human_h0_ntv2_500m	1	1	0.8516226680157541	0.8516226680157541	0.8516226680157541	0.0	0.0	nan	0.5908764095215198	0.5907597885061784	0.00011662101534137825	0.2302828887343464	low_0.40_0.60	1	1	0
baseline_plus_kmer_minhash	leave_clade_out	fruit_fly	insect	abstain_require_local_probe		animal	animal,cross	insect	0	0	0.9437257723304636	0.9437257723304636	0.944818571090276	0.0010927987598123856	0.0010927987598123856	nan	0.8725825238496091	0.8669903470004043	0.005592176849204766	0.07066171437688269	high_ge0.80	1	1	0
baseline_plus_kmer_minhash	leave_clade_out	horse	vertebrate	abstain_require_local_probe		cross	cross,animal	cross	1	1	0.8925601404845789	0.8925601404845789	0.8925601404845789	0.0	0.0	nan	0.21926772040886058	0.2150150906457005	0.004252629763160071	0.3289579912114441	very_low_lt0.40	1	1	0
baseline_plus_kmer_minhash	leave_clade_out	human	vertebrate	abstain_require_local_probe		human_h0_ntv2_500m	human_h0_ntv2_500m,cross	human_h0_ntv2_500m	1	1	0.961411324419745	0.961411324419745	0.961411324419745	0.0	0.0	nan	0.8515897330291139	0.2196445147772831	0.6319452182518308	0.057730547801157925	high_ge0.80	1	1	0
baseline_plus_kmer_minhash	leave_clade_out	lizard	vertebrate	abstain_require_local_probe		animal	animal,animal	animal	1	1	0.2416400416987031	0.2416400416987031	0.2416400416987031	0.0	0.0	nan	0.5811993509259568	0.5811993509259568	0.0	0.2708525147125826	low_0.40_0.60	1	1	0
baseline_plus_kmer_minhash	leave_clade_out	maize	plant	abstain_require_local_probe		plant	plant,cross	cross	0	1	0.9619894139220538	0.9629892479990332	0.9629892479990332	0.0009998340769793446	0.0	nan	0.8633043955714603	0.847226745522913	0.01607765004854733	0.11406631456437513	high_ge0.80	1	1	0
baseline_plus_kmer_minhash	leave_clade_out	mouse	vertebrate	abstain_require_local_probe		human_h0_ntv3_100m	human_h0_ntv3_100m,human_h0_ntv2_500m	human_h0_ntv2_500m	0	1	0.7771925460040144	0.937559801228433	0.937559801228433	0.16036725522441853	0.0	nan	0.35865275014711284	0.3441757125016763	0.014477037645436563	0.2021602852722558	very_low_lt0.40	1	1	0
baseline_plus_kmer_minhash	leave_clade_out	opossum	vertebrate	abstain_require_local_probe		animal	animal,cross	animal	1	1	0.8811419601553324	0.8811419601553324	0.8811419601553324	0.0	0.0	nan	0.3109702008461483	0.3053991436914516	0.00557105715469669	0.34483641349613686	very_low_lt0.40	1	1	0
baseline_plus_kmer_minhash	leave_clade_out	pig	vertebrate	abstain_require_local_probe		plant	plant,animal	animal	0	1	0.0856805344147079	0.8761131743803473	0.8761131743803473	0.7904326399656394	0.0	nan	0.2542418246940382	0.23061702238831588	0.023624802305722337	0.3023462880119845	very_low_lt0.40	1	1	0
baseline_plus_kmer_minhash	leave_clade_out	red_flour_beetle	insect	abstain_require_local_probe		animal	animal,animal	insect	0	0	0.0044488885799382	0.0044488885799382	0.0059299524368398	0.0014810638569016004	0.0014810638569016004	nan	0.5972900248807494	0.5972900248807494	0.0	0.2105775534396277	low_0.40_0.60	1	1	0
baseline_plus_kmer_minhash	leave_clade_out	rice	plant	abstain_require_local_probe		plant	plant,cross	cross	0	1	0.8707687905287769	0.8757886614942711	0.8757886614942711	0.0050198709654942775	0.0	nan	0.863972057217397	0.8369220161127671	0.02705004110462994	0.11251826032069383	high_ge0.80	1	1	0
baseline_plus_kmer_minhash	leave_clade_out	sorghum	plant	abstain_require_local_probe		plant	plant,cross	cross	0	1	0.9087078620701828	0.9154621597006132	0.9154621597006132	0.006754297630430339	0.0	nan	0.863972057217397	0.8401653062003466	0.02380675101705043	0.11251826032069383	high_ge0.80	1	1	0
baseline_plus_kmer_minhash	leave_clade_out	soybean	plant	abstain_require_local_probe		animal	animal,animal	animal	1	1	0.5650860204945004	0.5650860204945004	0.5650860204945004	0.0	0.0	nan	0.2713869673039919	0.2713869673039919	0.0	0.2516159800187048	very_low_lt0.40	1	1	0
baseline_plus_kmer_minhash	leave_clade_out	teosinte	plant	abstain_require_local_probe		animal	animal,animal	plant	0	0	0.8886845637016639	0.8886845637016639	0.9308197551982428	0.04213519149657885	0.04213519149657885	nan	0.4972604706264014	0.4972604706264014	0.0	0.3695812631190404	low_0.40_0.60	1	1	0
baseline_plus_kmer_minhash	leave_clade_out	thale_cress	plant	abstain_require_local_probe		plant	plant,cross	cross	0	1	0.6974776069597389	0.7121875392581978	0.7121875392581978	0.01470993229845885	0.0	nan	0.8292346680150375	0.6486369378464155	0.18059773016862202	0.1402739028311443	high_ge0.80	1	1	0
baseline_plus_kmer_minhash	leave_clade_out	western_clawed_frog	vertebrate	abstain_require_local_probe		human_h0_ntv3_100m	human_h0_ntv3_100m,human_h0_ntv2_500m	human_h0_ntv2_500m	0	1	0.5191597065847986	0.7676709570719781	0.7676709570719781	0.24851125048717948	0.0	nan	0.369744483364384	0.35927999180980685	0.010464491554577127	0.17194076516404316	very_low_lt0.40	1	1	0
baseline_plus_kmer_minhash	leave_clade_out	western_honey_bee	insect	abstain_require_local_probe		animal	animal,animal	insect	0	0	0.05217988328184	0.05217988328184	0.946524064171123	0.894344180889283	0.894344180889283	nan	0.8841275030701046	0.8841275030701046	0.0	0.09486391658684942	high_ge0.80	1	1	0
baseline_plus_kmer_minhash	leave_clade_out	x_laevis	vertebrate	abstain_require_local_probe		animal	animal,animal	animal	1	1	0.4013777654205557	0.4013777654205557	0.4013777654205557	0.0	0.0	nan	0.580618404730894	0.580618404730894	0.0	0.2824394462864736	low_0.40_0.60	1	1	0
baseline_plus_kmer_minhash	leave_clade_out	zebrafish	vertebrate	abstain_require_local_probe		human_h0_ntv3_100m	human_h0_ntv3_100m,human_h0_ntv2_500m	human_h0_ntv2_500m	0	1	0.5214699959942013	0.8151318178516959	0.8151318178516959	0.29366182185749456	0.0	nan	0.24398089379690782	0.22554940541291024	0.01843148838399758	0.16544872876301045	very_low_lt0.40	1	1	0
minhash_only_router	leave_species_out	brachypodium	plant	top2_shortlist_local_probe	cross,animal	cross	cross,animal	cross	1	1	0.8175422271365038	0.8175422271365038	0.8175422271365038	0.0	0.0	0.0	0.8982806761659019	0.8606489940605967	0.03763168210530521	0.09079101543445271	high_ge0.80	0	1	0
minhash_only_router	leave_species_out	c_elegans	other	top2_shortlist_local_probe	cross,animal	cross	cross,animal	animal	0	1	0.8952111633807284	0.9053972034713066	0.9053972034713066	0.010186040090578219	0.0	0.0	0.8785066764633654	0.5800188177075322	0.2984878587558333	0.1048268985612814	high_ge0.80	0	1	0
minhash_only_router	leave_species_out	cattle	vertebrate	top2_shortlist_local_probe	cross,animal	cross	cross,animal	animal	0	1	0.9213113792693672	0.9216935615407684	0.9216935615407684	0.000382182271401188	0.0	0.0	0.5443170856153045	0.3945793619839937	0.14973772363131077	0.25820100902747267	low_0.40_0.60	0	1	0
minhash_only_router	leave_species_out	chicken	vertebrate	top2_shortlist_local_probe	human_h0_ntv3_100m,human_h0_ntv2_500m	human_h0_ntv3_100m	human_h0_ntv3_100m,human_h0_ntv2_500m	human_h0_ntv2_500m	0	1	0.6195493201860316	0.8516226680157541	0.8516226680157541	0.23207334782972255	0.0	0.0	0.3065922233979459	0.2851913460715237	0.021400877326422207	0.13986615903752006	very_low_lt0.40	0	1	0
minhash_only_router	leave_species_out	fruit_fly	insect	top2_shortlist_local_probe	insect,insect	insect	insect,insect	insect	1	1	0.944818571090276	0.944818571090276	0.944818571090276	0.0	0.0	0.0	0.6516492963943286	0.6516492963943286	0.0	0.23009870479523648	medium_0.60_0.80	0	1	0
minhash_only_router	leave_species_out	horse	vertebrate	top2_shortlist_local_probe	cross,insect	cross	cross,insect	cross	1	1	0.8925601404845789	0.8925601404845789	0.8925601404845789	0.0	0.0	0.0	0.47454713127769016	0.4428888627728126	0.031658268504877574	0.23647996528896292	low_0.40_0.60	0	1	0
minhash_only_router	leave_species_out	human	vertebrate	top2_shortlist_local_probe	human_h0_ntv2_500m,cross	human_h0_ntv2_500m	human_h0_ntv2_500m,cross	human_h0_ntv2_500m	1	1	0.961411324419745	0.961411324419745	0.961411324419745	0.0	0.0	0.0	0.8528118535798286	0.7848973201659114	0.06791453341391718	0.06336482754136766	high_ge0.80	0	1	0
minhash_only_router	leave_species_out	lizard	vertebrate	top2_shortlist_local_probe	animal,animal	animal	animal,animal	animal	1	1	0.2416400416987031	0.2416400416987031	0.2416400416987031	0.0	0.0	0.0	0.8636918005870556	0.8636918005870556	0.0	0.07825767659304624	high_ge0.80	0	1	0
minhash_only_router	leave_species_out	maize	plant	top2_shortlist_local_probe	cross,animal	cross	cross,animal	cross	1	1	0.9629892479990332	0.9629892479990332	0.9629892479990332	0.0	0.0	0.0	0.8682288189442187	0.8042380528714552	0.06399076607276344	0.11664975016887873	high_ge0.80	0	1	0
minhash_only_router	leave_species_out	mouse	vertebrate	top2_shortlist_local_probe	human_h0_ntv2_250m,human_h0_ntv2_500m	human_h0_ntv2_250m	human_h0_ntv2_250m,human_h0_ntv2_500m	human_h0_ntv2_500m	0	1	0.9180812946491188	0.937559801228433	0.937559801228433	0.01947850657931416	0.0	0.0	0.8098573155145325	0.8095283232999891	0.000328992214543411	0.11255526630305421	high_ge0.80	0	1	0
minhash_only_router	leave_species_out	opossum	vertebrate	top2_shortlist_local_probe	plant,cross	plant	plant,cross	animal	0	0	0.3131202191971405	0.8799647530707007	0.8811419601553324	0.5680217409581919	0.0011772070846317595	0.0011772070846317595	0.5926824506035149	0.5418183573770501	0.05086409322646479	0.2114432057697536	low_0.40_0.60	0	1	0
minhash_only_router	leave_species_out	pig	vertebrate	top2_shortlist_local_probe	cross,animal	cross	cross,animal	animal	0	1	0.8761042913185231	0.8761131743803473	0.8761131743803473	8.88306182422749e-06	0.0	0.0	0.8280590539612774	0.7655919784773819	0.06246707548389552	0.15202654065990487	high_ge0.80	0	1	0
minhash_only_router	leave_species_out	red_flour_beetle	insect	top2_shortlist_local_probe	other_anchor,other_anchor	other_anchor	other_anchor,other_anchor	insect	0	0	0.0	0.0	0.0059299524368398	0.0059299524368398	0.0059299524368398	0.0059299524368398	0.27754371956748963	0.27754371956748963	0.0	0.24576298584886233	very_low_lt0.40	0	1	0
minhash_only_router	leave_species_out	rice	plant	top2_shortlist_local_probe	cross,plant	cross	cross,plant	cross	1	1	0.8757886614942711	0.8757886614942711	0.8757886614942711	0.0	0.0	0.0	0.8837753294425208	0.8212473556227919	0.06252797381972885	0.07953368064292766	high_ge0.80	0	1	0
minhash_only_router	leave_species_out	sorghum	plant	top2_shortlist_local_probe	cross,plant	cross	cross,plant	cross	1	1	0.9154621597006132	0.9154621597006132	0.9154621597006132	0.0	0.0	0.0	0.8727868978492335	0.8295300819324454	0.043256815916788094	0.08115150920396036	high_ge0.80	0	1	0
minhash_only_router	leave_species_out	soybean	plant	top2_shortlist_local_probe	insect,insect	insect	insect,insect	animal	0	0	0.4867824461937038	0.4867824461937038	0.5650860204945004	0.0783035743007966	0.0783035743007966	0.0783035743007966	0.6826467200601373	0.6826467200601373	0.0	0.23420858980154102	medium_0.60_0.80	0	1	0
minhash_only_router	leave_species_out	teosinte	plant	top2_shortlist_local_probe	animal,animal	animal	animal,animal	plant	0	0	0.8886845637016639	0.8886845637016639	0.9308197551982428	0.04213519149657885	0.04213519149657885	0.04213519149657885	0.8107707235735987	0.8107707235735987	0.0	0.11780051438577238	high_ge0.80	0	1	0
minhash_only_router	leave_species_out	thale_cress	plant	top2_shortlist_local_probe	plant,animal	plant	plant,animal	cross	0	0	0.6974776069597389	0.6974776069597389	0.7121875392581978	0.01470993229845885	0.01470993229845885	0.01470993229845885	0.8678124703259928	0.6177800281427893	0.25003244218320353	0.06466438574230905	high_ge0.80	0	1	0
minhash_only_router	leave_species_out	western_clawed_frog	vertebrate	top2_shortlist_local_probe	human_h0_ntv3_100m,human_h0_ntv2_500m	human_h0_ntv3_100m	human_h0_ntv3_100m,human_h0_ntv2_500m	human_h0_ntv2_500m	0	1	0.5191597065847986	0.7676709570719781	0.7676709570719781	0.24851125048717948	0.0	0.0	0.5157483259632937	0.5000953761394697	0.015652949823823925	0.16184399837475041	low_0.40_0.60	0	1	0
minhash_only_router	leave_species_out	western_honey_bee	insect	top2_shortlist_local_probe	animal,animal	animal	animal,animal	insect	0	0	0.05217988328184	0.05217988328184	0.946524064171123	0.894344180889283	0.894344180889283	0.894344180889283	0.9048466420154504	0.9048466420154504	0.0	0.09978492705759874	high_ge0.80	0	1	0
minhash_only_router	leave_species_out	x_laevis	vertebrate	top2_shortlist_local_probe	animal,animal	animal	animal,animal	animal	1	1	0.4013777654205557	0.4013777654205557	0.4013777654205557	0.0	0.0	0.0	0.6971556066306386	0.6971556066306386	0.0	0.16824254132267044	medium_0.60_0.80	0	1	0
minhash_only_router	leave_species_out	zebrafish	vertebrate	top2_shortlist_local_probe	human_h0_ntv3_100m,human_h0_ntv2_500m	human_h0_ntv3_100m	human_h0_ntv3_100m,human_h0_ntv2_500m	human_h0_ntv2_500m	0	1	0.5214699959942013	0.8151318178516959	0.8151318178516959	0.29366182185749456	0.0	0.0	0.29881021945341363	0.24249560193195427	0.05631461752145936	0.14053041274421804	very_low_lt0.40	0	1	0
minhash_only_router	leave_clade_out	brachypodium	plant	abstain_require_local_probe		animal	animal,plant	cross	0	0	0.4333898332380484	0.7765195434514967	0.8175422271365038	0.3841523938984554	0.041022683685007166	nan	0.8022872853035327	0.7512658283419785	0.051021456961554135	0.23208650470209588	high_ge0.80	1	1	0
minhash_only_router	leave_clade_out	c_elegans	other	abstain_require_local_probe		cross	cross,animal	animal	0	1	0.8952111633807284	0.9053972034713066	0.9053972034713066	0.010186040090578219	0.0	nan	0.8785066764633654	0.5800188177075322	0.2984878587558333	0.1048268985612814	high_ge0.80	1	1	0
minhash_only_router	leave_clade_out	cattle	vertebrate	abstain_require_local_probe		animal	animal,cross	animal	1	1	0.9216935615407684	0.9216935615407684	0.9216935615407684	0.0	0.0	nan	0.46393227120893843	0.411032859477403	0.05289941173153545	0.3374948949292265	low_0.40_0.60	1	1	0
minhash_only_router	leave_clade_out	chicken	vertebrate	abstain_require_local_probe		human_h0_ntv3_100m	human_h0_ntv3_100m,human_h0_ntv2_500m	human_h0_ntv2_500m	0	1	0.6195493201860316	0.8516226680157541	0.8516226680157541	0.23207334782972255	0.0	nan	0.28070727960190905	0.24330193740840317	0.037405342193505886	0.25295181031680153	very_low_lt0.40	1	1	0
minhash_only_router	leave_clade_out	fruit_fly	insect	abstain_require_local_probe		cross	cross,animal	insect	0	0	0.942393180917196	0.9437257723304636	0.944818571090276	0.0024253901730799665	0.0010927987598123856	nan	0.8977446960623459	0.8926098023246	0.005134893737745894	0.036657744436862046	high_ge0.80	1	1	0
minhash_only_router	leave_clade_out	horse	vertebrate	abstain_require_local_probe		animal	animal,cross	cross	0	1	0.8913728851560259	0.8925601404845789	0.8925601404845789	0.0011872553285530163	0.0	nan	0.4660373319691936	0.40887828528036635	0.057159046688827264	0.33874492982715526	low_0.40_0.60	1	1	0
minhash_only_router	leave_clade_out	human	vertebrate	abstain_require_local_probe		human_h0_ntv2_500m	human_h0_ntv2_500m,cross	human_h0_ntv2_500m	1	1	0.961411324419745	0.961411324419745	0.961411324419745	0.0	0.0	nan	0.8539440171461108	0.5413949622353037	0.3125490549108071	0.06629756087917367	high_ge0.80	1	1	0
minhash_only_router	leave_clade_out	lizard	vertebrate	abstain_require_local_probe		animal	animal,animal	animal	1	1	0.2416400416987031	0.2416400416987031	0.2416400416987031	0.0	0.0	nan	0.4653327035588022	0.4653327035588022	0.0	0.33873753286492236	low_0.40_0.60	1	1	0
minhash_only_router	leave_clade_out	maize	plant	abstain_require_local_probe		animal	animal,cross	cross	0	1	0.9051649037911726	0.9629892479990332	0.9629892479990332	0.057824344207860534	0.0	nan	0.8182340863020693	0.7482625841607593	0.06997150214130998	0.20018718611410402	high_ge0.80	1	1	0
minhash_only_router	leave_clade_out	mouse	vertebrate	abstain_require_local_probe		human_h0_ntv3_100m	human_h0_ntv3_100m,human_h0_ntv2_500m	human_h0_ntv2_500m	0	1	0.7771925460040144	0.937559801228433	0.937559801228433	0.16036725522441853	0.0	nan	0.47490131790320295	0.4357179107846802	0.03918340711852275	0.23695219160508962	low_0.40_0.60	1	1	0
minhash_only_router	leave_clade_out	opossum	vertebrate	abstain_require_local_probe		animal	animal,insect	animal	1	1	0.8811419601553324	0.8811419601553324	0.8811419601553324	0.0	0.0	nan	0.3801507648649678	0.3454710620913266	0.034679702773641186	0.3315337219409937	very_low_lt0.40	1	1	0
minhash_only_router	leave_clade_out	pig	vertebrate	abstain_require_local_probe		cross	cross,animal	animal	0	1	0.8761042913185231	0.8761131743803473	0.8761131743803473	8.88306182422749e-06	0.0	nan	0.49420026306447323	0.48880709478054785	0.005393168283925387	0.3566073882010262	low_0.40_0.60	1	1	0
minhash_only_router	leave_clade_out	red_flour_beetle	insect	abstain_require_local_probe		cross	cross,cross	insect	0	0	0.0030871384254842	0.0030871384254842	0.0059299524368398	0.0028428140113556	0.0028428140113556	nan	0.5003740609719841	0.5003740609719841	0.0	0.1094857123616065	low_0.40_0.60	1	1	0
minhash_only_router	leave_clade_out	rice	plant	abstain_require_local_probe		cross	cross,plant	cross	1	1	0.8757886614942711	0.8757886614942711	0.8757886614942711	0.0	0.0	nan	0.7564935596234932	0.7512658283419785	0.005227731281514658	0.19415466601916787	medium_0.60_0.80	1	1	0
minhash_only_router	leave_clade_out	sorghum	plant	abstain_require_local_probe		plant	plant,cross	cross	0	1	0.9087078620701828	0.9154621597006132	0.9154621597006132	0.006754297630430339	0.0	nan	0.7512658283419785	0.735554145260742	0.015711683081236494	0.1998930935901675	medium_0.60_0.80	1	1	0
minhash_only_router	leave_clade_out	soybean	plant	abstain_require_local_probe		insect	insect,insect	animal	0	0	0.4867824461937038	0.4867824461937038	0.5650860204945004	0.0783035743007966	0.0783035743007966	nan	0.6971418785650135	0.6971418785650135	0.0	0.23789715280601287	medium_0.60_0.80	1	1	0
minhash_only_router	leave_clade_out	teosinte	plant	abstain_require_local_probe		animal	animal,animal	plant	0	0	0.8886845637016639	0.8886845637016639	0.9308197551982428	0.04213519149657885	0.04213519149657885	nan	0.8176703574091668	0.8176703574091668	0.0	0.20015322003105201	high_ge0.80	1	1	0
minhash_only_router	leave_clade_out	thale_cress	plant	abstain_require_local_probe		plant	plant,cross	cross	0	1	0.6974776069597389	0.7121875392581978	0.7121875392581978	0.01470993229845885	0.0	nan	0.7512658283419785	0.5137451391448656	0.2375206891971129	0.1998930935901675	medium_0.60_0.80	1	1	0
minhash_only_router	leave_clade_out	western_clawed_frog	vertebrate	abstain_require_local_probe		human_h0_ntv3_100m	human_h0_ntv3_100m,human_h0_ntv2_500m	human_h0_ntv2_500m	0	1	0.5191597065847986	0.7676709570719781	0.7676709570719781	0.24851125048717948	0.0	nan	0.3661777890837162	0.30465911921111466	0.06151866987260152	0.14542030925276245	very_low_lt0.40	1	1	0
minhash_only_router	leave_clade_out	western_honey_bee	insect	abstain_require_local_probe		animal	animal,animal	insect	0	0	0.05217988328184	0.05217988328184	0.946524064171123	0.894344180889283	0.894344180889283	nan	0.8882786223774705	0.8882786223774705	0.0	0.05122528699038868	high_ge0.80	1	1	0
minhash_only_router	leave_clade_out	x_laevis	vertebrate	abstain_require_local_probe		plant	plant,plant	animal	0	0	0.2855543757586765	0.2855543757586765	0.4013777654205557	0.11582338966187922	0.11582338966187922	nan	0.3749517594521935	0.3749517594521935	0.0	0.31668822404972635	very_low_lt0.40	1	1	0
minhash_only_router	leave_clade_out	zebrafish	vertebrate	abstain_require_local_probe		human_h0_ntv3_100m	human_h0_ntv3_100m,human_h0_ntv2_500m	human_h0_ntv2_500m	0	1	0.5214699959942013	0.8151318178516959	0.8151318178516959	0.29366182185749456	0.0	nan	0.2959307954249677	0.22867767555975263	0.06725311986521507	0.13259751329264033	very_low_lt0.40	1	1	0
