exp_id	model_dir	data_jsonl	window	stride	weight_mode	n_windows	chrom	variant	threshold	iou_threshold	boundary_tol_bp	ignored_bp	bp_tp	bp_fp	bp_fn	bp_tn	bp_precision	bp_recall	bp_f1	bp_positive_rate_true	bp_positive_rate_pred	bp_n	true_segments	pred_segments	segment_tp	segment_fp	segment_fn	segment_precision	segment_recall	segment_f1	mean_matched_iou	boundary_precision	boundary_recall	boundary_f1	median_boundary_error_bp	pred_true_backed_rate	short_pred_segments	short_true_backed_rate	short_mean_best_iou	mean_fragments_per_true	split_true_rate	missed_true_rate
PIPE-TEFM-FINAL-STRICTSEG-20260629	software_outputs/tefm_final/PIPE-TEFM-FINAL-20260623/runs/ntv2_250m_H0_w4096_seed42	software_outputs/tefm_final/PIPE-TEFM-FINAL-EBAR-20260629/data/w4096/plant_fine/rice/1/rice/test/data.jsonl.gz	4096	4096	triangular	1200	1	raw_threshold	0.5	0.5	5	4713	88044	7556	1294305	3520582	0.9209623430962343	0.06369158584409582	0.11914348871307467	0.28150955292214397	0.019468537438343692	4910487	2841	1419	12	1407	2829	0.008456659619450317	0.004223864836325237	0.005633802816901408	0.6698838382518235	0.0007047216349541931	0.00035198873636043646	0.0004694835680751173	19.5	0.8858350951374208	1206	0.8797678275290216	0.013134076997177382	0.44280183034142906	0.02393523407250968	0.9633931714185147
PIPE-TEFM-FINAL-STRICTSEG-20260629	software_outputs/tefm_final/PIPE-TEFM-FINAL-20260623/runs/ntv2_250m_H0_w4096_seed42	software_outputs/tefm_final/PIPE-TEFM-FINAL-EBAR-20260629/data/w4096/plant_fine/rice/1/rice/test/data.jsonl.gz	4096	4096	triangular	1200	1	raw_threshold	0.5	0.5	10	4713	88044	7556	1294305	3520582	0.9209623430962343	0.06369158584409582	0.11914348871307467	0.28150955292214397	0.019468537438343692	4910487	2841	1419	12	1407	2829	0.008456659619450317	0.004223864836325237	0.005633802816901408	0.6698838382518235	0.0021141649048625794	0.0010559662090813093	0.001408450704225352	19.5	0.8858350951374208	1206	0.8797678275290216	0.013134076997177382	0.44280183034142906	0.02393523407250968	0.9633931714185147
PIPE-TEFM-FINAL-STRICTSEG-20260629	software_outputs/tefm_final/PIPE-TEFM-FINAL-20260623/runs/ntv2_250m_H0_w4096_seed42	software_outputs/tefm_final/PIPE-TEFM-FINAL-EBAR-20260629/data/w4096/plant_fine/rice/1/rice/test/data.jsonl.gz	4096	4096	triangular	1200	1	raw_threshold	0.5	0.5	25	4713	88044	7556	1294305	3520582	0.9209623430962343	0.06369158584409582	0.11914348871307467	0.28150955292214397	0.019468537438343692	4910487	2841	1419	12	1407	2829	0.008456659619450317	0.004223864836325237	0.005633802816901408	0.6698838382518235	0.0035236081747709656	0.0017599436818021823	0.002347417840375587	19.5	0.8858350951374208	1206	0.8797678275290216	0.013134076997177382	0.44280183034142906	0.02393523407250968	0.9633931714185147
PIPE-TEFM-FINAL-STRICTSEG-20260629	software_outputs/tefm_final/PIPE-TEFM-FINAL-20260623/runs/ntv2_250m_H0_w4096_seed42	software_outputs/tefm_final/PIPE-TEFM-FINAL-EBAR-20260629/data/w4096/plant_fine/rice/1/rice/test/data.jsonl.gz	4096	4096	triangular	1200	1	raw_threshold	0.5	0.5	50	4713	88044	7556	1294305	3520582	0.9209623430962343	0.06369158584409582	0.11914348871307467	0.28150955292214397	0.019468537438343692	4910487	2841	1419	12	1407	2829	0.008456659619450317	0.004223864836325237	0.005633802816901408	0.6698838382518235	0.004933051444679351	0.0024639211545230554	0.003286384976525822	19.5	0.8858350951374208	1206	0.8797678275290216	0.013134076997177382	0.44280183034142906	0.02393523407250968	0.9633931714185147
PIPE-TEFM-FINAL-STRICTSEG-20260629	software_outputs/tefm_final/PIPE-TEFM-FINAL-20260623/runs/ntv2_250m_H0_w4096_seed42	software_outputs/tefm_final/PIPE-TEFM-FINAL-EBAR-20260629/data/w4096/plant_fine/rice/1/rice/test/data.jsonl.gz	4096	4096	triangular	1200	1	raw_threshold	0.5	0.5	100	4713	88044	7556	1294305	3520582	0.9209623430962343	0.06369158584409582	0.11914348871307467	0.28150955292214397	0.019468537438343692	4910487	2841	1419	12	1407	2829	0.008456659619450317	0.004223864836325237	0.005633802816901408	0.6698838382518235	0.008456659619450317	0.004223864836325237	0.005633802816901408	19.5	0.8858350951374208	1206	0.8797678275290216	0.013134076997177382	0.44280183034142906	0.02393523407250968	0.9633931714185147
PIPE-TEFM-FINAL-STRICTSEG-20260629	software_outputs/tefm_final/PIPE-TEFM-FINAL-20260623/runs/ntv2_250m_H0_w4096_seed42	software_outputs/tefm_final/PIPE-TEFM-FINAL-EBAR-20260629/data/w4096/plant_fine/rice/1/rice/test/data.jsonl.gz	4096	4096	triangular	1200	1	raw_threshold	0.5	0.7	5	4713	88044	7556	1294305	3520582	0.9209623430962343	0.06369158584409582	0.11914348871307467	0.28150955292214397	0.019468537438343692	4910487	2841	1419	4	1415	2837	0.0028188865398167725	0.0014079549454417458	0.0018779342723004692	0.8640130538487465	0.0007047216349541931	0.00035198873636043646	0.0004694835680751173	6.75	0.8858350951374208	1206	0.8797678275290216	0.013134076997177382	0.44280183034142906	0.02393523407250968	0.9633931714185147
PIPE-TEFM-FINAL-STRICTSEG-20260629	software_outputs/tefm_final/PIPE-TEFM-FINAL-20260623/runs/ntv2_250m_H0_w4096_seed42	software_outputs/tefm_final/PIPE-TEFM-FINAL-EBAR-20260629/data/w4096/plant_fine/rice/1/rice/test/data.jsonl.gz	4096	4096	triangular	1200	1	raw_threshold	0.5	0.7	10	4713	88044	7556	1294305	3520582	0.9209623430962343	0.06369158584409582	0.11914348871307467	0.28150955292214397	0.019468537438343692	4910487	2841	1419	4	1415	2837	0.0028188865398167725	0.0014079549454417458	0.0018779342723004692	0.8640130538487465	0.0021141649048625794	0.0010559662090813093	0.001408450704225352	6.75	0.8858350951374208	1206	0.8797678275290216	0.013134076997177382	0.44280183034142906	0.02393523407250968	0.9633931714185147
PIPE-TEFM-FINAL-STRICTSEG-20260629	software_outputs/tefm_final/PIPE-TEFM-FINAL-20260623/runs/ntv2_250m_H0_w4096_seed42	software_outputs/tefm_final/PIPE-TEFM-FINAL-EBAR-20260629/data/w4096/plant_fine/rice/1/rice/test/data.jsonl.gz	4096	4096	triangular	1200	1	raw_threshold	0.5	0.7	25	4713	88044	7556	1294305	3520582	0.9209623430962343	0.06369158584409582	0.11914348871307467	0.28150955292214397	0.019468537438343692	4910487	2841	1419	4	1415	2837	0.0028188865398167725	0.0014079549454417458	0.0018779342723004692	0.8640130538487465	0.0028188865398167725	0.0014079549454417458	0.0018779342723004692	6.75	0.8858350951374208	1206	0.8797678275290216	0.013134076997177382	0.44280183034142906	0.02393523407250968	0.9633931714185147
PIPE-TEFM-FINAL-STRICTSEG-20260629	software_outputs/tefm_final/PIPE-TEFM-FINAL-20260623/runs/ntv2_250m_H0_w4096_seed42	software_outputs/tefm_final/PIPE-TEFM-FINAL-EBAR-20260629/data/w4096/plant_fine/rice/1/rice/test/data.jsonl.gz	4096	4096	triangular	1200	1	raw_threshold	0.5	0.7	50	4713	88044	7556	1294305	3520582	0.9209623430962343	0.06369158584409582	0.11914348871307467	0.28150955292214397	0.019468537438343692	4910487	2841	1419	4	1415	2837	0.0028188865398167725	0.0014079549454417458	0.0018779342723004692	0.8640130538487465	0.0028188865398167725	0.0014079549454417458	0.0018779342723004692	6.75	0.8858350951374208	1206	0.8797678275290216	0.013134076997177382	0.44280183034142906	0.02393523407250968	0.9633931714185147
PIPE-TEFM-FINAL-STRICTSEG-20260629	software_outputs/tefm_final/PIPE-TEFM-FINAL-20260623/runs/ntv2_250m_H0_w4096_seed42	software_outputs/tefm_final/PIPE-TEFM-FINAL-EBAR-20260629/data/w4096/plant_fine/rice/1/rice/test/data.jsonl.gz	4096	4096	triangular	1200	1	raw_threshold	0.5	0.7	100	4713	88044	7556	1294305	3520582	0.9209623430962343	0.06369158584409582	0.11914348871307467	0.28150955292214397	0.019468537438343692	4910487	2841	1419	4	1415	2837	0.0028188865398167725	0.0014079549454417458	0.0018779342723004692	0.8640130538487465	0.0028188865398167725	0.0014079549454417458	0.0018779342723004692	6.75	0.8858350951374208	1206	0.8797678275290216	0.013134076997177382	0.44280183034142906	0.02393523407250968	0.9633931714185147
PIPE-TEFM-FINAL-STRICTSEG-20260629	software_outputs/tefm_final/PIPE-TEFM-FINAL-20260623/runs/ntv2_250m_H0_w4096_seed42	software_outputs/tefm_final/PIPE-TEFM-FINAL-EBAR-20260629/data/w4096/plant_fine/rice/1/rice/test/data.jsonl.gz	4096	4096	triangular	1200	1	raw_threshold	0.5	0.8	5	4713	88044	7556	1294305	3520582	0.9209623430962343	0.06369158584409582	0.11914348871307467	0.28150955292214397	0.019468537438343692	4910487	2841	1419	4	1415	2837	0.0028188865398167725	0.0014079549454417458	0.0018779342723004692	0.8640130538487465	0.0007047216349541931	0.00035198873636043646	0.0004694835680751173	6.75	0.8858350951374208	1206	0.8797678275290216	0.013134076997177382	0.44280183034142906	0.02393523407250968	0.9633931714185147
PIPE-TEFM-FINAL-STRICTSEG-20260629	software_outputs/tefm_final/PIPE-TEFM-FINAL-20260623/runs/ntv2_250m_H0_w4096_seed42	software_outputs/tefm_final/PIPE-TEFM-FINAL-EBAR-20260629/data/w4096/plant_fine/rice/1/rice/test/data.jsonl.gz	4096	4096	triangular	1200	1	raw_threshold	0.5	0.8	10	4713	88044	7556	1294305	3520582	0.9209623430962343	0.06369158584409582	0.11914348871307467	0.28150955292214397	0.019468537438343692	4910487	2841	1419	4	1415	2837	0.0028188865398167725	0.0014079549454417458	0.0018779342723004692	0.8640130538487465	0.0021141649048625794	0.0010559662090813093	0.001408450704225352	6.75	0.8858350951374208	1206	0.8797678275290216	0.013134076997177382	0.44280183034142906	0.02393523407250968	0.9633931714185147
PIPE-TEFM-FINAL-STRICTSEG-20260629	software_outputs/tefm_final/PIPE-TEFM-FINAL-20260623/runs/ntv2_250m_H0_w4096_seed42	software_outputs/tefm_final/PIPE-TEFM-FINAL-EBAR-20260629/data/w4096/plant_fine/rice/1/rice/test/data.jsonl.gz	4096	4096	triangular	1200	1	raw_threshold	0.5	0.8	25	4713	88044	7556	1294305	3520582	0.9209623430962343	0.06369158584409582	0.11914348871307467	0.28150955292214397	0.019468537438343692	4910487	2841	1419	4	1415	2837	0.0028188865398167725	0.0014079549454417458	0.0018779342723004692	0.8640130538487465	0.0028188865398167725	0.0014079549454417458	0.0018779342723004692	6.75	0.8858350951374208	1206	0.8797678275290216	0.013134076997177382	0.44280183034142906	0.02393523407250968	0.9633931714185147
PIPE-TEFM-FINAL-STRICTSEG-20260629	software_outputs/tefm_final/PIPE-TEFM-FINAL-20260623/runs/ntv2_250m_H0_w4096_seed42	software_outputs/tefm_final/PIPE-TEFM-FINAL-EBAR-20260629/data/w4096/plant_fine/rice/1/rice/test/data.jsonl.gz	4096	4096	triangular	1200	1	raw_threshold	0.5	0.8	50	4713	88044	7556	1294305	3520582	0.9209623430962343	0.06369158584409582	0.11914348871307467	0.28150955292214397	0.019468537438343692	4910487	2841	1419	4	1415	2837	0.0028188865398167725	0.0014079549454417458	0.0018779342723004692	0.8640130538487465	0.0028188865398167725	0.0014079549454417458	0.0018779342723004692	6.75	0.8858350951374208	1206	0.8797678275290216	0.013134076997177382	0.44280183034142906	0.02393523407250968	0.9633931714185147
PIPE-TEFM-FINAL-STRICTSEG-20260629	software_outputs/tefm_final/PIPE-TEFM-FINAL-20260623/runs/ntv2_250m_H0_w4096_seed42	software_outputs/tefm_final/PIPE-TEFM-FINAL-EBAR-20260629/data/w4096/plant_fine/rice/1/rice/test/data.jsonl.gz	4096	4096	triangular	1200	1	raw_threshold	0.5	0.8	100	4713	88044	7556	1294305	3520582	0.9209623430962343	0.06369158584409582	0.11914348871307467	0.28150955292214397	0.019468537438343692	4910487	2841	1419	4	1415	2837	0.0028188865398167725	0.0014079549454417458	0.0018779342723004692	0.8640130538487465	0.0028188865398167725	0.0014079549454417458	0.0018779342723004692	6.75	0.8858350951374208	1206	0.8797678275290216	0.013134076997177382	0.44280183034142906	0.02393523407250968	0.9633931714185147
PIPE-TEFM-FINAL-STRICTSEG-20260629	software_outputs/tefm_final/PIPE-TEFM-FINAL-20260623/runs/ntv2_250m_H0_w4096_seed42	software_outputs/tefm_final/PIPE-TEFM-FINAL-EBAR-20260629/data/w4096/plant_fine/rice/1/rice/test/data.jsonl.gz	4096	4096	triangular	1200	1	raw_threshold	0.5	0.9	5	4713	88044	7556	1294305	3520582	0.9209623430962343	0.06369158584409582	0.11914348871307467	0.28150955292214397	0.019468537438343692	4910487	2841	1419	1	1418	2840	0.0007047216349541931	0.00035198873636043646	0.0004694835680751173	0.9418604651162791	0.0007047216349541931	0.00035198873636043646	0.0004694835680751173	2.5	0.8858350951374208	1206	0.8797678275290216	0.013134076997177382	0.44280183034142906	0.02393523407250968	0.9633931714185147
PIPE-TEFM-FINAL-STRICTSEG-20260629	software_outputs/tefm_final/PIPE-TEFM-FINAL-20260623/runs/ntv2_250m_H0_w4096_seed42	software_outputs/tefm_final/PIPE-TEFM-FINAL-EBAR-20260629/data/w4096/plant_fine/rice/1/rice/test/data.jsonl.gz	4096	4096	triangular	1200	1	raw_threshold	0.5	0.9	10	4713	88044	7556	1294305	3520582	0.9209623430962343	0.06369158584409582	0.11914348871307467	0.28150955292214397	0.019468537438343692	4910487	2841	1419	1	1418	2840	0.0007047216349541931	0.00035198873636043646	0.0004694835680751173	0.9418604651162791	0.0007047216349541931	0.00035198873636043646	0.0004694835680751173	2.5	0.8858350951374208	1206	0.8797678275290216	0.013134076997177382	0.44280183034142906	0.02393523407250968	0.9633931714185147
PIPE-TEFM-FINAL-STRICTSEG-20260629	software_outputs/tefm_final/PIPE-TEFM-FINAL-20260623/runs/ntv2_250m_H0_w4096_seed42	software_outputs/tefm_final/PIPE-TEFM-FINAL-EBAR-20260629/data/w4096/plant_fine/rice/1/rice/test/data.jsonl.gz	4096	4096	triangular	1200	1	raw_threshold	0.5	0.9	25	4713	88044	7556	1294305	3520582	0.9209623430962343	0.06369158584409582	0.11914348871307467	0.28150955292214397	0.019468537438343692	4910487	2841	1419	1	1418	2840	0.0007047216349541931	0.00035198873636043646	0.0004694835680751173	0.9418604651162791	0.0007047216349541931	0.00035198873636043646	0.0004694835680751173	2.5	0.8858350951374208	1206	0.8797678275290216	0.013134076997177382	0.44280183034142906	0.02393523407250968	0.9633931714185147
PIPE-TEFM-FINAL-STRICTSEG-20260629	software_outputs/tefm_final/PIPE-TEFM-FINAL-20260623/runs/ntv2_250m_H0_w4096_seed42	software_outputs/tefm_final/PIPE-TEFM-FINAL-EBAR-20260629/data/w4096/plant_fine/rice/1/rice/test/data.jsonl.gz	4096	4096	triangular	1200	1	raw_threshold	0.5	0.9	50	4713	88044	7556	1294305	3520582	0.9209623430962343	0.06369158584409582	0.11914348871307467	0.28150955292214397	0.019468537438343692	4910487	2841	1419	1	1418	2840	0.0007047216349541931	0.00035198873636043646	0.0004694835680751173	0.9418604651162791	0.0007047216349541931	0.00035198873636043646	0.0004694835680751173	2.5	0.8858350951374208	1206	0.8797678275290216	0.013134076997177382	0.44280183034142906	0.02393523407250968	0.9633931714185147
PIPE-TEFM-FINAL-STRICTSEG-20260629	software_outputs/tefm_final/PIPE-TEFM-FINAL-20260623/runs/ntv2_250m_H0_w4096_seed42	software_outputs/tefm_final/PIPE-TEFM-FINAL-EBAR-20260629/data/w4096/plant_fine/rice/1/rice/test/data.jsonl.gz	4096	4096	triangular	1200	1	raw_threshold	0.5	0.9	100	4713	88044	7556	1294305	3520582	0.9209623430962343	0.06369158584409582	0.11914348871307467	0.28150955292214397	0.019468537438343692	4910487	2841	1419	1	1418	2840	0.0007047216349541931	0.00035198873636043646	0.0004694835680751173	0.9418604651162791	0.0007047216349541931	0.00035198873636043646	0.0004694835680751173	2.5	0.8858350951374208	1206	0.8797678275290216	0.013134076997177382	0.44280183034142906	0.02393523407250968	0.9633931714185147
PIPE-TEFM-FINAL-STRICTSEG-20260629	software_outputs/tefm_final/PIPE-TEFM-FINAL-20260623/runs/ntv2_250m_H0_w4096_seed42	software_outputs/tefm_final/PIPE-TEFM-FINAL-EBAR-20260629/data/w4096/plant_fine/rice/1/rice/test/data.jsonl.gz	4096	4096	triangular	1200	1	gap50_min80	0.5	0.5	5	4713	95300	6957	1287049	3521181	0.9319655378115924	0.06894062208602893	0.12838423123710938	0.28150955292214397	0.02082420745640911	4910487	2841	158	9	149	2832	0.056962025316455694	0.0031678986272439284	0.006002000666888964	0.8402163448471692	0.0189873417721519	0.0010559662090813093	0.0020006668889629873	8.5	0.8860759493670886	1	0.0	0.0	0.049278423090461106	0.012319605772615276	0.9816965857092573
PIPE-TEFM-FINAL-STRICTSEG-20260629	software_outputs/tefm_final/PIPE-TEFM-FINAL-20260623/runs/ntv2_250m_H0_w4096_seed42	software_outputs/tefm_final/PIPE-TEFM-FINAL-EBAR-20260629/data/w4096/plant_fine/rice/1/rice/test/data.jsonl.gz	4096	4096	triangular	1200	1	gap50_min80	0.5	0.5	10	4713	95300	6957	1287049	3521181	0.9319655378115924	0.06894062208602893	0.12838423123710938	0.28150955292214397	0.02082420745640911	4910487	2841	158	9	149	2832	0.056962025316455694	0.0031678986272439284	0.006002000666888964	0.8402163448471692	0.03164556962025317	0.0017599436818021823	0.003334444814938313	8.5	0.8860759493670886	1	0.0	0.0	0.049278423090461106	0.012319605772615276	0.9816965857092573
PIPE-TEFM-FINAL-STRICTSEG-20260629	software_outputs/tefm_final/PIPE-TEFM-FINAL-20260623/runs/ntv2_250m_H0_w4096_seed42	software_outputs/tefm_final/PIPE-TEFM-FINAL-EBAR-20260629/data/w4096/plant_fine/rice/1/rice/test/data.jsonl.gz	4096	4096	triangular	1200	1	gap50_min80	0.5	0.5	25	4713	95300	6957	1287049	3521181	0.9319655378115924	0.06894062208602893	0.12838423123710938	0.28150955292214397	0.02082420745640911	4910487	2841	158	9	149	2832	0.056962025316455694	0.0031678986272439284	0.006002000666888964	0.8402163448471692	0.0379746835443038	0.0021119324181626186	0.004001333777925975	8.5	0.8860759493670886	1	0.0	0.0	0.049278423090461106	0.012319605772615276	0.9816965857092573
PIPE-TEFM-FINAL-STRICTSEG-20260629	software_outputs/tefm_final/PIPE-TEFM-FINAL-20260623/runs/ntv2_250m_H0_w4096_seed42	software_outputs/tefm_final/PIPE-TEFM-FINAL-EBAR-20260629/data/w4096/plant_fine/rice/1/rice/test/data.jsonl.gz	4096	4096	triangular	1200	1	gap50_min80	0.5	0.5	50	4713	95300	6957	1287049	3521181	0.9319655378115924	0.06894062208602893	0.12838423123710938	0.28150955292214397	0.02082420745640911	4910487	2841	158	9	149	2832	0.056962025316455694	0.0031678986272439284	0.006002000666888964	0.8402163448471692	0.04430379746835443	0.0024639211545230554	0.004668222740913638	8.5	0.8860759493670886	1	0.0	0.0	0.049278423090461106	0.012319605772615276	0.9816965857092573
PIPE-TEFM-FINAL-STRICTSEG-20260629	software_outputs/tefm_final/PIPE-TEFM-FINAL-20260623/runs/ntv2_250m_H0_w4096_seed42	software_outputs/tefm_final/PIPE-TEFM-FINAL-EBAR-20260629/data/w4096/plant_fine/rice/1/rice/test/data.jsonl.gz	4096	4096	triangular	1200	1	gap50_min80	0.5	0.5	100	4713	95300	6957	1287049	3521181	0.9319655378115924	0.06894062208602893	0.12838423123710938	0.28150955292214397	0.02082420745640911	4910487	2841	158	9	149	2832	0.056962025316455694	0.0031678986272439284	0.006002000666888964	0.8402163448471692	0.04430379746835443	0.0024639211545230554	0.004668222740913638	8.5	0.8860759493670886	1	0.0	0.0	0.049278423090461106	0.012319605772615276	0.9816965857092573
PIPE-TEFM-FINAL-STRICTSEG-20260629	software_outputs/tefm_final/PIPE-TEFM-FINAL-20260623/runs/ntv2_250m_H0_w4096_seed42	software_outputs/tefm_final/PIPE-TEFM-FINAL-EBAR-20260629/data/w4096/plant_fine/rice/1/rice/test/data.jsonl.gz	4096	4096	triangular	1200	1	gap50_min80	0.5	0.7	5	4713	95300	6957	1287049	3521181	0.9319655378115924	0.06894062208602893	0.12838423123710938	0.28150955292214397	0.02082420745640911	4910487	2841	158	7	151	2834	0.04430379746835443	0.0024639211545230554	0.004668222740913638	0.9075307018295655	0.0189873417721519	0.0010559662090813093	0.0020006668889629873	8.0	0.8860759493670886	1	0.0	0.0	0.049278423090461106	0.012319605772615276	0.9816965857092573
PIPE-TEFM-FINAL-STRICTSEG-20260629	software_outputs/tefm_final/PIPE-TEFM-FINAL-20260623/runs/ntv2_250m_H0_w4096_seed42	software_outputs/tefm_final/PIPE-TEFM-FINAL-EBAR-20260629/data/w4096/plant_fine/rice/1/rice/test/data.jsonl.gz	4096	4096	triangular	1200	1	gap50_min80	0.5	0.7	10	4713	95300	6957	1287049	3521181	0.9319655378115924	0.06894062208602893	0.12838423123710938	0.28150955292214397	0.02082420745640911	4910487	2841	158	7	151	2834	0.04430379746835443	0.0024639211545230554	0.004668222740913638	0.9075307018295655	0.03164556962025317	0.0017599436818021823	0.003334444814938313	8.0	0.8860759493670886	1	0.0	0.0	0.049278423090461106	0.012319605772615276	0.9816965857092573
PIPE-TEFM-FINAL-STRICTSEG-20260629	software_outputs/tefm_final/PIPE-TEFM-FINAL-20260623/runs/ntv2_250m_H0_w4096_seed42	software_outputs/tefm_final/PIPE-TEFM-FINAL-EBAR-20260629/data/w4096/plant_fine/rice/1/rice/test/data.jsonl.gz	4096	4096	triangular	1200	1	gap50_min80	0.5	0.7	25	4713	95300	6957	1287049	3521181	0.9319655378115924	0.06894062208602893	0.12838423123710938	0.28150955292214397	0.02082420745640911	4910487	2841	158	7	151	2834	0.04430379746835443	0.0024639211545230554	0.004668222740913638	0.9075307018295655	0.0379746835443038	0.0021119324181626186	0.004001333777925975	8.0	0.8860759493670886	1	0.0	0.0	0.049278423090461106	0.012319605772615276	0.9816965857092573
PIPE-TEFM-FINAL-STRICTSEG-20260629	software_outputs/tefm_final/PIPE-TEFM-FINAL-20260623/runs/ntv2_250m_H0_w4096_seed42	software_outputs/tefm_final/PIPE-TEFM-FINAL-EBAR-20260629/data/w4096/plant_fine/rice/1/rice/test/data.jsonl.gz	4096	4096	triangular	1200	1	gap50_min80	0.5	0.7	50	4713	95300	6957	1287049	3521181	0.9319655378115924	0.06894062208602893	0.12838423123710938	0.28150955292214397	0.02082420745640911	4910487	2841	158	7	151	2834	0.04430379746835443	0.0024639211545230554	0.004668222740913638	0.9075307018295655	0.0379746835443038	0.0021119324181626186	0.004001333777925975	8.0	0.8860759493670886	1	0.0	0.0	0.049278423090461106	0.012319605772615276	0.9816965857092573
PIPE-TEFM-FINAL-STRICTSEG-20260629	software_outputs/tefm_final/PIPE-TEFM-FINAL-20260623/runs/ntv2_250m_H0_w4096_seed42	software_outputs/tefm_final/PIPE-TEFM-FINAL-EBAR-20260629/data/w4096/plant_fine/rice/1/rice/test/data.jsonl.gz	4096	4096	triangular	1200	1	gap50_min80	0.5	0.7	100	4713	95300	6957	1287049	3521181	0.9319655378115924	0.06894062208602893	0.12838423123710938	0.28150955292214397	0.02082420745640911	4910487	2841	158	7	151	2834	0.04430379746835443	0.0024639211545230554	0.004668222740913638	0.9075307018295655	0.0379746835443038	0.0021119324181626186	0.004001333777925975	8.0	0.8860759493670886	1	0.0	0.0	0.049278423090461106	0.012319605772615276	0.9816965857092573
PIPE-TEFM-FINAL-STRICTSEG-20260629	software_outputs/tefm_final/PIPE-TEFM-FINAL-20260623/runs/ntv2_250m_H0_w4096_seed42	software_outputs/tefm_final/PIPE-TEFM-FINAL-EBAR-20260629/data/w4096/plant_fine/rice/1/rice/test/data.jsonl.gz	4096	4096	triangular	1200	1	gap50_min80	0.5	0.8	5	4713	95300	6957	1287049	3521181	0.9319655378115924	0.06894062208602893	0.12838423123710938	0.28150955292214397	0.02082420745640911	4910487	2841	158	7	151	2834	0.04430379746835443	0.0024639211545230554	0.004668222740913638	0.9075307018295655	0.0189873417721519	0.0010559662090813093	0.0020006668889629873	8.0	0.8860759493670886	1	0.0	0.0	0.049278423090461106	0.012319605772615276	0.9816965857092573
PIPE-TEFM-FINAL-STRICTSEG-20260629	software_outputs/tefm_final/PIPE-TEFM-FINAL-20260623/runs/ntv2_250m_H0_w4096_seed42	software_outputs/tefm_final/PIPE-TEFM-FINAL-EBAR-20260629/data/w4096/plant_fine/rice/1/rice/test/data.jsonl.gz	4096	4096	triangular	1200	1	gap50_min80	0.5	0.8	10	4713	95300	6957	1287049	3521181	0.9319655378115924	0.06894062208602893	0.12838423123710938	0.28150955292214397	0.02082420745640911	4910487	2841	158	7	151	2834	0.04430379746835443	0.0024639211545230554	0.004668222740913638	0.9075307018295655	0.03164556962025317	0.0017599436818021823	0.003334444814938313	8.0	0.8860759493670886	1	0.0	0.0	0.049278423090461106	0.012319605772615276	0.9816965857092573
PIPE-TEFM-FINAL-STRICTSEG-20260629	software_outputs/tefm_final/PIPE-TEFM-FINAL-20260623/runs/ntv2_250m_H0_w4096_seed42	software_outputs/tefm_final/PIPE-TEFM-FINAL-EBAR-20260629/data/w4096/plant_fine/rice/1/rice/test/data.jsonl.gz	4096	4096	triangular	1200	1	gap50_min80	0.5	0.8	25	4713	95300	6957	1287049	3521181	0.9319655378115924	0.06894062208602893	0.12838423123710938	0.28150955292214397	0.02082420745640911	4910487	2841	158	7	151	2834	0.04430379746835443	0.0024639211545230554	0.004668222740913638	0.9075307018295655	0.0379746835443038	0.0021119324181626186	0.004001333777925975	8.0	0.8860759493670886	1	0.0	0.0	0.049278423090461106	0.012319605772615276	0.9816965857092573
PIPE-TEFM-FINAL-STRICTSEG-20260629	software_outputs/tefm_final/PIPE-TEFM-FINAL-20260623/runs/ntv2_250m_H0_w4096_seed42	software_outputs/tefm_final/PIPE-TEFM-FINAL-EBAR-20260629/data/w4096/plant_fine/rice/1/rice/test/data.jsonl.gz	4096	4096	triangular	1200	1	gap50_min80	0.5	0.8	50	4713	95300	6957	1287049	3521181	0.9319655378115924	0.06894062208602893	0.12838423123710938	0.28150955292214397	0.02082420745640911	4910487	2841	158	7	151	2834	0.04430379746835443	0.0024639211545230554	0.004668222740913638	0.9075307018295655	0.0379746835443038	0.0021119324181626186	0.004001333777925975	8.0	0.8860759493670886	1	0.0	0.0	0.049278423090461106	0.012319605772615276	0.9816965857092573
PIPE-TEFM-FINAL-STRICTSEG-20260629	software_outputs/tefm_final/PIPE-TEFM-FINAL-20260623/runs/ntv2_250m_H0_w4096_seed42	software_outputs/tefm_final/PIPE-TEFM-FINAL-EBAR-20260629/data/w4096/plant_fine/rice/1/rice/test/data.jsonl.gz	4096	4096	triangular	1200	1	gap50_min80	0.5	0.8	100	4713	95300	6957	1287049	3521181	0.9319655378115924	0.06894062208602893	0.12838423123710938	0.28150955292214397	0.02082420745640911	4910487	2841	158	7	151	2834	0.04430379746835443	0.0024639211545230554	0.004668222740913638	0.9075307018295655	0.0379746835443038	0.0021119324181626186	0.004001333777925975	8.0	0.8860759493670886	1	0.0	0.0	0.049278423090461106	0.012319605772615276	0.9816965857092573
PIPE-TEFM-FINAL-STRICTSEG-20260629	software_outputs/tefm_final/PIPE-TEFM-FINAL-20260623/runs/ntv2_250m_H0_w4096_seed42	software_outputs/tefm_final/PIPE-TEFM-FINAL-EBAR-20260629/data/w4096/plant_fine/rice/1/rice/test/data.jsonl.gz	4096	4096	triangular	1200	1	gap50_min80	0.5	0.9	5	4713	95300	6957	1287049	3521181	0.9319655378115924	0.06894062208602893	0.12838423123710938	0.28150955292214397	0.02082420745640911	4910487	2841	158	4	154	2837	0.02531645569620253	0.0014079549454417458	0.0026675558519506505	0.9421459750103305	0.0189873417721519	0.0010559662090813093	0.0020006668889629873	4.0	0.8860759493670886	1	0.0	0.0	0.049278423090461106	0.012319605772615276	0.9816965857092573
PIPE-TEFM-FINAL-STRICTSEG-20260629	software_outputs/tefm_final/PIPE-TEFM-FINAL-20260623/runs/ntv2_250m_H0_w4096_seed42	software_outputs/tefm_final/PIPE-TEFM-FINAL-EBAR-20260629/data/w4096/plant_fine/rice/1/rice/test/data.jsonl.gz	4096	4096	triangular	1200	1	gap50_min80	0.5	0.9	10	4713	95300	6957	1287049	3521181	0.9319655378115924	0.06894062208602893	0.12838423123710938	0.28150955292214397	0.02082420745640911	4910487	2841	158	4	154	2837	0.02531645569620253	0.0014079549454417458	0.0026675558519506505	0.9421459750103305	0.02531645569620253	0.0014079549454417458	0.0026675558519506505	4.0	0.8860759493670886	1	0.0	0.0	0.049278423090461106	0.012319605772615276	0.9816965857092573
PIPE-TEFM-FINAL-STRICTSEG-20260629	software_outputs/tefm_final/PIPE-TEFM-FINAL-20260623/runs/ntv2_250m_H0_w4096_seed42	software_outputs/tefm_final/PIPE-TEFM-FINAL-EBAR-20260629/data/w4096/plant_fine/rice/1/rice/test/data.jsonl.gz	4096	4096	triangular	1200	1	gap50_min80	0.5	0.9	25	4713	95300	6957	1287049	3521181	0.9319655378115924	0.06894062208602893	0.12838423123710938	0.28150955292214397	0.02082420745640911	4910487	2841	158	4	154	2837	0.02531645569620253	0.0014079549454417458	0.0026675558519506505	0.9421459750103305	0.02531645569620253	0.0014079549454417458	0.0026675558519506505	4.0	0.8860759493670886	1	0.0	0.0	0.049278423090461106	0.012319605772615276	0.9816965857092573
PIPE-TEFM-FINAL-STRICTSEG-20260629	software_outputs/tefm_final/PIPE-TEFM-FINAL-20260623/runs/ntv2_250m_H0_w4096_seed42	software_outputs/tefm_final/PIPE-TEFM-FINAL-EBAR-20260629/data/w4096/plant_fine/rice/1/rice/test/data.jsonl.gz	4096	4096	triangular	1200	1	gap50_min80	0.5	0.9	50	4713	95300	6957	1287049	3521181	0.9319655378115924	0.06894062208602893	0.12838423123710938	0.28150955292214397	0.02082420745640911	4910487	2841	158	4	154	2837	0.02531645569620253	0.0014079549454417458	0.0026675558519506505	0.9421459750103305	0.02531645569620253	0.0014079549454417458	0.0026675558519506505	4.0	0.8860759493670886	1	0.0	0.0	0.049278423090461106	0.012319605772615276	0.9816965857092573
PIPE-TEFM-FINAL-STRICTSEG-20260629	software_outputs/tefm_final/PIPE-TEFM-FINAL-20260623/runs/ntv2_250m_H0_w4096_seed42	software_outputs/tefm_final/PIPE-TEFM-FINAL-EBAR-20260629/data/w4096/plant_fine/rice/1/rice/test/data.jsonl.gz	4096	4096	triangular	1200	1	gap50_min80	0.5	0.9	100	4713	95300	6957	1287049	3521181	0.9319655378115924	0.06894062208602893	0.12838423123710938	0.28150955292214397	0.02082420745640911	4910487	2841	158	4	154	2837	0.02531645569620253	0.0014079549454417458	0.0026675558519506505	0.9421459750103305	0.02531645569620253	0.0014079549454417458	0.0026675558519506505	4.0	0.8860759493670886	1	0.0	0.0	0.049278423090461106	0.012319605772615276	0.9816965857092573
PIPE-TEFM-FINAL-STRICTSEG-20260629	software_outputs/tefm_final/PIPE-TEFM-FINAL-20260623/runs/ntv2_250m_H0_w4096_seed42	software_outputs/tefm_final/PIPE-TEFM-FINAL-EBAR-20260629/data/w4096/plant_fine/rice/1/rice/test/data.jsonl.gz	4096	4096	triangular	1200	1	gap100_min100	0.5	0.5	5	4713	98653	6818	1283696	3521320	0.9353566383176418	0.07136620346960137	0.13261416031509188	0.28150955292214397	0.02147872502258941	4910487	2841	127	5	122	2836	0.03937007874015748	0.0017599436818021823	0.0033692722371967652	0.8583696440734494	0.0	0.0	0.0	12.5	0.9133858267716536	0	0.0	0.0	0.04083069341781063	0.010207673354452657	0.9838085181274199
PIPE-TEFM-FINAL-STRICTSEG-20260629	software_outputs/tefm_final/PIPE-TEFM-FINAL-20260623/runs/ntv2_250m_H0_w4096_seed42	software_outputs/tefm_final/PIPE-TEFM-FINAL-EBAR-20260629/data/w4096/plant_fine/rice/1/rice/test/data.jsonl.gz	4096	4096	triangular	1200	1	gap100_min100	0.5	0.5	10	4713	98653	6818	1283696	3521320	0.9353566383176418	0.07136620346960137	0.13261416031509188	0.28150955292214397	0.02147872502258941	4910487	2841	127	5	122	2836	0.03937007874015748	0.0017599436818021823	0.0033692722371967652	0.8583696440734494	0.015748031496062992	0.0007039774727208729	0.001347708894878706	12.5	0.9133858267716536	0	0.0	0.0	0.04083069341781063	0.010207673354452657	0.9838085181274199
PIPE-TEFM-FINAL-STRICTSEG-20260629	software_outputs/tefm_final/PIPE-TEFM-FINAL-20260623/runs/ntv2_250m_H0_w4096_seed42	software_outputs/tefm_final/PIPE-TEFM-FINAL-EBAR-20260629/data/w4096/plant_fine/rice/1/rice/test/data.jsonl.gz	4096	4096	triangular	1200	1	gap100_min100	0.5	0.5	25	4713	98653	6818	1283696	3521320	0.9353566383176418	0.07136620346960137	0.13261416031509188	0.28150955292214397	0.02147872502258941	4910487	2841	127	5	122	2836	0.03937007874015748	0.0017599436818021823	0.0033692722371967652	0.8583696440734494	0.023622047244094488	0.0010559662090813093	0.002021563342318059	12.5	0.9133858267716536	0	0.0	0.0	0.04083069341781063	0.010207673354452657	0.9838085181274199
PIPE-TEFM-FINAL-STRICTSEG-20260629	software_outputs/tefm_final/PIPE-TEFM-FINAL-20260623/runs/ntv2_250m_H0_w4096_seed42	software_outputs/tefm_final/PIPE-TEFM-FINAL-EBAR-20260629/data/w4096/plant_fine/rice/1/rice/test/data.jsonl.gz	4096	4096	triangular	1200	1	gap100_min100	0.5	0.5	50	4713	98653	6818	1283696	3521320	0.9353566383176418	0.07136620346960137	0.13261416031509188	0.28150955292214397	0.02147872502258941	4910487	2841	127	5	122	2836	0.03937007874015748	0.0017599436818021823	0.0033692722371967652	0.8583696440734494	0.023622047244094488	0.0010559662090813093	0.002021563342318059	12.5	0.9133858267716536	0	0.0	0.0	0.04083069341781063	0.010207673354452657	0.9838085181274199
PIPE-TEFM-FINAL-STRICTSEG-20260629	software_outputs/tefm_final/PIPE-TEFM-FINAL-20260623/runs/ntv2_250m_H0_w4096_seed42	software_outputs/tefm_final/PIPE-TEFM-FINAL-EBAR-20260629/data/w4096/plant_fine/rice/1/rice/test/data.jsonl.gz	4096	4096	triangular	1200	1	gap100_min100	0.5	0.5	100	4713	98653	6818	1283696	3521320	0.9353566383176418	0.07136620346960137	0.13261416031509188	0.28150955292214397	0.02147872502258941	4910487	2841	127	5	122	2836	0.03937007874015748	0.0017599436818021823	0.0033692722371967652	0.8583696440734494	0.023622047244094488	0.0010559662090813093	0.002021563342318059	12.5	0.9133858267716536	0	0.0	0.0	0.04083069341781063	0.010207673354452657	0.9838085181274199
PIPE-TEFM-FINAL-STRICTSEG-20260629	software_outputs/tefm_final/PIPE-TEFM-FINAL-20260623/runs/ntv2_250m_H0_w4096_seed42	software_outputs/tefm_final/PIPE-TEFM-FINAL-EBAR-20260629/data/w4096/plant_fine/rice/1/rice/test/data.jsonl.gz	4096	4096	triangular	1200	1	gap100_min100	0.5	0.7	5	4713	98653	6818	1283696	3521320	0.9353566383176418	0.07136620346960137	0.13261416031509188	0.28150955292214397	0.02147872502258941	4910487	2841	127	4	123	2837	0.031496062992125984	0.0014079549454417458	0.002695417789757412	0.932524510984543	0.0	0.0	0.0	10.5	0.9133858267716536	0	0.0	0.0	0.04083069341781063	0.010207673354452657	0.9838085181274199
PIPE-TEFM-FINAL-STRICTSEG-20260629	software_outputs/tefm_final/PIPE-TEFM-FINAL-20260623/runs/ntv2_250m_H0_w4096_seed42	software_outputs/tefm_final/PIPE-TEFM-FINAL-EBAR-20260629/data/w4096/plant_fine/rice/1/rice/test/data.jsonl.gz	4096	4096	triangular	1200	1	gap100_min100	0.5	0.7	10	4713	98653	6818	1283696	3521320	0.9353566383176418	0.07136620346960137	0.13261416031509188	0.28150955292214397	0.02147872502258941	4910487	2841	127	4	123	2837	0.031496062992125984	0.0014079549454417458	0.002695417789757412	0.932524510984543	0.015748031496062992	0.0007039774727208729	0.001347708894878706	10.5	0.9133858267716536	0	0.0	0.0	0.04083069341781063	0.010207673354452657	0.9838085181274199
PIPE-TEFM-FINAL-STRICTSEG-20260629	software_outputs/tefm_final/PIPE-TEFM-FINAL-20260623/runs/ntv2_250m_H0_w4096_seed42	software_outputs/tefm_final/PIPE-TEFM-FINAL-EBAR-20260629/data/w4096/plant_fine/rice/1/rice/test/data.jsonl.gz	4096	4096	triangular	1200	1	gap100_min100	0.5	0.7	25	4713	98653	6818	1283696	3521320	0.9353566383176418	0.07136620346960137	0.13261416031509188	0.28150955292214397	0.02147872502258941	4910487	2841	127	4	123	2837	0.031496062992125984	0.0014079549454417458	0.002695417789757412	0.932524510984543	0.023622047244094488	0.0010559662090813093	0.002021563342318059	10.5	0.9133858267716536	0	0.0	0.0	0.04083069341781063	0.010207673354452657	0.9838085181274199
PIPE-TEFM-FINAL-STRICTSEG-20260629	software_outputs/tefm_final/PIPE-TEFM-FINAL-20260623/runs/ntv2_250m_H0_w4096_seed42	software_outputs/tefm_final/PIPE-TEFM-FINAL-EBAR-20260629/data/w4096/plant_fine/rice/1/rice/test/data.jsonl.gz	4096	4096	triangular	1200	1	gap100_min100	0.5	0.7	50	4713	98653	6818	1283696	3521320	0.9353566383176418	0.07136620346960137	0.13261416031509188	0.28150955292214397	0.02147872502258941	4910487	2841	127	4	123	2837	0.031496062992125984	0.0014079549454417458	0.002695417789757412	0.932524510984543	0.023622047244094488	0.0010559662090813093	0.002021563342318059	10.5	0.9133858267716536	0	0.0	0.0	0.04083069341781063	0.010207673354452657	0.9838085181274199
PIPE-TEFM-FINAL-STRICTSEG-20260629	software_outputs/tefm_final/PIPE-TEFM-FINAL-20260623/runs/ntv2_250m_H0_w4096_seed42	software_outputs/tefm_final/PIPE-TEFM-FINAL-EBAR-20260629/data/w4096/plant_fine/rice/1/rice/test/data.jsonl.gz	4096	4096	triangular	1200	1	gap100_min100	0.5	0.7	100	4713	98653	6818	1283696	3521320	0.9353566383176418	0.07136620346960137	0.13261416031509188	0.28150955292214397	0.02147872502258941	4910487	2841	127	4	123	2837	0.031496062992125984	0.0014079549454417458	0.002695417789757412	0.932524510984543	0.023622047244094488	0.0010559662090813093	0.002021563342318059	10.5	0.9133858267716536	0	0.0	0.0	0.04083069341781063	0.010207673354452657	0.9838085181274199
PIPE-TEFM-FINAL-STRICTSEG-20260629	software_outputs/tefm_final/PIPE-TEFM-FINAL-20260623/runs/ntv2_250m_H0_w4096_seed42	software_outputs/tefm_final/PIPE-TEFM-FINAL-EBAR-20260629/data/w4096/plant_fine/rice/1/rice/test/data.jsonl.gz	4096	4096	triangular	1200	1	gap100_min100	0.5	0.8	5	4713	98653	6818	1283696	3521320	0.9353566383176418	0.07136620346960137	0.13261416031509188	0.28150955292214397	0.02147872502258941	4910487	2841	127	4	123	2837	0.031496062992125984	0.0014079549454417458	0.002695417789757412	0.932524510984543	0.0	0.0	0.0	10.5	0.9133858267716536	0	0.0	0.0	0.04083069341781063	0.010207673354452657	0.9838085181274199
PIPE-TEFM-FINAL-STRICTSEG-20260629	software_outputs/tefm_final/PIPE-TEFM-FINAL-20260623/runs/ntv2_250m_H0_w4096_seed42	software_outputs/tefm_final/PIPE-TEFM-FINAL-EBAR-20260629/data/w4096/plant_fine/rice/1/rice/test/data.jsonl.gz	4096	4096	triangular	1200	1	gap100_min100	0.5	0.8	10	4713	98653	6818	1283696	3521320	0.9353566383176418	0.07136620346960137	0.13261416031509188	0.28150955292214397	0.02147872502258941	4910487	2841	127	4	123	2837	0.031496062992125984	0.0014079549454417458	0.002695417789757412	0.932524510984543	0.015748031496062992	0.0007039774727208729	0.001347708894878706	10.5	0.9133858267716536	0	0.0	0.0	0.04083069341781063	0.010207673354452657	0.9838085181274199
PIPE-TEFM-FINAL-STRICTSEG-20260629	software_outputs/tefm_final/PIPE-TEFM-FINAL-20260623/runs/ntv2_250m_H0_w4096_seed42	software_outputs/tefm_final/PIPE-TEFM-FINAL-EBAR-20260629/data/w4096/plant_fine/rice/1/rice/test/data.jsonl.gz	4096	4096	triangular	1200	1	gap100_min100	0.5	0.8	25	4713	98653	6818	1283696	3521320	0.9353566383176418	0.07136620346960137	0.13261416031509188	0.28150955292214397	0.02147872502258941	4910487	2841	127	4	123	2837	0.031496062992125984	0.0014079549454417458	0.002695417789757412	0.932524510984543	0.023622047244094488	0.0010559662090813093	0.002021563342318059	10.5	0.9133858267716536	0	0.0	0.0	0.04083069341781063	0.010207673354452657	0.9838085181274199
PIPE-TEFM-FINAL-STRICTSEG-20260629	software_outputs/tefm_final/PIPE-TEFM-FINAL-20260623/runs/ntv2_250m_H0_w4096_seed42	software_outputs/tefm_final/PIPE-TEFM-FINAL-EBAR-20260629/data/w4096/plant_fine/rice/1/rice/test/data.jsonl.gz	4096	4096	triangular	1200	1	gap100_min100	0.5	0.8	50	4713	98653	6818	1283696	3521320	0.9353566383176418	0.07136620346960137	0.13261416031509188	0.28150955292214397	0.02147872502258941	4910487	2841	127	4	123	2837	0.031496062992125984	0.0014079549454417458	0.002695417789757412	0.932524510984543	0.023622047244094488	0.0010559662090813093	0.002021563342318059	10.5	0.9133858267716536	0	0.0	0.0	0.04083069341781063	0.010207673354452657	0.9838085181274199
PIPE-TEFM-FINAL-STRICTSEG-20260629	software_outputs/tefm_final/PIPE-TEFM-FINAL-20260623/runs/ntv2_250m_H0_w4096_seed42	software_outputs/tefm_final/PIPE-TEFM-FINAL-EBAR-20260629/data/w4096/plant_fine/rice/1/rice/test/data.jsonl.gz	4096	4096	triangular	1200	1	gap100_min100	0.5	0.8	100	4713	98653	6818	1283696	3521320	0.9353566383176418	0.07136620346960137	0.13261416031509188	0.28150955292214397	0.02147872502258941	4910487	2841	127	4	123	2837	0.031496062992125984	0.0014079549454417458	0.002695417789757412	0.932524510984543	0.023622047244094488	0.0010559662090813093	0.002021563342318059	10.5	0.9133858267716536	0	0.0	0.0	0.04083069341781063	0.010207673354452657	0.9838085181274199
PIPE-TEFM-FINAL-STRICTSEG-20260629	software_outputs/tefm_final/PIPE-TEFM-FINAL-20260623/runs/ntv2_250m_H0_w4096_seed42	software_outputs/tefm_final/PIPE-TEFM-FINAL-EBAR-20260629/data/w4096/plant_fine/rice/1/rice/test/data.jsonl.gz	4096	4096	triangular	1200	1	gap100_min100	0.5	0.9	5	4713	98653	6818	1283696	3521320	0.9353566383176418	0.07136620346960137	0.13261416031509188	0.28150955292214397	0.02147872502258941	4910487	2841	127	3	124	2838	0.023622047244094488	0.0010559662090813093	0.002021563342318059	0.9560731969664994	0.0	0.0	0.0	8.5	0.9133858267716536	0	0.0	0.0	0.04083069341781063	0.010207673354452657	0.9838085181274199
PIPE-TEFM-FINAL-STRICTSEG-20260629	software_outputs/tefm_final/PIPE-TEFM-FINAL-20260623/runs/ntv2_250m_H0_w4096_seed42	software_outputs/tefm_final/PIPE-TEFM-FINAL-EBAR-20260629/data/w4096/plant_fine/rice/1/rice/test/data.jsonl.gz	4096	4096	triangular	1200	1	gap100_min100	0.5	0.9	10	4713	98653	6818	1283696	3521320	0.9353566383176418	0.07136620346960137	0.13261416031509188	0.28150955292214397	0.02147872502258941	4910487	2841	127	3	124	2838	0.023622047244094488	0.0010559662090813093	0.002021563342318059	0.9560731969664994	0.015748031496062992	0.0007039774727208729	0.001347708894878706	8.5	0.9133858267716536	0	0.0	0.0	0.04083069341781063	0.010207673354452657	0.9838085181274199
PIPE-TEFM-FINAL-STRICTSEG-20260629	software_outputs/tefm_final/PIPE-TEFM-FINAL-20260623/runs/ntv2_250m_H0_w4096_seed42	software_outputs/tefm_final/PIPE-TEFM-FINAL-EBAR-20260629/data/w4096/plant_fine/rice/1/rice/test/data.jsonl.gz	4096	4096	triangular	1200	1	gap100_min100	0.5	0.9	25	4713	98653	6818	1283696	3521320	0.9353566383176418	0.07136620346960137	0.13261416031509188	0.28150955292214397	0.02147872502258941	4910487	2841	127	3	124	2838	0.023622047244094488	0.0010559662090813093	0.002021563342318059	0.9560731969664994	0.015748031496062992	0.0007039774727208729	0.001347708894878706	8.5	0.9133858267716536	0	0.0	0.0	0.04083069341781063	0.010207673354452657	0.9838085181274199
PIPE-TEFM-FINAL-STRICTSEG-20260629	software_outputs/tefm_final/PIPE-TEFM-FINAL-20260623/runs/ntv2_250m_H0_w4096_seed42	software_outputs/tefm_final/PIPE-TEFM-FINAL-EBAR-20260629/data/w4096/plant_fine/rice/1/rice/test/data.jsonl.gz	4096	4096	triangular	1200	1	gap100_min100	0.5	0.9	50	4713	98653	6818	1283696	3521320	0.9353566383176418	0.07136620346960137	0.13261416031509188	0.28150955292214397	0.02147872502258941	4910487	2841	127	3	124	2838	0.023622047244094488	0.0010559662090813093	0.002021563342318059	0.9560731969664994	0.015748031496062992	0.0007039774727208729	0.001347708894878706	8.5	0.9133858267716536	0	0.0	0.0	0.04083069341781063	0.010207673354452657	0.9838085181274199
PIPE-TEFM-FINAL-STRICTSEG-20260629	software_outputs/tefm_final/PIPE-TEFM-FINAL-20260623/runs/ntv2_250m_H0_w4096_seed42	software_outputs/tefm_final/PIPE-TEFM-FINAL-EBAR-20260629/data/w4096/plant_fine/rice/1/rice/test/data.jsonl.gz	4096	4096	triangular	1200	1	gap100_min100	0.5	0.9	100	4713	98653	6818	1283696	3521320	0.9353566383176418	0.07136620346960137	0.13261416031509188	0.28150955292214397	0.02147872502258941	4910487	2841	127	3	124	2838	0.023622047244094488	0.0010559662090813093	0.002021563342318059	0.9560731969664994	0.015748031496062992	0.0007039774727208729	0.001347708894878706	8.5	0.9133858267716536	0	0.0	0.0	0.04083069341781063	0.010207673354452657	0.9838085181274199
PIPE-TEFM-FINAL-STRICTSEG-20260629	software_outputs/tefm_final/PIPE-TEFM-FINAL-20260623/runs/ntv2_250m_H0_w4096_seed42	software_outputs/tefm_final/PIPE-TEFM-FINAL-EBAR-20260629/data/w4096/plant_fine/rice/1/rice/test/data.jsonl.gz	4096	4096	triangular	1200	1	hmm_penalty2	0.5	0.5	5	4713	89164	7458	1293185	3520680	0.9228126099646043	0.06450180092002815	0.12057572460852849	0.28150955292214397	0.019676663434807992	4910487	2841	509	15	494	2826	0.029469548133595286	0.005279831045406547	0.008955223880597015	0.6926245289432493	0.0019646365422396855	0.00035198873636043646	0.0005970149253731343	21.0	0.8644400785854617	316	0.819620253164557	0.04406439372329043	0.15522703273495247	0.017599436818021823	0.966913058782119
PIPE-TEFM-FINAL-STRICTSEG-20260629	software_outputs/tefm_final/PIPE-TEFM-FINAL-20260623/runs/ntv2_250m_H0_w4096_seed42	software_outputs/tefm_final/PIPE-TEFM-FINAL-EBAR-20260629/data/w4096/plant_fine/rice/1/rice/test/data.jsonl.gz	4096	4096	triangular	1200	1	hmm_penalty2	0.5	0.5	10	4713	89164	7458	1293185	3520680	0.9228126099646043	0.06450180092002815	0.12057572460852849	0.28150955292214397	0.019676663434807992	4910487	2841	509	15	494	2826	0.029469548133595286	0.005279831045406547	0.008955223880597015	0.6926245289432493	0.005893909626719057	0.0010559662090813093	0.0017910447761194028	21.0	0.8644400785854617	316	0.819620253164557	0.04406439372329043	0.15522703273495247	0.017599436818021823	0.966913058782119
PIPE-TEFM-FINAL-STRICTSEG-20260629	software_outputs/tefm_final/PIPE-TEFM-FINAL-20260623/runs/ntv2_250m_H0_w4096_seed42	software_outputs/tefm_final/PIPE-TEFM-FINAL-EBAR-20260629/data/w4096/plant_fine/rice/1/rice/test/data.jsonl.gz	4096	4096	triangular	1200	1	hmm_penalty2	0.5	0.5	25	4713	89164	7458	1293185	3520680	0.9228126099646043	0.06450180092002815	0.12057572460852849	0.28150955292214397	0.019676663434807992	4910487	2841	509	15	494	2826	0.029469548133595286	0.005279831045406547	0.008955223880597015	0.6926245289432493	0.011787819253438114	0.0021119324181626186	0.0035820895522388056	21.0	0.8644400785854617	316	0.819620253164557	0.04406439372329043	0.15522703273495247	0.017599436818021823	0.966913058782119
PIPE-TEFM-FINAL-STRICTSEG-20260629	software_outputs/tefm_final/PIPE-TEFM-FINAL-20260623/runs/ntv2_250m_H0_w4096_seed42	software_outputs/tefm_final/PIPE-TEFM-FINAL-EBAR-20260629/data/w4096/plant_fine/rice/1/rice/test/data.jsonl.gz	4096	4096	triangular	1200	1	hmm_penalty2	0.5	0.5	50	4713	89164	7458	1293185	3520680	0.9228126099646043	0.06450180092002815	0.12057572460852849	0.28150955292214397	0.019676663434807992	4910487	2841	509	15	494	2826	0.029469548133595286	0.005279831045406547	0.008955223880597015	0.6926245289432493	0.01768172888015717	0.0031678986272439284	0.0053731343283582094	21.0	0.8644400785854617	316	0.819620253164557	0.04406439372329043	0.15522703273495247	0.017599436818021823	0.966913058782119
PIPE-TEFM-FINAL-STRICTSEG-20260629	software_outputs/tefm_final/PIPE-TEFM-FINAL-20260623/runs/ntv2_250m_H0_w4096_seed42	software_outputs/tefm_final/PIPE-TEFM-FINAL-EBAR-20260629/data/w4096/plant_fine/rice/1/rice/test/data.jsonl.gz	4096	4096	triangular	1200	1	hmm_penalty2	0.5	0.5	100	4713	89164	7458	1293185	3520680	0.9228126099646043	0.06450180092002815	0.12057572460852849	0.28150955292214397	0.019676663434807992	4910487	2841	509	15	494	2826	0.029469548133595286	0.005279831045406547	0.008955223880597015	0.6926245289432493	0.0275049115913556	0.004927842309046111	0.008358208955223882	21.0	0.8644400785854617	316	0.819620253164557	0.04406439372329043	0.15522703273495247	0.017599436818021823	0.966913058782119
PIPE-TEFM-FINAL-STRICTSEG-20260629	software_outputs/tefm_final/PIPE-TEFM-FINAL-20260623/runs/ntv2_250m_H0_w4096_seed42	software_outputs/tefm_final/PIPE-TEFM-FINAL-EBAR-20260629/data/w4096/plant_fine/rice/1/rice/test/data.jsonl.gz	4096	4096	triangular	1200	1	hmm_penalty2	0.5	0.7	5	4713	89164	7458	1293185	3520680	0.9228126099646043	0.06450180092002815	0.12057572460852849	0.28150955292214397	0.019676663434807992	4910487	2841	509	6	503	2835	0.011787819253438114	0.0021119324181626186	0.0035820895522388056	0.8707874230471729	0.0019646365422396855	0.00035198873636043646	0.0005970149253731343	8.25	0.8644400785854617	316	0.819620253164557	0.04406439372329043	0.15522703273495247	0.017599436818021823	0.966913058782119
PIPE-TEFM-FINAL-STRICTSEG-20260629	software_outputs/tefm_final/PIPE-TEFM-FINAL-20260623/runs/ntv2_250m_H0_w4096_seed42	software_outputs/tefm_final/PIPE-TEFM-FINAL-EBAR-20260629/data/w4096/plant_fine/rice/1/rice/test/data.jsonl.gz	4096	4096	triangular	1200	1	hmm_penalty2	0.5	0.7	10	4713	89164	7458	1293185	3520680	0.9228126099646043	0.06450180092002815	0.12057572460852849	0.28150955292214397	0.019676663434807992	4910487	2841	509	6	503	2835	0.011787819253438114	0.0021119324181626186	0.0035820895522388056	0.8707874230471729	0.005893909626719057	0.0010559662090813093	0.0017910447761194028	8.25	0.8644400785854617	316	0.819620253164557	0.04406439372329043	0.15522703273495247	0.017599436818021823	0.966913058782119
PIPE-TEFM-FINAL-STRICTSEG-20260629	software_outputs/tefm_final/PIPE-TEFM-FINAL-20260623/runs/ntv2_250m_H0_w4096_seed42	software_outputs/tefm_final/PIPE-TEFM-FINAL-EBAR-20260629/data/w4096/plant_fine/rice/1/rice/test/data.jsonl.gz	4096	4096	triangular	1200	1	hmm_penalty2	0.5	0.7	25	4713	89164	7458	1293185	3520680	0.9228126099646043	0.06450180092002815	0.12057572460852849	0.28150955292214397	0.019676663434807992	4910487	2841	509	6	503	2835	0.011787819253438114	0.0021119324181626186	0.0035820895522388056	0.8707874230471729	0.009823182711198428	0.0017599436818021823	0.0029850746268656717	8.25	0.8644400785854617	316	0.819620253164557	0.04406439372329043	0.15522703273495247	0.017599436818021823	0.966913058782119
PIPE-TEFM-FINAL-STRICTSEG-20260629	software_outputs/tefm_final/PIPE-TEFM-FINAL-20260623/runs/ntv2_250m_H0_w4096_seed42	software_outputs/tefm_final/PIPE-TEFM-FINAL-EBAR-20260629/data/w4096/plant_fine/rice/1/rice/test/data.jsonl.gz	4096	4096	triangular	1200	1	hmm_penalty2	0.5	0.7	50	4713	89164	7458	1293185	3520680	0.9228126099646043	0.06450180092002815	0.12057572460852849	0.28150955292214397	0.019676663434807992	4910487	2841	509	6	503	2835	0.011787819253438114	0.0021119324181626186	0.0035820895522388056	0.8707874230471729	0.009823182711198428	0.0017599436818021823	0.0029850746268656717	8.25	0.8644400785854617	316	0.819620253164557	0.04406439372329043	0.15522703273495247	0.017599436818021823	0.966913058782119
PIPE-TEFM-FINAL-STRICTSEG-20260629	software_outputs/tefm_final/PIPE-TEFM-FINAL-20260623/runs/ntv2_250m_H0_w4096_seed42	software_outputs/tefm_final/PIPE-TEFM-FINAL-EBAR-20260629/data/w4096/plant_fine/rice/1/rice/test/data.jsonl.gz	4096	4096	triangular	1200	1	hmm_penalty2	0.5	0.7	100	4713	89164	7458	1293185	3520680	0.9228126099646043	0.06450180092002815	0.12057572460852849	0.28150955292214397	0.019676663434807992	4910487	2841	509	6	503	2835	0.011787819253438114	0.0021119324181626186	0.0035820895522388056	0.8707874230471729	0.009823182711198428	0.0017599436818021823	0.0029850746268656717	8.25	0.8644400785854617	316	0.819620253164557	0.04406439372329043	0.15522703273495247	0.017599436818021823	0.966913058782119
PIPE-TEFM-FINAL-STRICTSEG-20260629	software_outputs/tefm_final/PIPE-TEFM-FINAL-20260623/runs/ntv2_250m_H0_w4096_seed42	software_outputs/tefm_final/PIPE-TEFM-FINAL-EBAR-20260629/data/w4096/plant_fine/rice/1/rice/test/data.jsonl.gz	4096	4096	triangular	1200	1	hmm_penalty2	0.5	0.8	5	4713	89164	7458	1293185	3520680	0.9228126099646043	0.06450180092002815	0.12057572460852849	0.28150955292214397	0.019676663434807992	4910487	2841	509	5	504	2836	0.009823182711198428	0.0017599436818021823	0.0029850746268656717	0.8869675754857271	0.0019646365422396855	0.00035198873636043646	0.0005970149253731343	8.0	0.8644400785854617	316	0.819620253164557	0.04406439372329043	0.15522703273495247	0.017599436818021823	0.966913058782119
PIPE-TEFM-FINAL-STRICTSEG-20260629	software_outputs/tefm_final/PIPE-TEFM-FINAL-20260623/runs/ntv2_250m_H0_w4096_seed42	software_outputs/tefm_final/PIPE-TEFM-FINAL-EBAR-20260629/data/w4096/plant_fine/rice/1/rice/test/data.jsonl.gz	4096	4096	triangular	1200	1	hmm_penalty2	0.5	0.8	10	4713	89164	7458	1293185	3520680	0.9228126099646043	0.06450180092002815	0.12057572460852849	0.28150955292214397	0.019676663434807992	4910487	2841	509	5	504	2836	0.009823182711198428	0.0017599436818021823	0.0029850746268656717	0.8869675754857271	0.005893909626719057	0.0010559662090813093	0.0017910447761194028	8.0	0.8644400785854617	316	0.819620253164557	0.04406439372329043	0.15522703273495247	0.017599436818021823	0.966913058782119
PIPE-TEFM-FINAL-STRICTSEG-20260629	software_outputs/tefm_final/PIPE-TEFM-FINAL-20260623/runs/ntv2_250m_H0_w4096_seed42	software_outputs/tefm_final/PIPE-TEFM-FINAL-EBAR-20260629/data/w4096/plant_fine/rice/1/rice/test/data.jsonl.gz	4096	4096	triangular	1200	1	hmm_penalty2	0.5	0.8	25	4713	89164	7458	1293185	3520680	0.9228126099646043	0.06450180092002815	0.12057572460852849	0.28150955292214397	0.019676663434807992	4910487	2841	509	5	504	2836	0.009823182711198428	0.0017599436818021823	0.0029850746268656717	0.8869675754857271	0.009823182711198428	0.0017599436818021823	0.0029850746268656717	8.0	0.8644400785854617	316	0.819620253164557	0.04406439372329043	0.15522703273495247	0.017599436818021823	0.966913058782119
PIPE-TEFM-FINAL-STRICTSEG-20260629	software_outputs/tefm_final/PIPE-TEFM-FINAL-20260623/runs/ntv2_250m_H0_w4096_seed42	software_outputs/tefm_final/PIPE-TEFM-FINAL-EBAR-20260629/data/w4096/plant_fine/rice/1/rice/test/data.jsonl.gz	4096	4096	triangular	1200	1	hmm_penalty2	0.5	0.8	50	4713	89164	7458	1293185	3520680	0.9228126099646043	0.06450180092002815	0.12057572460852849	0.28150955292214397	0.019676663434807992	4910487	2841	509	5	504	2836	0.009823182711198428	0.0017599436818021823	0.0029850746268656717	0.8869675754857271	0.009823182711198428	0.0017599436818021823	0.0029850746268656717	8.0	0.8644400785854617	316	0.819620253164557	0.04406439372329043	0.15522703273495247	0.017599436818021823	0.966913058782119
PIPE-TEFM-FINAL-STRICTSEG-20260629	software_outputs/tefm_final/PIPE-TEFM-FINAL-20260623/runs/ntv2_250m_H0_w4096_seed42	software_outputs/tefm_final/PIPE-TEFM-FINAL-EBAR-20260629/data/w4096/plant_fine/rice/1/rice/test/data.jsonl.gz	4096	4096	triangular	1200	1	hmm_penalty2	0.5	0.8	100	4713	89164	7458	1293185	3520680	0.9228126099646043	0.06450180092002815	0.12057572460852849	0.28150955292214397	0.019676663434807992	4910487	2841	509	5	504	2836	0.009823182711198428	0.0017599436818021823	0.0029850746268656717	0.8869675754857271	0.009823182711198428	0.0017599436818021823	0.0029850746268656717	8.0	0.8644400785854617	316	0.819620253164557	0.04406439372329043	0.15522703273495247	0.017599436818021823	0.966913058782119
PIPE-TEFM-FINAL-STRICTSEG-20260629	software_outputs/tefm_final/PIPE-TEFM-FINAL-20260623/runs/ntv2_250m_H0_w4096_seed42	software_outputs/tefm_final/PIPE-TEFM-FINAL-EBAR-20260629/data/w4096/plant_fine/rice/1/rice/test/data.jsonl.gz	4096	4096	triangular	1200	1	hmm_penalty2	0.5	0.9	5	4713	89164	7458	1293185	3520680	0.9228126099646043	0.06450180092002815	0.12057572460852849	0.28150955292214397	0.019676663434807992	4910487	2841	509	2	507	2839	0.003929273084479371	0.0007039774727208729	0.0011940298507462687	0.9603230635749647	0.0019646365422396855	0.00035198873636043646	0.0005970149253731343	8.5	0.8644400785854617	316	0.819620253164557	0.04406439372329043	0.15522703273495247	0.017599436818021823	0.966913058782119
PIPE-TEFM-FINAL-STRICTSEG-20260629	software_outputs/tefm_final/PIPE-TEFM-FINAL-20260623/runs/ntv2_250m_H0_w4096_seed42	software_outputs/tefm_final/PIPE-TEFM-FINAL-EBAR-20260629/data/w4096/plant_fine/rice/1/rice/test/data.jsonl.gz	4096	4096	triangular	1200	1	hmm_penalty2	0.5	0.9	10	4713	89164	7458	1293185	3520680	0.9228126099646043	0.06450180092002815	0.12057572460852849	0.28150955292214397	0.019676663434807992	4910487	2841	509	2	507	2839	0.003929273084479371	0.0007039774727208729	0.0011940298507462687	0.9603230635749647	0.0019646365422396855	0.00035198873636043646	0.0005970149253731343	8.5	0.8644400785854617	316	0.819620253164557	0.04406439372329043	0.15522703273495247	0.017599436818021823	0.966913058782119
PIPE-TEFM-FINAL-STRICTSEG-20260629	software_outputs/tefm_final/PIPE-TEFM-FINAL-20260623/runs/ntv2_250m_H0_w4096_seed42	software_outputs/tefm_final/PIPE-TEFM-FINAL-EBAR-20260629/data/w4096/plant_fine/rice/1/rice/test/data.jsonl.gz	4096	4096	triangular	1200	1	hmm_penalty2	0.5	0.9	25	4713	89164	7458	1293185	3520680	0.9228126099646043	0.06450180092002815	0.12057572460852849	0.28150955292214397	0.019676663434807992	4910487	2841	509	2	507	2839	0.003929273084479371	0.0007039774727208729	0.0011940298507462687	0.9603230635749647	0.003929273084479371	0.0007039774727208729	0.0011940298507462687	8.5	0.8644400785854617	316	0.819620253164557	0.04406439372329043	0.15522703273495247	0.017599436818021823	0.966913058782119
PIPE-TEFM-FINAL-STRICTSEG-20260629	software_outputs/tefm_final/PIPE-TEFM-FINAL-20260623/runs/ntv2_250m_H0_w4096_seed42	software_outputs/tefm_final/PIPE-TEFM-FINAL-EBAR-20260629/data/w4096/plant_fine/rice/1/rice/test/data.jsonl.gz	4096	4096	triangular	1200	1	hmm_penalty2	0.5	0.9	50	4713	89164	7458	1293185	3520680	0.9228126099646043	0.06450180092002815	0.12057572460852849	0.28150955292214397	0.019676663434807992	4910487	2841	509	2	507	2839	0.003929273084479371	0.0007039774727208729	0.0011940298507462687	0.9603230635749647	0.003929273084479371	0.0007039774727208729	0.0011940298507462687	8.5	0.8644400785854617	316	0.819620253164557	0.04406439372329043	0.15522703273495247	0.017599436818021823	0.966913058782119
PIPE-TEFM-FINAL-STRICTSEG-20260629	software_outputs/tefm_final/PIPE-TEFM-FINAL-20260623/runs/ntv2_250m_H0_w4096_seed42	software_outputs/tefm_final/PIPE-TEFM-FINAL-EBAR-20260629/data/w4096/plant_fine/rice/1/rice/test/data.jsonl.gz	4096	4096	triangular	1200	1	hmm_penalty2	0.5	0.9	100	4713	89164	7458	1293185	3520680	0.9228126099646043	0.06450180092002815	0.12057572460852849	0.28150955292214397	0.019676663434807992	4910487	2841	509	2	507	2839	0.003929273084479371	0.0007039774727208729	0.0011940298507462687	0.9603230635749647	0.003929273084479371	0.0007039774727208729	0.0011940298507462687	8.5	0.8644400785854617	316	0.819620253164557	0.04406439372329043	0.15522703273495247	0.017599436818021823	0.966913058782119
PIPE-TEFM-FINAL-STRICTSEG-20260629	software_outputs/tefm_final/PIPE-TEFM-FINAL-20260623/runs/ntv2_250m_H0_w4096_seed42	software_outputs/tefm_final/PIPE-TEFM-FINAL-EBAR-20260629/data/w4096/plant_fine/rice/1/rice/test/data.jsonl.gz	4096	4096	triangular	1200	1	crf_style_penalty4	0.5	0.5	5	4713	89336	7382	1293013	3520756	0.923675013958105	0.0646262268066892	0.1208004775983779	0.28150955292214397	0.01969621343056198	4910487	2841	353	15	338	2826	0.042492917847025496	0.005279831045406547	0.00939261114589856	0.6926245289432493	0.0028328611898017	0.00035198873636043646	0.0006261740763932373	21.0	0.8470254957507082	175	0.76	0.07291053811695594	0.10559662090813093	0.015487504399859204	0.9683210137275607
PIPE-TEFM-FINAL-STRICTSEG-20260629	software_outputs/tefm_final/PIPE-TEFM-FINAL-20260623/runs/ntv2_250m_H0_w4096_seed42	software_outputs/tefm_final/PIPE-TEFM-FINAL-EBAR-20260629/data/w4096/plant_fine/rice/1/rice/test/data.jsonl.gz	4096	4096	triangular	1200	1	crf_style_penalty4	0.5	0.5	10	4713	89336	7382	1293013	3520756	0.923675013958105	0.0646262268066892	0.1208004775983779	0.28150955292214397	0.01969621343056198	4910487	2841	353	15	338	2826	0.042492917847025496	0.005279831045406547	0.00939261114589856	0.6926245289432493	0.0084985835694051	0.0010559662090813093	0.0018785222291797118	21.0	0.8470254957507082	175	0.76	0.07291053811695594	0.10559662090813093	0.015487504399859204	0.9683210137275607
PIPE-TEFM-FINAL-STRICTSEG-20260629	software_outputs/tefm_final/PIPE-TEFM-FINAL-20260623/runs/ntv2_250m_H0_w4096_seed42	software_outputs/tefm_final/PIPE-TEFM-FINAL-EBAR-20260629/data/w4096/plant_fine/rice/1/rice/test/data.jsonl.gz	4096	4096	triangular	1200	1	crf_style_penalty4	0.5	0.5	25	4713	89336	7382	1293013	3520756	0.923675013958105	0.0646262268066892	0.1208004775983779	0.28150955292214397	0.01969621343056198	4910487	2841	353	15	338	2826	0.042492917847025496	0.005279831045406547	0.00939261114589856	0.6926245289432493	0.0169971671388102	0.0021119324181626186	0.0037570444583594235	21.0	0.8470254957507082	175	0.76	0.07291053811695594	0.10559662090813093	0.015487504399859204	0.9683210137275607
PIPE-TEFM-FINAL-STRICTSEG-20260629	software_outputs/tefm_final/PIPE-TEFM-FINAL-20260623/runs/ntv2_250m_H0_w4096_seed42	software_outputs/tefm_final/PIPE-TEFM-FINAL-EBAR-20260629/data/w4096/plant_fine/rice/1/rice/test/data.jsonl.gz	4096	4096	triangular	1200	1	crf_style_penalty4	0.5	0.5	50	4713	89336	7382	1293013	3520756	0.923675013958105	0.0646262268066892	0.1208004775983779	0.28150955292214397	0.01969621343056198	4910487	2841	353	15	338	2826	0.042492917847025496	0.005279831045406547	0.00939261114589856	0.6926245289432493	0.025495750708215296	0.0031678986272439284	0.005635566687539137	21.0	0.8470254957507082	175	0.76	0.07291053811695594	0.10559662090813093	0.015487504399859204	0.9683210137275607
PIPE-TEFM-FINAL-STRICTSEG-20260629	software_outputs/tefm_final/PIPE-TEFM-FINAL-20260623/runs/ntv2_250m_H0_w4096_seed42	software_outputs/tefm_final/PIPE-TEFM-FINAL-EBAR-20260629/data/w4096/plant_fine/rice/1/rice/test/data.jsonl.gz	4096	4096	triangular	1200	1	crf_style_penalty4	0.5	0.5	100	4713	89336	7382	1293013	3520756	0.923675013958105	0.0646262268066892	0.1208004775983779	0.28150955292214397	0.01969621343056198	4910487	2841	353	15	338	2826	0.042492917847025496	0.005279831045406547	0.00939261114589856	0.6926245289432493	0.039660056657223795	0.004927842309046111	0.008766437069505324	21.0	0.8470254957507082	175	0.76	0.07291053811695594	0.10559662090813093	0.015487504399859204	0.9683210137275607
PIPE-TEFM-FINAL-STRICTSEG-20260629	software_outputs/tefm_final/PIPE-TEFM-FINAL-20260623/runs/ntv2_250m_H0_w4096_seed42	software_outputs/tefm_final/PIPE-TEFM-FINAL-EBAR-20260629/data/w4096/plant_fine/rice/1/rice/test/data.jsonl.gz	4096	4096	triangular	1200	1	crf_style_penalty4	0.5	0.7	5	4713	89336	7382	1293013	3520756	0.923675013958105	0.0646262268066892	0.1208004775983779	0.28150955292214397	0.01969621343056198	4910487	2841	353	6	347	2835	0.0169971671388102	0.0021119324181626186	0.0037570444583594235	0.8707874230471729	0.0028328611898017	0.00035198873636043646	0.0006261740763932373	8.25	0.8470254957507082	175	0.76	0.07291053811695594	0.10559662090813093	0.015487504399859204	0.9683210137275607
PIPE-TEFM-FINAL-STRICTSEG-20260629	software_outputs/tefm_final/PIPE-TEFM-FINAL-20260623/runs/ntv2_250m_H0_w4096_seed42	software_outputs/tefm_final/PIPE-TEFM-FINAL-EBAR-20260629/data/w4096/plant_fine/rice/1/rice/test/data.jsonl.gz	4096	4096	triangular	1200	1	crf_style_penalty4	0.5	0.7	10	4713	89336	7382	1293013	3520756	0.923675013958105	0.0646262268066892	0.1208004775983779	0.28150955292214397	0.01969621343056198	4910487	2841	353	6	347	2835	0.0169971671388102	0.0021119324181626186	0.0037570444583594235	0.8707874230471729	0.0084985835694051	0.0010559662090813093	0.0018785222291797118	8.25	0.8470254957507082	175	0.76	0.07291053811695594	0.10559662090813093	0.015487504399859204	0.9683210137275607
PIPE-TEFM-FINAL-STRICTSEG-20260629	software_outputs/tefm_final/PIPE-TEFM-FINAL-20260623/runs/ntv2_250m_H0_w4096_seed42	software_outputs/tefm_final/PIPE-TEFM-FINAL-EBAR-20260629/data/w4096/plant_fine/rice/1/rice/test/data.jsonl.gz	4096	4096	triangular	1200	1	crf_style_penalty4	0.5	0.7	25	4713	89336	7382	1293013	3520756	0.923675013958105	0.0646262268066892	0.1208004775983779	0.28150955292214397	0.01969621343056198	4910487	2841	353	6	347	2835	0.0169971671388102	0.0021119324181626186	0.0037570444583594235	0.8707874230471729	0.014164305949008499	0.0017599436818021823	0.003130870381966186	8.25	0.8470254957507082	175	0.76	0.07291053811695594	0.10559662090813093	0.015487504399859204	0.9683210137275607
PIPE-TEFM-FINAL-STRICTSEG-20260629	software_outputs/tefm_final/PIPE-TEFM-FINAL-20260623/runs/ntv2_250m_H0_w4096_seed42	software_outputs/tefm_final/PIPE-TEFM-FINAL-EBAR-20260629/data/w4096/plant_fine/rice/1/rice/test/data.jsonl.gz	4096	4096	triangular	1200	1	crf_style_penalty4	0.5	0.7	50	4713	89336	7382	1293013	3520756	0.923675013958105	0.0646262268066892	0.1208004775983779	0.28150955292214397	0.01969621343056198	4910487	2841	353	6	347	2835	0.0169971671388102	0.0021119324181626186	0.0037570444583594235	0.8707874230471729	0.014164305949008499	0.0017599436818021823	0.003130870381966186	8.25	0.8470254957507082	175	0.76	0.07291053811695594	0.10559662090813093	0.015487504399859204	0.9683210137275607
PIPE-TEFM-FINAL-STRICTSEG-20260629	software_outputs/tefm_final/PIPE-TEFM-FINAL-20260623/runs/ntv2_250m_H0_w4096_seed42	software_outputs/tefm_final/PIPE-TEFM-FINAL-EBAR-20260629/data/w4096/plant_fine/rice/1/rice/test/data.jsonl.gz	4096	4096	triangular	1200	1	crf_style_penalty4	0.5	0.7	100	4713	89336	7382	1293013	3520756	0.923675013958105	0.0646262268066892	0.1208004775983779	0.28150955292214397	0.01969621343056198	4910487	2841	353	6	347	2835	0.0169971671388102	0.0021119324181626186	0.0037570444583594235	0.8707874230471729	0.014164305949008499	0.0017599436818021823	0.003130870381966186	8.25	0.8470254957507082	175	0.76	0.07291053811695594	0.10559662090813093	0.015487504399859204	0.9683210137275607
PIPE-TEFM-FINAL-STRICTSEG-20260629	software_outputs/tefm_final/PIPE-TEFM-FINAL-20260623/runs/ntv2_250m_H0_w4096_seed42	software_outputs/tefm_final/PIPE-TEFM-FINAL-EBAR-20260629/data/w4096/plant_fine/rice/1/rice/test/data.jsonl.gz	4096	4096	triangular	1200	1	crf_style_penalty4	0.5	0.8	5	4713	89336	7382	1293013	3520756	0.923675013958105	0.0646262268066892	0.1208004775983779	0.28150955292214397	0.01969621343056198	4910487	2841	353	5	348	2836	0.014164305949008499	0.0017599436818021823	0.003130870381966186	0.8869675754857271	0.0028328611898017	0.00035198873636043646	0.0006261740763932373	8.0	0.8470254957507082	175	0.76	0.07291053811695594	0.10559662090813093	0.015487504399859204	0.9683210137275607
PIPE-TEFM-FINAL-STRICTSEG-20260629	software_outputs/tefm_final/PIPE-TEFM-FINAL-20260623/runs/ntv2_250m_H0_w4096_seed42	software_outputs/tefm_final/PIPE-TEFM-FINAL-EBAR-20260629/data/w4096/plant_fine/rice/1/rice/test/data.jsonl.gz	4096	4096	triangular	1200	1	crf_style_penalty4	0.5	0.8	10	4713	89336	7382	1293013	3520756	0.923675013958105	0.0646262268066892	0.1208004775983779	0.28150955292214397	0.01969621343056198	4910487	2841	353	5	348	2836	0.014164305949008499	0.0017599436818021823	0.003130870381966186	0.8869675754857271	0.0084985835694051	0.0010559662090813093	0.0018785222291797118	8.0	0.8470254957507082	175	0.76	0.07291053811695594	0.10559662090813093	0.015487504399859204	0.9683210137275607
PIPE-TEFM-FINAL-STRICTSEG-20260629	software_outputs/tefm_final/PIPE-TEFM-FINAL-20260623/runs/ntv2_250m_H0_w4096_seed42	software_outputs/tefm_final/PIPE-TEFM-FINAL-EBAR-20260629/data/w4096/plant_fine/rice/1/rice/test/data.jsonl.gz	4096	4096	triangular	1200	1	crf_style_penalty4	0.5	0.8	25	4713	89336	7382	1293013	3520756	0.923675013958105	0.0646262268066892	0.1208004775983779	0.28150955292214397	0.01969621343056198	4910487	2841	353	5	348	2836	0.014164305949008499	0.0017599436818021823	0.003130870381966186	0.8869675754857271	0.014164305949008499	0.0017599436818021823	0.003130870381966186	8.0	0.8470254957507082	175	0.76	0.07291053811695594	0.10559662090813093	0.015487504399859204	0.9683210137275607
PIPE-TEFM-FINAL-STRICTSEG-20260629	software_outputs/tefm_final/PIPE-TEFM-FINAL-20260623/runs/ntv2_250m_H0_w4096_seed42	software_outputs/tefm_final/PIPE-TEFM-FINAL-EBAR-20260629/data/w4096/plant_fine/rice/1/rice/test/data.jsonl.gz	4096	4096	triangular	1200	1	crf_style_penalty4	0.5	0.8	50	4713	89336	7382	1293013	3520756	0.923675013958105	0.0646262268066892	0.1208004775983779	0.28150955292214397	0.01969621343056198	4910487	2841	353	5	348	2836	0.014164305949008499	0.0017599436818021823	0.003130870381966186	0.8869675754857271	0.014164305949008499	0.0017599436818021823	0.003130870381966186	8.0	0.8470254957507082	175	0.76	0.07291053811695594	0.10559662090813093	0.015487504399859204	0.9683210137275607
PIPE-TEFM-FINAL-STRICTSEG-20260629	software_outputs/tefm_final/PIPE-TEFM-FINAL-20260623/runs/ntv2_250m_H0_w4096_seed42	software_outputs/tefm_final/PIPE-TEFM-FINAL-EBAR-20260629/data/w4096/plant_fine/rice/1/rice/test/data.jsonl.gz	4096	4096	triangular	1200	1	crf_style_penalty4	0.5	0.8	100	4713	89336	7382	1293013	3520756	0.923675013958105	0.0646262268066892	0.1208004775983779	0.28150955292214397	0.01969621343056198	4910487	2841	353	5	348	2836	0.014164305949008499	0.0017599436818021823	0.003130870381966186	0.8869675754857271	0.014164305949008499	0.0017599436818021823	0.003130870381966186	8.0	0.8470254957507082	175	0.76	0.07291053811695594	0.10559662090813093	0.015487504399859204	0.9683210137275607
PIPE-TEFM-FINAL-STRICTSEG-20260629	software_outputs/tefm_final/PIPE-TEFM-FINAL-20260623/runs/ntv2_250m_H0_w4096_seed42	software_outputs/tefm_final/PIPE-TEFM-FINAL-EBAR-20260629/data/w4096/plant_fine/rice/1/rice/test/data.jsonl.gz	4096	4096	triangular	1200	1	crf_style_penalty4	0.5	0.9	5	4713	89336	7382	1293013	3520756	0.923675013958105	0.0646262268066892	0.1208004775983779	0.28150955292214397	0.01969621343056198	4910487	2841	353	2	351	2839	0.0056657223796034	0.0007039774727208729	0.0012523481527864746	0.9603230635749647	0.0028328611898017	0.00035198873636043646	0.0006261740763932373	8.5	0.8470254957507082	175	0.76	0.07291053811695594	0.10559662090813093	0.015487504399859204	0.9683210137275607
PIPE-TEFM-FINAL-STRICTSEG-20260629	software_outputs/tefm_final/PIPE-TEFM-FINAL-20260623/runs/ntv2_250m_H0_w4096_seed42	software_outputs/tefm_final/PIPE-TEFM-FINAL-EBAR-20260629/data/w4096/plant_fine/rice/1/rice/test/data.jsonl.gz	4096	4096	triangular	1200	1	crf_style_penalty4	0.5	0.9	10	4713	89336	7382	1293013	3520756	0.923675013958105	0.0646262268066892	0.1208004775983779	0.28150955292214397	0.01969621343056198	4910487	2841	353	2	351	2839	0.0056657223796034	0.0007039774727208729	0.0012523481527864746	0.9603230635749647	0.0028328611898017	0.00035198873636043646	0.0006261740763932373	8.5	0.8470254957507082	175	0.76	0.07291053811695594	0.10559662090813093	0.015487504399859204	0.9683210137275607
PIPE-TEFM-FINAL-STRICTSEG-20260629	software_outputs/tefm_final/PIPE-TEFM-FINAL-20260623/runs/ntv2_250m_H0_w4096_seed42	software_outputs/tefm_final/PIPE-TEFM-FINAL-EBAR-20260629/data/w4096/plant_fine/rice/1/rice/test/data.jsonl.gz	4096	4096	triangular	1200	1	crf_style_penalty4	0.5	0.9	25	4713	89336	7382	1293013	3520756	0.923675013958105	0.0646262268066892	0.1208004775983779	0.28150955292214397	0.01969621343056198	4910487	2841	353	2	351	2839	0.0056657223796034	0.0007039774727208729	0.0012523481527864746	0.9603230635749647	0.0056657223796034	0.0007039774727208729	0.0012523481527864746	8.5	0.8470254957507082	175	0.76	0.07291053811695594	0.10559662090813093	0.015487504399859204	0.9683210137275607
PIPE-TEFM-FINAL-STRICTSEG-20260629	software_outputs/tefm_final/PIPE-TEFM-FINAL-20260623/runs/ntv2_250m_H0_w4096_seed42	software_outputs/tefm_final/PIPE-TEFM-FINAL-EBAR-20260629/data/w4096/plant_fine/rice/1/rice/test/data.jsonl.gz	4096	4096	triangular	1200	1	crf_style_penalty4	0.5	0.9	50	4713	89336	7382	1293013	3520756	0.923675013958105	0.0646262268066892	0.1208004775983779	0.28150955292214397	0.01969621343056198	4910487	2841	353	2	351	2839	0.0056657223796034	0.0007039774727208729	0.0012523481527864746	0.9603230635749647	0.0056657223796034	0.0007039774727208729	0.0012523481527864746	8.5	0.8470254957507082	175	0.76	0.07291053811695594	0.10559662090813093	0.015487504399859204	0.9683210137275607
PIPE-TEFM-FINAL-STRICTSEG-20260629	software_outputs/tefm_final/PIPE-TEFM-FINAL-20260623/runs/ntv2_250m_H0_w4096_seed42	software_outputs/tefm_final/PIPE-TEFM-FINAL-EBAR-20260629/data/w4096/plant_fine/rice/1/rice/test/data.jsonl.gz	4096	4096	triangular	1200	1	crf_style_penalty4	0.5	0.9	100	4713	89336	7382	1293013	3520756	0.923675013958105	0.0646262268066892	0.1208004775983779	0.28150955292214397	0.01969621343056198	4910487	2841	353	2	351	2839	0.0056657223796034	0.0007039774727208729	0.0012523481527864746	0.9603230635749647	0.0056657223796034	0.0007039774727208729	0.0012523481527864746	8.5	0.8470254957507082	175	0.76	0.07291053811695594	0.10559662090813093	0.015487504399859204	0.9683210137275607
