source	species	model	te_f1	target_kingdom	anchor_type	distance_mya	log_distance_mya	target_gc	same_kingdom_anchor	cross_anchor	plant_target	insect_target	vertebrate_target	label_jaccard	library_completeness	self_ucsc_ratio_log	path
calib_summary	cattle	TFREPAIR_invert_boost_animal_4096_seed42	0.9216935615407685	vertebrate	animal	96.0	1.9822712330395684	0.4334912109375	1.0	0.0	0.0	0.0	1.0	0.48001	0.488924	-0.29456695170425834	reports/tefm_calib/PIPE-TEFM-CALIB-20260621/binary_eval/animal_invert_boost/cross_eval/cattle.json
calib_summary	horse	TFREPAIR_invert_boost_animal_4096_seed42	0.8913728851560259	vertebrate	animal	96.0	1.9822712330395684	0.5177628848360556	1.0	0.0	0.0	0.0	1.0	0.791397	0.812579	-0.07606022944133566	reports/tefm_calib/PIPE-TEFM-CALIB-20260621/binary_eval/animal_invert_boost/cross_eval/horse.json
calib_summary	human	TFREPAIR_invert_boost_animal_4096_seed42	0.9049461157192719	vertebrate	animal	6.0	0.7781512503836436	0.545770263671875	1.0	0.0	0.0	0.0	1.0	0.948128	0.966802	-0.005903571159263742	reports/tefm_calib/PIPE-TEFM-CALIB-20260621/binary_eval/animal_invert_boost/cross_eval/human.json
calib_summary	lizard	TFREPAIR_invert_boost_animal_4096_seed42	0.24164004169870312	vertebrate	animal	320.0	2.505149978319906	0.40405036669277106	1.0	0.0	0.0	0.0	1.0	0.038956	0.053715	-0.3639181796590216	reports/tefm_calib/PIPE-TEFM-CALIB-20260621/binary_eval/animal_invert_boost/cross_eval/lizard.json
calib_summary	opossum	TFREPAIR_invert_boost_animal_4096_seed42	0.8811419601553324	vertebrate	animal	160.0	2.204119982655925	0.4415015398206201	1.0	0.0	0.0	0.0	1.0	0.387702	0.396173	-0.37880048273767486	reports/tefm_calib/PIPE-TEFM-CALIB-20260621/binary_eval/animal_invert_boost/cross_eval/opossum.json
calib_summary	pig	TFREPAIR_invert_boost_animal_4096_seed42	0.8761131743803473	vertebrate	animal	96.0	1.9822712330395684	0.52506103515625	1.0	0.0	0.0	0.0	1.0	0.582164	0.594998	-0.20968427520846328	reports/tefm_calib/PIPE-TEFM-CALIB-20260621/binary_eval/animal_invert_boost/cross_eval/pig.json
calib_summary	red_flour_beetle	TFREPAIR_invert_boost_animal_4096_seed42	0.004448888579938293	insect	animal	820.0	2.9138138523837167	0.3398226403076848	1.0	0.0	0.0	1.0	0.0	0.027167	0.29354	1.004254993521776	reports/tefm_calib/PIPE-TEFM-CALIB-20260621/binary_eval/animal_invert_boost/cross_eval/red_flour_beetle.json
calib_summary	soybean	TFREPAIR_invert_boost_animal_4096_seed42	0.5650860204945004	plant	animal	1550.0	3.1903316981702914	0.33281741126935166	0.0	0.0	1.0	0.0	0.0	0.121572	0.122064	-0.8992367578779318	reports/tefm_calib/PIPE-TEFM-CALIB-20260621/binary_eval/animal_invert_boost/cross_eval/soybean.json
calib_summary	teosinte	TFREPAIR_invert_boost_animal_4096_seed42	0.8886845637016639	plant	animal	1500.0	3.1760912590556813	0.435516357421875	0.0	0.0	1.0	0.0	0.0	0.086856	0.088019	-0.993955514543429	reports/tefm_calib/PIPE-TEFM-CALIB-20260621/binary_eval/animal_invert_boost/cross_eval/teosinte.json
calib_summary	western_honey_bee	TFREPAIR_invert_boost_animal_4096_seed42	0.052179883281840034	insect	animal	820.0	2.9138138523837167	0.3657441979287441	1.0	0.0	0.0	1.0	0.0	0.020425	0.982865	1.6821794829942562	reports/tefm_calib/PIPE-TEFM-CALIB-20260621/binary_eval/animal_invert_boost/cross_eval/western_honey_bee.json
calib_summary	x_laevis	TFREPAIR_invert_boost_animal_4096_seed42	0.40137759810717816	vertebrate	animal	370.0	2.568201724066995	0.3856893499332528	1.0	0.0	0.0	0.0	1.0	0.000194	0.000194	-3.6232965958865218	reports/tefm_calib/PIPE-TEFM-CALIB-20260621/binary_eval/animal_invert_boost/cross_eval/x_laevis.json
calib_summary	soybean	TFREPAIR_invert_boost_animal_4096_seed42	0.5650854892493286	plant	animal	1550.0	3.1903316981702914	0.33281741126935166	0.0	0.0	1.0	0.0	0.0	0.121572	0.122064	-0.8992367578779318	reports/tefm_calib/PIPE-TEFM-CALIB-20260621/binary_eval/animal_invert_boost/plant_eval/soybean.json
calib_summary	teosinte	TFREPAIR_invert_boost_animal_4096_seed42	0.8886845637016639	plant	animal	1500.0	3.1760912590556813	0.435516357421875	0.0	0.0	1.0	0.0	0.0	0.086856	0.088019	-0.993955514543429	reports/tefm_calib/PIPE-TEFM-CALIB-20260621/binary_eval/animal_invert_boost/plant_eval/teosinte.json
calib_summary	brachypodium	TFREPAIR_invert_boost_animal_4096_seed42	0.43338983323804847	plant	animal	1500.0	3.1760912590556813	0.455743408203125	0.0	0.0	1.0	0.0	0.0	0.101164	0.1029	-0.9206109317487544	reports/tefm_calib/PIPE-TEFM-CALIB-20260621/binary_eval/animal_invert_boost/plant_fine/brachypodium.json
calib_summary	maize	TFREPAIR_invert_boost_animal_4096_seed42	0.9051649037911726	plant	animal	1500.0	3.1760912590556813	0.475595703125	0.0	0.0	1.0	0.0	0.0	0.095466	0.095627	-1.0118103771989704	reports/tefm_calib/PIPE-TEFM-CALIB-20260621/binary_eval/animal_invert_boost/plant_fine/maize.json
calib_summary	rice	TFREPAIR_invert_boost_animal_4096_seed42	0.7436754544113025	plant	animal	1500.0	3.1760912590556813	0.435623779296875	0.0	0.0	1.0	0.0	0.0	0.042709	0.042814	-1.344116021434893	reports/tefm_calib/PIPE-TEFM-CALIB-20260621/binary_eval/animal_invert_boost/plant_fine/rice.json
calib_summary	sorghum	TFREPAIR_invert_boost_animal_4096_seed42	0.8370785739861111	plant	animal	1500.0	3.1760912590556813	0.443807373046875	0.0	0.0	1.0	0.0	0.0	0.057919	0.05798	-1.228939555640864	reports/tefm_calib/PIPE-TEFM-CALIB-20260621/binary_eval/animal_invert_boost/plant_fine/sorghum.json
calib_summary	thale_cress	TFREPAIR_invert_boost_animal_4096_seed42	0.20790736538347387	plant	animal	1550.0	3.1903316981702914	0.372218017578125	0.0	0.0	1.0	0.0	0.0	0.043011	0.043145	-1.3348837532454814	reports/tefm_calib/PIPE-TEFM-CALIB-20260621/binary_eval/animal_invert_boost/plant_fine/thale_cress.json
calib_summary	lizard	TFREPAIR_invert_boost_animal_4096_seed42	0.24164004169870312	vertebrate	animal	320.0	2.505149978319906	0.40405036669277106	1.0	0.0	0.0	0.0	1.0	0.038956	0.053715	-0.3639181796590216	reports/tefm_calib/PIPE-TEFM-CALIB-20260621/binary_eval/animal_invert_boost/stress_eval/lizard.json
calib_summary	red_flour_beetle	TFREPAIR_invert_boost_animal_4096_seed42	0.004448888579938293	insect	animal	820.0	2.9138138523837167	0.3398226403076848	1.0	0.0	0.0	1.0	0.0	0.027167	0.29354	1.004254993521776	reports/tefm_calib/PIPE-TEFM-CALIB-20260621/binary_eval/animal_invert_boost/stress_eval/red_flour_beetle.json
calib_summary	western_honey_bee	TFREPAIR_invert_boost_animal_4096_seed42	0.052179883281840034	insect	animal	820.0	2.9138138523837167	0.3657441979287441	1.0	0.0	0.0	1.0	0.0	0.020425	0.982865	1.6821794829942562	reports/tefm_calib/PIPE-TEFM-CALIB-20260621/binary_eval/animal_invert_boost/stress_eval/western_honey_bee.json
calib_summary	x_laevis	TFREPAIR_invert_boost_animal_4096_seed42	0.40137759810717816	vertebrate	animal	370.0	2.568201724066995	0.3856893499332528	1.0	0.0	0.0	0.0	1.0	0.000194	0.000194	-3.6232965958865218	reports/tefm_calib/PIPE-TEFM-CALIB-20260621/binary_eval/animal_invert_boost/stress_eval/x_laevis.json
calib_summary	cattle	cross_supervised_4096	0.9213113792693673	vertebrate	cross	96.0	1.9822712330395684	0.4334912109375	0.0	1.0	0.0	0.0	1.0	0.48001	0.488924	-0.29456695170425834	reports/tefm_calib/PIPE-TEFM-CALIB-20260621/binary_eval/cross_supervised/cross_eval/cattle.json
calib_summary	horse	cross_supervised_4096	0.8925601404845789	vertebrate	cross	96.0	1.9822712330395684	0.5177628848360556	0.0	1.0	0.0	0.0	1.0	0.791397	0.812579	-0.07606022944133566	reports/tefm_calib/PIPE-TEFM-CALIB-20260621/binary_eval/cross_supervised/cross_eval/horse.json
calib_summary	human	cross_supervised_4096	0.9023446184329426	vertebrate	cross	6.0	0.7781512503836436	0.545770263671875	0.0	1.0	0.0	0.0	1.0	0.948128	0.966802	-0.005903571159263742	reports/tefm_calib/PIPE-TEFM-CALIB-20260621/binary_eval/cross_supervised/cross_eval/human.json
calib_summary	lizard	cross_supervised_4096	0.24003800453783136	vertebrate	cross	320.0	2.505149978319906	0.40405036669277106	0.0	1.0	0.0	0.0	1.0	0.038956	0.053715	-0.3639181796590216	reports/tefm_calib/PIPE-TEFM-CALIB-20260621/binary_eval/cross_supervised/cross_eval/lizard.json
calib_summary	opossum	cross_supervised_4096	0.8799647530707007	vertebrate	cross	160.0	2.204119982655925	0.4415015398206201	0.0	1.0	0.0	0.0	1.0	0.387702	0.396173	-0.37880048273767486	reports/tefm_calib/PIPE-TEFM-CALIB-20260621/binary_eval/cross_supervised/cross_eval/opossum.json
calib_summary	pig	cross_supervised_4096	0.8761042913185231	vertebrate	cross	96.0	1.9822712330395684	0.52506103515625	0.0	1.0	0.0	0.0	1.0	0.582164	0.594998	-0.20968427520846328	reports/tefm_calib/PIPE-TEFM-CALIB-20260621/binary_eval/cross_supervised/cross_eval/pig.json
calib_summary	red_flour_beetle	cross_supervised_4096	0.00308713842548429	insect	cross	820.0	2.9138138523837167	0.3398226403076848	0.0	1.0	0.0	1.0	0.0	0.027167	0.29354	1.004254993521776	reports/tefm_calib/PIPE-TEFM-CALIB-20260621/binary_eval/cross_supervised/cross_eval/red_flour_beetle.json
calib_summary	soybean	cross_supervised_4096	0.4136761357660033	plant	cross	1550.0	3.1903316981702914	0.33281741126935166	0.0	1.0	1.0	0.0	0.0	0.121572	0.122064	-0.8992367578779318	reports/tefm_calib/PIPE-TEFM-CALIB-20260621/binary_eval/cross_supervised/cross_eval/soybean.json
calib_summary	teosinte	cross_supervised_4096	0.9299634062638151	plant	cross	1500.0	3.1760912590556813	0.435516357421875	0.0	1.0	1.0	0.0	0.0	0.086856	0.088019	-0.993955514543429	reports/tefm_calib/PIPE-TEFM-CALIB-20260621/binary_eval/cross_supervised/cross_eval/teosinte.json
calib_summary	western_honey_bee	cross_supervised_4096	0.005289801490245151	insect	cross	820.0	2.9138138523837167	0.3657441979287441	0.0	1.0	0.0	1.0	0.0	0.020425	0.982865	1.6821794829942562	reports/tefm_calib/PIPE-TEFM-CALIB-20260621/binary_eval/cross_supervised/cross_eval/western_honey_bee.json
calib_summary	x_laevis	cross_supervised_4096	0.3945827783795458	vertebrate	cross	370.0	2.568201724066995	0.3856893499332528	0.0	1.0	0.0	0.0	1.0	0.000194	0.000194	-3.6232965958865218	reports/tefm_calib/PIPE-TEFM-CALIB-20260621/binary_eval/cross_supervised/cross_eval/x_laevis.json
calib_summary	soybean	cross_supervised_4096	0.4136761357660033	plant	cross	1550.0	3.1903316981702914	0.33281741126935166	0.0	1.0	1.0	0.0	0.0	0.121572	0.122064	-0.8992367578779318	reports/tefm_calib/PIPE-TEFM-CALIB-20260621/binary_eval/cross_supervised/plant_eval/soybean.json
calib_summary	teosinte	cross_supervised_4096	0.9299634062638151	plant	cross	1500.0	3.1760912590556813	0.435516357421875	0.0	1.0	1.0	0.0	0.0	0.086856	0.088019	-0.993955514543429	reports/tefm_calib/PIPE-TEFM-CALIB-20260621/binary_eval/cross_supervised/plant_eval/teosinte.json
calib_summary	brachypodium	cross_supervised_4096	0.8175422271365038	plant	cross	1500.0	3.1760912590556813	0.455743408203125	0.0	1.0	1.0	0.0	0.0	0.101164	0.1029	-0.9206109317487544	reports/tefm_calib/PIPE-TEFM-CALIB-20260621/binary_eval/cross_supervised/plant_fine/brachypodium.json
calib_summary	maize	cross_supervised_4096	0.9629892479990331	plant	cross	1500.0	3.1760912590556813	0.475595703125	0.0	1.0	1.0	0.0	0.0	0.095466	0.095627	-1.0118103771989704	reports/tefm_calib/PIPE-TEFM-CALIB-20260621/binary_eval/cross_supervised/plant_fine/maize.json
calib_summary	rice	cross_supervised_4096	0.8757886614942711	plant	cross	1500.0	3.1760912590556813	0.435623779296875	0.0	1.0	1.0	0.0	0.0	0.042709	0.042814	-1.344116021434893	reports/tefm_calib/PIPE-TEFM-CALIB-20260621/binary_eval/cross_supervised/plant_fine/rice.json
calib_summary	sorghum	cross_supervised_4096	0.9154621597006131	plant	cross	1500.0	3.1760912590556813	0.443807373046875	0.0	1.0	1.0	0.0	0.0	0.057919	0.05798	-1.228939555640864	reports/tefm_calib/PIPE-TEFM-CALIB-20260621/binary_eval/cross_supervised/plant_fine/sorghum.json
calib_summary	thale_cress	cross_supervised_4096	0.7121875392581978	plant	cross	1550.0	3.1903316981702914	0.372218017578125	0.0	1.0	1.0	0.0	0.0	0.043011	0.043145	-1.3348837532454814	reports/tefm_calib/PIPE-TEFM-CALIB-20260621/binary_eval/cross_supervised/plant_fine/thale_cress.json
calib_summary	lizard	cross_supervised_4096	0.2400378125654802	vertebrate	cross	320.0	2.505149978319906	0.40405036669277106	0.0	1.0	0.0	0.0	1.0	0.038956	0.053715	-0.3639181796590216	reports/tefm_calib/PIPE-TEFM-CALIB-20260621/binary_eval/cross_supervised/stress_eval/lizard.json
calib_summary	red_flour_beetle	cross_supervised_4096	0.00308713842548429	insect	cross	820.0	2.9138138523837167	0.3398226403076848	0.0	1.0	0.0	1.0	0.0	0.027167	0.29354	1.004254993521776	reports/tefm_calib/PIPE-TEFM-CALIB-20260621/binary_eval/cross_supervised/stress_eval/red_flour_beetle.json
calib_summary	western_honey_bee	cross_supervised_4096	0.005289801490245151	insect	cross	820.0	2.9138138523837167	0.3657441979287441	0.0	1.0	0.0	1.0	0.0	0.020425	0.982865	1.6821794829942562	reports/tefm_calib/PIPE-TEFM-CALIB-20260621/binary_eval/cross_supervised/stress_eval/western_honey_bee.json
calib_summary	x_laevis	cross_supervised_4096	0.3945827783795458	vertebrate	cross	370.0	2.568201724066995	0.3856893499332528	0.0	1.0	0.0	0.0	1.0	0.000194	0.000194	-3.6232965958865218	reports/tefm_calib/PIPE-TEFM-CALIB-20260621/binary_eval/cross_supervised/stress_eval/x_laevis.json
calib_summary	red_flour_beetle	direct_red_flour_beetle_4096	0.0	insect	insect	820.0	2.9138138523837167	0.3398226403076848	1.0	0.0	0.0	1.0	0.0	0.027167	0.29354	1.004254993521776	reports/tefm_calib/PIPE-TEFM-CALIB-20260621/binary_eval/direct_beetle/cross_eval/red_flour_beetle.json
calib_summary	western_honey_bee	direct_red_flour_beetle_4096	0.0	insect	insect	820.0	2.9138138523837167	0.3657441979287441	1.0	0.0	0.0	1.0	0.0	0.020425	0.982865	1.6821794829942562	reports/tefm_calib/PIPE-TEFM-CALIB-20260621/binary_eval/direct_beetle/cross_eval/western_honey_bee.json
calib_summary	red_flour_beetle	direct_red_flour_beetle_4096	0.0	insect	insect	820.0	2.9138138523837167	0.3398226403076848	1.0	0.0	0.0	1.0	0.0	0.027167	0.29354	1.004254993521776	reports/tefm_calib/PIPE-TEFM-CALIB-20260621/binary_eval/direct_beetle/stress_eval/red_flour_beetle.json
calib_summary	western_honey_bee	direct_red_flour_beetle_4096	0.0	insect	insect	820.0	2.9138138523837167	0.3657441979287441	1.0	0.0	0.0	1.0	0.0	0.020425	0.982865	1.6821794829942562	reports/tefm_calib/PIPE-TEFM-CALIB-20260621/binary_eval/direct_beetle/stress_eval/western_honey_bee.json
calib_summary	red_flour_beetle	direct_western_honey_bee_4096	0.0	insect	insect	820.0	2.9138138523837167	0.3398226403076848	1.0	0.0	0.0	1.0	0.0	0.027167	0.29354	1.004254993521776	reports/tefm_calib/PIPE-TEFM-CALIB-20260621/binary_eval/direct_honeybee/cross_eval/red_flour_beetle.json
calib_summary	western_honey_bee	direct_western_honey_bee_4096	0.0	insect	insect	820.0	2.9138138523837167	0.3657441979287441	1.0	0.0	0.0	1.0	0.0	0.020425	0.982865	1.6821794829942562	reports/tefm_calib/PIPE-TEFM-CALIB-20260621/binary_eval/direct_honeybee/cross_eval/western_honey_bee.json
calib_summary	red_flour_beetle	direct_western_honey_bee_4096	0.0	insect	insect	820.0	2.9138138523837167	0.3398226403076848	1.0	0.0	0.0	1.0	0.0	0.027167	0.29354	1.004254993521776	reports/tefm_calib/PIPE-TEFM-CALIB-20260621/binary_eval/direct_honeybee/stress_eval/red_flour_beetle.json
calib_summary	western_honey_bee	direct_western_honey_bee_4096	0.0	insect	insect	820.0	2.9138138523837167	0.3657441979287441	1.0	0.0	0.0	1.0	0.0	0.020425	0.982865	1.6821794829942562	reports/tefm_calib/PIPE-TEFM-CALIB-20260621/binary_eval/direct_honeybee/stress_eval/western_honey_bee.json
calib_summary	cattle	insect_no_beetle_4096	0.26812894244640084	vertebrate	insect	96.0	1.9822712330395684	0.4334912109375	0.0	0.0	0.0	0.0	1.0	0.48001	0.488924	-0.29456695170425834	reports/tefm_calib/PIPE-TEFM-CALIB-20260621/binary_eval/insect_no_beetle/cross_eval/cattle.json
calib_summary	horse	insect_no_beetle_4096	0.18690448589674039	vertebrate	insect	96.0	1.9822712330395684	0.5177628848360556	0.0	0.0	0.0	0.0	1.0	0.791397	0.812579	-0.07606022944133566	reports/tefm_calib/PIPE-TEFM-CALIB-20260621/binary_eval/insect_no_beetle/cross_eval/horse.json
calib_summary	human	insect_no_beetle_4096	0.14779083377776117	vertebrate	insect	6.0	0.7781512503836436	0.545770263671875	0.0	0.0	0.0	0.0	1.0	0.948128	0.966802	-0.005903571159263742	reports/tefm_calib/PIPE-TEFM-CALIB-20260621/binary_eval/insect_no_beetle/cross_eval/human.json
calib_summary	lizard	insect_no_beetle_4096	0.14183013901954156	vertebrate	insect	320.0	2.505149978319906	0.40405036669277106	0.0	0.0	0.0	0.0	1.0	0.038956	0.053715	-0.3639181796590216	reports/tefm_calib/PIPE-TEFM-CALIB-20260621/binary_eval/insect_no_beetle/cross_eval/lizard.json
calib_summary	opossum	insect_no_beetle_4096	0.3505344111723824	vertebrate	insect	160.0	2.204119982655925	0.4415015398206201	0.0	0.0	0.0	0.0	1.0	0.387702	0.396173	-0.37880048273767486	reports/tefm_calib/PIPE-TEFM-CALIB-20260621/binary_eval/insect_no_beetle/cross_eval/opossum.json
calib_summary	pig	insect_no_beetle_4096	0.1493562637371058	vertebrate	insect	96.0	1.9822712330395684	0.52506103515625	0.0	0.0	0.0	0.0	1.0	0.582164	0.594998	-0.20968427520846328	reports/tefm_calib/PIPE-TEFM-CALIB-20260621/binary_eval/insect_no_beetle/cross_eval/pig.json
calib_summary	red_flour_beetle	insect_no_beetle_4096	0.0059299524368398296	insect	insect	820.0	2.9138138523837167	0.3398226403076848	1.0	0.0	0.0	1.0	0.0	0.027167	0.29354	1.004254993521776	reports/tefm_calib/PIPE-TEFM-CALIB-20260621/binary_eval/insect_no_beetle/cross_eval/red_flour_beetle.json
calib_summary	soybean	insect_no_beetle_4096	0.48678244619370387	plant	insect	1550.0	3.1903316981702914	0.33281741126935166	0.0	0.0	1.0	0.0	0.0	0.121572	0.122064	-0.8992367578779318	reports/tefm_calib/PIPE-TEFM-CALIB-20260621/binary_eval/insect_no_beetle/cross_eval/soybean.json
calib_summary	teosinte	insect_no_beetle_4096	0.7928110204987012	plant	insect	1500.0	3.1760912590556813	0.435516357421875	0.0	0.0	1.0	0.0	0.0	0.086856	0.088019	-0.993955514543429	reports/tefm_calib/PIPE-TEFM-CALIB-20260621/binary_eval/insect_no_beetle/cross_eval/teosinte.json
calib_summary	western_honey_bee	insect_no_beetle_4096	0.7983193277310925	insect	insect	820.0	2.9138138523837167	0.3657441979287441	1.0	0.0	0.0	1.0	0.0	0.020425	0.982865	1.6821794829942562	reports/tefm_calib/PIPE-TEFM-CALIB-20260621/binary_eval/insect_no_beetle/cross_eval/western_honey_bee.json
calib_summary	x_laevis	insect_no_beetle_4096	0.28296009342573014	vertebrate	insect	370.0	2.568201724066995	0.3856893499332528	0.0	0.0	0.0	0.0	1.0	0.000194	0.000194	-3.6232965958865218	reports/tefm_calib/PIPE-TEFM-CALIB-20260621/binary_eval/insect_no_beetle/cross_eval/x_laevis.json
calib_summary	soybean	insect_no_beetle_4096	0.48678244619370387	plant	insect	1550.0	3.1903316981702914	0.33281741126935166	0.0	0.0	1.0	0.0	0.0	0.121572	0.122064	-0.8992367578779318	reports/tefm_calib/PIPE-TEFM-CALIB-20260621/binary_eval/insect_no_beetle/plant_eval/soybean.json
calib_summary	teosinte	insect_no_beetle_4096	0.7928110204987012	plant	insect	1500.0	3.1760912590556813	0.435516357421875	0.0	0.0	1.0	0.0	0.0	0.086856	0.088019	-0.993955514543429	reports/tefm_calib/PIPE-TEFM-CALIB-20260621/binary_eval/insect_no_beetle/plant_eval/teosinte.json
calib_summary	brachypodium	insect_no_beetle_4096	0.45025616967691756	plant	insect	1500.0	3.1760912590556813	0.455743408203125	0.0	0.0	1.0	0.0	0.0	0.101164	0.1029	-0.9206109317487544	reports/tefm_calib/PIPE-TEFM-CALIB-20260621/binary_eval/insect_no_beetle/plant_fine/brachypodium.json
calib_summary	maize	insect_no_beetle_4096	0.8258861241547802	plant	insect	1500.0	3.1760912590556813	0.475595703125	0.0	0.0	1.0	0.0	0.0	0.095466	0.095627	-1.0118103771989704	reports/tefm_calib/PIPE-TEFM-CALIB-20260621/binary_eval/insect_no_beetle/plant_fine/maize.json
calib_summary	rice	insect_no_beetle_4096	0.6461381376419327	plant	insect	1500.0	3.1760912590556813	0.435623779296875	0.0	0.0	1.0	0.0	0.0	0.042709	0.042814	-1.344116021434893	reports/tefm_calib/PIPE-TEFM-CALIB-20260621/binary_eval/insect_no_beetle/plant_fine/rice.json
calib_summary	sorghum	insect_no_beetle_4096	0.7395318366775196	plant	insect	1500.0	3.1760912590556813	0.443807373046875	0.0	0.0	1.0	0.0	0.0	0.057919	0.05798	-1.228939555640864	reports/tefm_calib/PIPE-TEFM-CALIB-20260621/binary_eval/insect_no_beetle/plant_fine/sorghum.json
calib_summary	thale_cress	insect_no_beetle_4096	0.13825595918387032	plant	insect	1550.0	3.1903316981702914	0.372218017578125	0.0	0.0	1.0	0.0	0.0	0.043011	0.043145	-1.3348837532454814	reports/tefm_calib/PIPE-TEFM-CALIB-20260621/binary_eval/insect_no_beetle/plant_fine/thale_cress.json
calib_summary	lizard	insect_no_beetle_4096	0.14183013901954156	vertebrate	insect	320.0	2.505149978319906	0.40405036669277106	0.0	0.0	0.0	0.0	1.0	0.038956	0.053715	-0.3639181796590216	reports/tefm_calib/PIPE-TEFM-CALIB-20260621/binary_eval/insect_no_beetle/stress_eval/lizard.json
calib_summary	red_flour_beetle	insect_no_beetle_4096	0.0059299524368398296	insect	insect	820.0	2.9138138523837167	0.3398226403076848	1.0	0.0	0.0	1.0	0.0	0.027167	0.29354	1.004254993521776	reports/tefm_calib/PIPE-TEFM-CALIB-20260621/binary_eval/insect_no_beetle/stress_eval/red_flour_beetle.json
calib_summary	western_honey_bee	insect_no_beetle_4096	0.7983193277310925	insect	insect	820.0	2.9138138523837167	0.3657441979287441	1.0	0.0	0.0	1.0	0.0	0.020425	0.982865	1.6821794829942562	reports/tefm_calib/PIPE-TEFM-CALIB-20260621/binary_eval/insect_no_beetle/stress_eval/western_honey_bee.json
calib_summary	x_laevis	insect_no_beetle_4096	0.28296009342573014	vertebrate	insect	370.0	2.568201724066995	0.3856893499332528	0.0	0.0	0.0	0.0	1.0	0.000194	0.000194	-3.6232965958865218	reports/tefm_calib/PIPE-TEFM-CALIB-20260621/binary_eval/insect_no_beetle/stress_eval/x_laevis.json
calib_summary	cattle	plant_supervised_4096	0.08588097700685454	vertebrate	plant	96.0	1.9822712330395684	0.4334912109375	0.0	0.0	0.0	0.0	1.0	0.48001	0.488924	-0.29456695170425834	reports/tefm_calib/PIPE-TEFM-CALIB-20260621/binary_eval/plant_supervised/cross_eval/cattle.json
calib_summary	horse	plant_supervised_4096	0.10256021541050382	vertebrate	plant	96.0	1.9822712330395684	0.5177628848360556	0.0	0.0	0.0	0.0	1.0	0.791397	0.812579	-0.07606022944133566	reports/tefm_calib/PIPE-TEFM-CALIB-20260621/binary_eval/plant_supervised/cross_eval/horse.json
calib_summary	human	plant_supervised_4096	0.1214275571269181	vertebrate	plant	6.0	0.7781512503836436	0.545770263671875	0.0	0.0	0.0	0.0	1.0	0.948128	0.966802	-0.005903571159263742	reports/tefm_calib/PIPE-TEFM-CALIB-20260621/binary_eval/plant_supervised/cross_eval/human.json
calib_summary	lizard	plant_supervised_4096	0.15060947596156826	vertebrate	plant	320.0	2.505149978319906	0.40405036669277106	0.0	0.0	0.0	0.0	1.0	0.038956	0.053715	-0.3639181796590216	reports/tefm_calib/PIPE-TEFM-CALIB-20260621/binary_eval/plant_supervised/cross_eval/lizard.json
calib_summary	opossum	plant_supervised_4096	0.3131202191971405	vertebrate	plant	160.0	2.204119982655925	0.4415015398206201	0.0	0.0	0.0	0.0	1.0	0.387702	0.396173	-0.37880048273767486	reports/tefm_calib/PIPE-TEFM-CALIB-20260621/binary_eval/plant_supervised/cross_eval/opossum.json
calib_summary	pig	plant_supervised_4096	0.08568053441470792	vertebrate	plant	96.0	1.9822712330395684	0.52506103515625	0.0	0.0	0.0	0.0	1.0	0.582164	0.594998	-0.20968427520846328	reports/tefm_calib/PIPE-TEFM-CALIB-20260621/binary_eval/plant_supervised/cross_eval/pig.json
calib_summary	red_flour_beetle	plant_supervised_4096	0.002370929625562839	insect	plant	820.0	2.9138138523837167	0.3398226403076848	0.0	0.0	0.0	1.0	0.0	0.027167	0.29354	1.004254993521776	reports/tefm_calib/PIPE-TEFM-CALIB-20260621/binary_eval/plant_supervised/cross_eval/red_flour_beetle.json
calib_summary	soybean	plant_supervised_4096	0.41155355059138393	plant	plant	1550.0	3.1903316981702914	0.33281741126935166	1.0	0.0	1.0	0.0	0.0	0.121572	0.122064	-0.8992367578779318	reports/tefm_calib/PIPE-TEFM-CALIB-20260621/binary_eval/plant_supervised/cross_eval/soybean.json
calib_summary	teosinte	plant_supervised_4096	0.9308197551982428	plant	plant	1500.0	3.1760912590556813	0.435516357421875	1.0	0.0	1.0	0.0	0.0	0.086856	0.088019	-0.993955514543429	reports/tefm_calib/PIPE-TEFM-CALIB-20260621/binary_eval/plant_supervised/cross_eval/teosinte.json
calib_summary	western_honey_bee	plant_supervised_4096	0.0003842421976866535	insect	plant	820.0	2.9138138523837167	0.3657441979287441	0.0	0.0	0.0	1.0	0.0	0.020425	0.982865	1.6821794829942562	reports/tefm_calib/PIPE-TEFM-CALIB-20260621/binary_eval/plant_supervised/cross_eval/western_honey_bee.json
calib_summary	x_laevis	plant_supervised_4096	0.28555437575867654	vertebrate	plant	370.0	2.568201724066995	0.3856893499332528	0.0	0.0	0.0	0.0	1.0	0.000194	0.000194	-3.6232965958865218	reports/tefm_calib/PIPE-TEFM-CALIB-20260621/binary_eval/plant_supervised/cross_eval/x_laevis.json
calib_summary	soybean	plant_supervised_4096	0.41155355059138393	plant	plant	1550.0	3.1903316981702914	0.33281741126935166	1.0	0.0	1.0	0.0	0.0	0.121572	0.122064	-0.8992367578779318	reports/tefm_calib/PIPE-TEFM-CALIB-20260621/binary_eval/plant_supervised/plant_eval/soybean.json
calib_summary	teosinte	plant_supervised_4096	0.9308197551982428	plant	plant	1500.0	3.1760912590556813	0.435516357421875	1.0	0.0	1.0	0.0	0.0	0.086856	0.088019	-0.993955514543429	reports/tefm_calib/PIPE-TEFM-CALIB-20260621/binary_eval/plant_supervised/plant_eval/teosinte.json
calib_summary	brachypodium	plant_supervised_4096	0.7765195434514967	plant	plant	1500.0	3.1760912590556813	0.455743408203125	1.0	0.0	1.0	0.0	0.0	0.101164	0.1029	-0.9206109317487544	reports/tefm_calib/PIPE-TEFM-CALIB-20260621/binary_eval/plant_supervised/plant_fine/brachypodium.json
calib_summary	maize	plant_supervised_4096	0.9619894139220538	plant	plant	1500.0	3.1760912590556813	0.475595703125	1.0	0.0	1.0	0.0	0.0	0.095466	0.095627	-1.0118103771989704	reports/tefm_calib/PIPE-TEFM-CALIB-20260621/binary_eval/plant_supervised/plant_fine/maize.json
calib_summary	rice	plant_supervised_4096	0.8707687905287769	plant	plant	1500.0	3.1760912590556813	0.435623779296875	1.0	0.0	1.0	0.0	0.0	0.042709	0.042814	-1.344116021434893	reports/tefm_calib/PIPE-TEFM-CALIB-20260621/binary_eval/plant_supervised/plant_fine/rice.json
calib_summary	sorghum	plant_supervised_4096	0.9087078620701827	plant	plant	1500.0	3.1760912590556813	0.443807373046875	1.0	0.0	1.0	0.0	0.0	0.057919	0.05798	-1.228939555640864	reports/tefm_calib/PIPE-TEFM-CALIB-20260621/binary_eval/plant_supervised/plant_fine/sorghum.json
calib_summary	thale_cress	plant_supervised_4096	0.6974776069597389	plant	plant	1550.0	3.1903316981702914	0.372218017578125	1.0	0.0	1.0	0.0	0.0	0.043011	0.043145	-1.3348837532454814	reports/tefm_calib/PIPE-TEFM-CALIB-20260621/binary_eval/plant_supervised/plant_fine/thale_cress.json
calib_summary	lizard	plant_supervised_4096	0.15060820211871995	vertebrate	plant	320.0	2.505149978319906	0.40405036669277106	0.0	0.0	0.0	0.0	1.0	0.038956	0.053715	-0.3639181796590216	reports/tefm_calib/PIPE-TEFM-CALIB-20260621/binary_eval/plant_supervised/stress_eval/lizard.json
calib_summary	red_flour_beetle	plant_supervised_4096	0.002370929625562839	insect	plant	820.0	2.9138138523837167	0.3398226403076848	0.0	0.0	0.0	1.0	0.0	0.027167	0.29354	1.004254993521776	reports/tefm_calib/PIPE-TEFM-CALIB-20260621/binary_eval/plant_supervised/stress_eval/red_flour_beetle.json
calib_summary	western_honey_bee	plant_supervised_4096	0.00038424162543143403	insect	plant	820.0	2.9138138523837167	0.3657441979287441	0.0	0.0	0.0	1.0	0.0	0.020425	0.982865	1.6821794829942562	reports/tefm_calib/PIPE-TEFM-CALIB-20260621/binary_eval/plant_supervised/stress_eval/western_honey_bee.json
calib_summary	x_laevis	plant_supervised_4096	0.28555437575867654	vertebrate	plant	370.0	2.568201724066995	0.3856893499332528	0.0	0.0	0.0	0.0	1.0	0.000194	0.000194	-3.6232965958865218	reports/tefm_calib/PIPE-TEFM-CALIB-20260621/binary_eval/plant_supervised/stress_eval/x_laevis.json
calib_summary	red_flour_beetle	direct_red_flour_beetle_4096	0.0	insect	insect	820.0	2.9138138523837167	0.3398226403076848	1.0	0.0	0.0	1.0	0.0	0.027167	0.29354	1.004254993521776	reports/tefm_calib/PIPE-TEFM-CALIB-20260621/direct_species/direct_beetle/red_flour_beetle.json
calib_summary	western_honey_bee	direct_western_honey_bee_4096	0.0	insect	insect	820.0	2.9138138523837167	0.3657441979287441	1.0	0.0	0.0	1.0	0.0	0.020425	0.982865	1.6821794829942562	reports/tefm_calib/PIPE-TEFM-CALIB-20260621/direct_species/direct_honeybee/western_honey_bee.json
lock_recovery	lizard	recovery_lizard	0.9516363498464144	vertebrate	unknown	320.0	2.505149978319906	0.40405036669277106	0.0	0.0	0.0	0.0	1.0	0.038956	0.053715	-0.3639181796590216	
lock_recovery	lizard	invert_boost_animal_4096	0.21874025583579446	vertebrate	animal	320.0	2.505149978319906	0.40405036669277106	1.0	0.0	0.0	0.0	1.0	0.038956	0.053715	-0.3639181796590216	
lock_recovery	red_flour_beetle	recovery_red_flour_beetle	0.07138643067846608	insect	insect	820.0	2.9138138523837167	0.3398226403076848	1.0	0.0	0.0	1.0	0.0	0.027167	0.29354	1.004254993521776	
lock_recovery	red_flour_beetle	invert_boost_animal_4096	0.004331046830956096	insect	animal	820.0	2.9138138523837167	0.3398226403076848	1.0	0.0	0.0	1.0	0.0	0.027167	0.29354	1.004254993521776	
lock_recovery	western_honey_bee	recovery_western_honey_bee	0.8578191039729501	insect	insect	820.0	2.9138138523837167	0.3657441979287441	1.0	0.0	0.0	1.0	0.0	0.020425	0.982865	1.6821794829942562	
lock_recovery	western_honey_bee	invert_boost_animal_4096	0.25447940700014726	insect	animal	820.0	2.9138138523837167	0.3657441979287441	1.0	0.0	0.0	1.0	0.0	0.020425	0.982865	1.6821794829942562	
lock_recovery	x_laevis	recovery_x_laevis	0.9342699448068239	vertebrate	unknown	370.0	2.568201724066995	0.3856893499332528	0.0	0.0	0.0	0.0	1.0	0.000194	0.000194	-3.6232965958865218	
lock_recovery	x_laevis	invert_boost_animal_4096	0.3361775892231091	vertebrate	animal	370.0	2.568201724066995	0.3856893499332528	1.0	0.0	0.0	0.0	1.0	0.000194	0.000194	-3.6232965958865218	
repair_mixed	cattle	invert_boost_animal_4096	0.9216935615407685	vertebrate	animal	96.0	1.9822712330395684	0.4334912109375	1.0	0.0	0.0	0.0	1.0	0.48001	0.488924	-0.29456695170425834	
repair_mixed	horse	invert_boost_animal_4096	0.8913728851560259	vertebrate	animal	96.0	1.9822712330395684	0.5177628848360556	1.0	0.0	0.0	0.0	1.0	0.791397	0.812579	-0.07606022944133566	
repair_mixed	human	invert_boost_animal_4096	0.9049455482038951	vertebrate	animal	6.0	0.7781512503836436	0.545770263671875	1.0	0.0	0.0	0.0	1.0	0.948128	0.966802	-0.005903571159263742	
repair_mixed	pig	invert_boost_animal_4096	0.8761131743803473	vertebrate	animal	96.0	1.9822712330395684	0.52506103515625	1.0	0.0	0.0	0.0	1.0	0.582164	0.594998	-0.20968427520846328	
repair_mixed	cattle	invert_boost_animal_4096	0.9216935615407685	vertebrate	animal	96.0	1.9822712330395684	0.4334912109375	1.0	0.0	0.0	0.0	1.0	0.48001	0.488924	-0.29456695170425834	
repair_mixed	horse	invert_boost_animal_4096	0.8913728851560259	vertebrate	animal	96.0	1.9822712330395684	0.5177628848360556	1.0	0.0	0.0	0.0	1.0	0.791397	0.812579	-0.07606022944133566	
repair_mixed	human	invert_boost_animal_4096	0.9049461157192719	vertebrate	animal	6.0	0.7781512503836436	0.545770263671875	1.0	0.0	0.0	0.0	1.0	0.948128	0.966802	-0.005903571159263742	
repair_mixed	lizard	invert_boost_animal_4096	0.24164004169870312	vertebrate	animal	320.0	2.505149978319906	0.40405036669277106	1.0	0.0	0.0	0.0	1.0	0.038956	0.053715	-0.3639181796590216	
repair_mixed	opossum	invert_boost_animal_4096	0.8811419601553324	vertebrate	animal	160.0	2.204119982655925	0.4415015398206201	1.0	0.0	0.0	0.0	1.0	0.387702	0.396173	-0.37880048273767486	
repair_mixed	pig	invert_boost_animal_4096	0.8761131743803473	vertebrate	animal	96.0	1.9822712330395684	0.52506103515625	1.0	0.0	0.0	0.0	1.0	0.582164	0.594998	-0.20968427520846328	
repair_mixed	red_flour_beetle	invert_boost_animal_4096	0.004448888579938293	insect	animal	820.0	2.9138138523837167	0.3398226403076848	1.0	0.0	0.0	1.0	0.0	0.027167	0.29354	1.004254993521776	
repair_mixed	western_honey_bee	invert_boost_animal_4096	0.052179883281840034	insect	animal	820.0	2.9138138523837167	0.3657441979287441	1.0	0.0	0.0	1.0	0.0	0.020425	0.982865	1.6821794829942562	
repair_mixed	x_laevis	invert_boost_animal_4096	0.40137759810717816	vertebrate	animal	370.0	2.568201724066995	0.3856893499332528	1.0	0.0	0.0	0.0	1.0	0.000194	0.000194	-3.6232965958865218	
repair_mixed	c_elegans	invert_boost_animal_4096	0.9053972034713066	other	animal	900.0	2.9542425094393248	0.35862548828125	0.0	0.0	0.0	0.0	0.0	0.833784	0.964483	0.04969724618578586	
repair_mixed	chicken	invert_boost_animal_4096	0.9526735217094694	vertebrate	animal	310.0	2.4913616938342726	0.0	1.0	0.0	0.0	0.0	1.0	0.391291	0.394479	-0.3950973786864289	
repair_mixed	fruit_fly	invert_boost_animal_4096	0.9437257723304636	insect	animal	780.0	2.8920946026904804	0.445092170492477	1.0	0.0	0.0	1.0	0.0	0.888725	0.993839	0.04614982940082338	
repair_mixed	mouse	invert_boost_animal_4096	0.9622946321173395	vertebrate	animal	90.0	1.9542425094393248	0.0	1.0	0.0	0.0	0.0	1.0	0.892472	0.903571	-0.038101307922466285	
repair_mixed	western_clawed_frog	invert_boost_animal_4096	0.9384484554812158	vertebrate	animal	360.0	2.5563025007672873	0.0	1.0	0.0	0.0	0.0	1.0	0.000179	0.000179	-3.73219836816952	
repair_mixed	zebrafish	invert_boost_animal_4096	0.9079971499897331	vertebrate	animal	430.0	2.6334684555795866	0.0	1.0	0.0	0.0	0.0	1.0	0.837603	0.982602	0.06285057103103395	
repair_mixed	cattle	mouse_core_animal_4096	0.9208665285059306	vertebrate	animal	96.0	1.9822712330395684	0.4334912109375	1.0	0.0	0.0	0.0	1.0	0.48001	0.488924	-0.29456695170425834	
repair_mixed	horse	mouse_core_animal_4096	0.8929670426179449	vertebrate	animal	96.0	1.9822712330395684	0.5177628848360556	1.0	0.0	0.0	0.0	1.0	0.791397	0.812579	-0.07606022944133566	
repair_mixed	human	mouse_core_animal_4096	0.9039123232606745	vertebrate	animal	6.0	0.7781512503836436	0.545770263671875	1.0	0.0	0.0	0.0	1.0	0.948128	0.966802	-0.005903571159263742	
repair_mixed	pig	mouse_core_animal_4096	0.8752680709659444	vertebrate	animal	96.0	1.9822712330395684	0.52506103515625	1.0	0.0	0.0	0.0	1.0	0.582164	0.594998	-0.20968427520846328	
repair_mixed	cattle	mouse_core_animal_4096	0.9208665285059306	vertebrate	animal	96.0	1.9822712330395684	0.4334912109375	1.0	0.0	0.0	0.0	1.0	0.48001	0.488924	-0.29456695170425834	
repair_mixed	horse	mouse_core_animal_4096	0.8929670426179449	vertebrate	animal	96.0	1.9822712330395684	0.5177628848360556	1.0	0.0	0.0	0.0	1.0	0.791397	0.812579	-0.07606022944133566	
repair_mixed	human	mouse_core_animal_4096	0.9039123232606745	vertebrate	animal	6.0	0.7781512503836436	0.545770263671875	1.0	0.0	0.0	0.0	1.0	0.948128	0.966802	-0.005903571159263742	
repair_mixed	lizard	mouse_core_animal_4096	0.2383885407624708	vertebrate	animal	320.0	2.505149978319906	0.40405036669277106	1.0	0.0	0.0	0.0	1.0	0.038956	0.053715	-0.3639181796590216	
repair_mixed	opossum	mouse_core_animal_4096	0.8783574671439092	vertebrate	animal	160.0	2.204119982655925	0.4415015398206201	1.0	0.0	0.0	0.0	1.0	0.387702	0.396173	-0.37880048273767486	
repair_mixed	pig	mouse_core_animal_4096	0.8752680709659444	vertebrate	animal	96.0	1.9822712330395684	0.52506103515625	1.0	0.0	0.0	0.0	1.0	0.582164	0.594998	-0.20968427520846328	
repair_mixed	red_flour_beetle	mouse_core_animal_4096	0.00321627071603582	insect	animal	820.0	2.9138138523837167	0.3398226403076848	1.0	0.0	0.0	1.0	0.0	0.027167	0.29354	1.004254993521776	
repair_mixed	western_honey_bee	mouse_core_animal_4096	0.03149214768159781	insect	animal	820.0	2.9138138523837167	0.3657441979287441	1.0	0.0	0.0	1.0	0.0	0.020425	0.982865	1.6821794829942562	
repair_mixed	x_laevis	mouse_core_animal_4096	0.3961703913156446	vertebrate	animal	370.0	2.568201724066995	0.3856893499332528	1.0	0.0	0.0	0.0	1.0	0.000194	0.000194	-3.6232965958865218	
repair_mixed	c_elegans	mouse_core_animal_4096	0.8362139780364212	other	animal	900.0	2.9542425094393248	0.35862548828125	0.0	0.0	0.0	0.0	0.0	0.833784	0.964483	0.04969724618578586	
repair_mixed	chicken	mouse_core_animal_4096	0.943037347686821	vertebrate	animal	310.0	2.4913616938342726	0.0	1.0	0.0	0.0	0.0	1.0	0.391291	0.394479	-0.3950973786864289	
repair_mixed	fruit_fly	mouse_core_animal_4096	0.9302313388897802	insect	animal	780.0	2.8920946026904804	0.445092170492477	1.0	0.0	0.0	1.0	0.0	0.888725	0.993839	0.04614982940082338	
repair_mixed	mouse	mouse_core_animal_4096	0.9568835152646948	vertebrate	animal	90.0	1.9542425094393248	0.0	1.0	0.0	0.0	0.0	1.0	0.892472	0.903571	-0.038101307922466285	
repair_mixed	western_clawed_frog	mouse_core_animal_4096	0.9240714752536946	vertebrate	animal	360.0	2.5563025007672873	0.0	1.0	0.0	0.0	0.0	1.0	0.000179	0.000179	-3.73219836816952	
repair_mixed	zebrafish	mouse_core_animal_4096	0.890849602962781	vertebrate	animal	430.0	2.6334684555795866	0.0	1.0	0.0	0.0	0.0	1.0	0.837603	0.982602	0.06285057103103395	
repair_mixed	cattle	p5_archive_parity_4096	0.9224743217803422	vertebrate	unknown	96.0	1.9822712330395684	0.4334912109375	0.0	0.0	0.0	0.0	1.0	0.48001	0.488924	-0.29456695170425834	
repair_mixed	horse	p5_archive_parity_4096	0.9036842213808338	vertebrate	unknown	96.0	1.9822712330395684	0.5177628848360556	0.0	0.0	0.0	0.0	1.0	0.791397	0.812579	-0.07606022944133566	
repair_mixed	human	p5_archive_parity_4096	0.936231828325669	vertebrate	unknown	6.0	0.7781512503836436	0.545770263671875	0.0	0.0	0.0	0.0	1.0	0.948128	0.966802	-0.005903571159263742	
repair_mixed	pig	p5_archive_parity_4096	0.8830790481060521	vertebrate	unknown	96.0	1.9822712330395684	0.52506103515625	0.0	0.0	0.0	0.0	1.0	0.582164	0.594998	-0.20968427520846328	
repair_mixed	cattle	p5_archive_parity_4096	0.9224743217803422	vertebrate	unknown	96.0	1.9822712330395684	0.4334912109375	0.0	0.0	0.0	0.0	1.0	0.48001	0.488924	-0.29456695170425834	
repair_mixed	horse	p5_archive_parity_4096	0.9036845538801594	vertebrate	unknown	96.0	1.9822712330395684	0.5177628848360556	0.0	0.0	0.0	0.0	1.0	0.791397	0.812579	-0.07606022944133566	
repair_mixed	human	p5_archive_parity_4096	0.9362315379784619	vertebrate	unknown	6.0	0.7781512503836436	0.545770263671875	0.0	0.0	0.0	0.0	1.0	0.948128	0.966802	-0.005903571159263742	
repair_mixed	lizard	p5_archive_parity_4096	0.21890258185060169	vertebrate	unknown	320.0	2.505149978319906	0.40405036669277106	0.0	0.0	0.0	0.0	1.0	0.038956	0.053715	-0.3639181796590216	
repair_mixed	opossum	p5_archive_parity_4096	0.8811934035689308	vertebrate	unknown	160.0	2.204119982655925	0.4415015398206201	0.0	0.0	0.0	0.0	1.0	0.387702	0.396173	-0.37880048273767486	
repair_mixed	pig	p5_archive_parity_4096	0.8830790481060521	vertebrate	unknown	96.0	1.9822712330395684	0.52506103515625	0.0	0.0	0.0	0.0	1.0	0.582164	0.594998	-0.20968427520846328	
repair_mixed	red_flour_beetle	p5_archive_parity_4096	0.00246361392019337	insect	unknown	820.0	2.9138138523837167	0.3398226403076848	0.0	0.0	0.0	1.0	0.0	0.027167	0.29354	1.004254993521776	
repair_mixed	western_honey_bee	p5_archive_parity_4096	0.015778479043513045	insect	unknown	820.0	2.9138138523837167	0.3657441979287441	0.0	0.0	0.0	1.0	0.0	0.020425	0.982865	1.6821794829942562	
repair_mixed	x_laevis	p5_archive_parity_4096	0.3947158674369039	vertebrate	unknown	370.0	2.568201724066995	0.3856893499332528	0.0	0.0	0.0	0.0	1.0	0.000194	0.000194	-3.6232965958865218	
repair_mixed	c_elegans	p5_archive_parity_4096	0.5649620953563325	other	unknown	900.0	2.9542425094393248	0.35862548828125	0.0	0.0	0.0	0.0	0.0	0.833784	0.964483	0.04969724618578586	
repair_mixed	chicken	p5_archive_parity_4096	0.8507349930284512	vertebrate	unknown	310.0	2.4913616938342726	0.0	0.0	0.0	0.0	0.0	1.0	0.391291	0.394479	-0.3950973786864289	
repair_mixed	fruit_fly	p5_archive_parity_4096	0.9216033478767542	insect	unknown	780.0	2.8920946026904804	0.445092170492477	0.0	0.0	0.0	1.0	0.0	0.888725	0.993839	0.04614982940082338	
repair_mixed	mouse	p5_archive_parity_4096	0.9494242491883046	vertebrate	unknown	90.0	1.9542425094393248	0.0	0.0	0.0	0.0	0.0	1.0	0.892472	0.903571	-0.038101307922466285	
repair_mixed	western_clawed_frog	p5_archive_parity_4096	0.7603618314005798	vertebrate	unknown	360.0	2.5563025007672873	0.0	0.0	0.0	0.0	0.0	1.0	0.000179	0.000179	-3.73219836816952	
repair_mixed	zebrafish	p5_archive_parity_4096	0.8759167676644187	vertebrate	unknown	430.0	2.6334684555795866	0.0	0.0	0.0	0.0	0.0	1.0	0.837603	0.982602	0.06285057103103395	
extend_transfer	soybean	cross_to_plant_eval	0.219718379238161	plant	plant	1550.0	3.1903316981702914	0.33281741126935166	1.0	0.0	1.0	0.0	0.0	0.121572	0.122064	-0.8992367578779318	reports/tefm_extend/PIPE-TEFM-EXTEND-20260620/plant_transfer/cross_kingdom_pu/plant_eval/soybean.json
extend_transfer	teosinte	cross_to_plant_eval	0.8171599879434643	plant	plant	1500.0	3.1760912590556813	0.435516357421875	1.0	0.0	1.0	0.0	0.0	0.086856	0.088019	-0.993955514543429	reports/tefm_extend/PIPE-TEFM-EXTEND-20260620/plant_transfer/cross_kingdom_pu/plant_eval/teosinte.json
extend_transfer	brachypodium	cross_to_plant_fine	0.08934281509400518	plant	plant	1500.0	3.1760912590556813	0.455743408203125	1.0	0.0	1.0	0.0	0.0	0.101164	0.1029	-0.9206109317487544	reports/tefm_extend/PIPE-TEFM-EXTEND-20260620/plant_transfer/cross_kingdom_pu/plant_fine/brachypodium.json
extend_transfer	maize	cross_to_plant_fine	0.8538807557503582	plant	plant	1500.0	3.1760912590556813	0.475595703125	1.0	0.0	1.0	0.0	0.0	0.095466	0.095627	-1.0118103771989704	reports/tefm_extend/PIPE-TEFM-EXTEND-20260620/plant_transfer/cross_kingdom_pu/plant_fine/maize.json
extend_transfer	rice	cross_to_plant_fine	0.4390117488565789	plant	plant	1500.0	3.1760912590556813	0.435623779296875	1.0	0.0	1.0	0.0	0.0	0.042709	0.042814	-1.344116021434893	reports/tefm_extend/PIPE-TEFM-EXTEND-20260620/plant_transfer/cross_kingdom_pu/plant_fine/rice.json
extend_transfer	sorghum	cross_to_plant_fine	0.4190402211645393	plant	plant	1500.0	3.1760912590556813	0.443807373046875	1.0	0.0	1.0	0.0	0.0	0.057919	0.05798	-1.228939555640864	reports/tefm_extend/PIPE-TEFM-EXTEND-20260620/plant_transfer/cross_kingdom_pu/plant_fine/sorghum.json
extend_transfer	thale_cress	cross_to_plant_fine	0.14310610385111303	plant	plant	1550.0	3.1903316981702914	0.372218017578125	1.0	0.0	1.0	0.0	0.0	0.043011	0.043145	-1.3348837532454814	reports/tefm_extend/PIPE-TEFM-EXTEND-20260620/plant_transfer/cross_kingdom_pu/plant_fine/thale_cress.json
extend_transfer	soybean	TFREPAIR_invert_boost_animal_4096_seed42	0.5650854892493286	plant	animal	1550.0	3.1903316981702914	0.33281741126935166	0.0	0.0	1.0	0.0	0.0	0.121572	0.122064	-0.8992367578779318	reports/tefm_extend/PIPE-TEFM-EXTEND-20260620/plant_transfer/invert_boost/plant_eval/soybean.json
extend_transfer	teosinte	TFREPAIR_invert_boost_animal_4096_seed42	0.8886845637016639	plant	animal	1500.0	3.1760912590556813	0.435516357421875	0.0	0.0	1.0	0.0	0.0	0.086856	0.088019	-0.993955514543429	reports/tefm_extend/PIPE-TEFM-EXTEND-20260620/plant_transfer/invert_boost/plant_eval/teosinte.json
extend_transfer	brachypodium	TFREPAIR_invert_boost_animal_4096_seed42	0.43338983323804847	plant	animal	1500.0	3.1760912590556813	0.455743408203125	0.0	0.0	1.0	0.0	0.0	0.101164	0.1029	-0.9206109317487544	reports/tefm_extend/PIPE-TEFM-EXTEND-20260620/plant_transfer/invert_boost/plant_fine/brachypodium.json
extend_transfer	maize	TFREPAIR_invert_boost_animal_4096_seed42	0.9051649037911726	plant	animal	1500.0	3.1760912590556813	0.475595703125	0.0	0.0	1.0	0.0	0.0	0.095466	0.095627	-1.0118103771989704	reports/tefm_extend/PIPE-TEFM-EXTEND-20260620/plant_transfer/invert_boost/plant_fine/maize.json
extend_transfer	rice	TFREPAIR_invert_boost_animal_4096_seed42	0.743674745054983	plant	animal	1500.0	3.1760912590556813	0.435623779296875	0.0	0.0	1.0	0.0	0.0	0.042709	0.042814	-1.344116021434893	reports/tefm_extend/PIPE-TEFM-EXTEND-20260620/plant_transfer/invert_boost/plant_fine/rice.json
extend_transfer	sorghum	TFREPAIR_invert_boost_animal_4096_seed42	0.8370785739861111	plant	animal	1500.0	3.1760912590556813	0.443807373046875	0.0	0.0	1.0	0.0	0.0	0.057919	0.05798	-1.228939555640864	reports/tefm_extend/PIPE-TEFM-EXTEND-20260620/plant_transfer/invert_boost/plant_fine/sorghum.json
extend_transfer	thale_cress	TFREPAIR_invert_boost_animal_4096_seed42	0.20790736538347387	plant	animal	1550.0	3.1903316981702914	0.372218017578125	0.0	0.0	1.0	0.0	0.0	0.043011	0.043145	-1.3348837532454814	reports/tefm_extend/PIPE-TEFM-EXTEND-20260620/plant_transfer/invert_boost/plant_fine/thale_cress.json
extend_transfer	soybean	plant_base_pu_to_plant_eval	0.219718379238161	plant	plant	1550.0	3.1903316981702914	0.33281741126935166	1.0	0.0	1.0	0.0	0.0	0.121572	0.122064	-0.8992367578779318	reports/tefm_extend/PIPE-TEFM-EXTEND-20260620/plant_transfer/plant_base_pu/plant_eval/soybean.json
extend_transfer	teosinte	plant_base_pu_to_plant_eval	0.8171599879434643	plant	plant	1500.0	3.1760912590556813	0.435516357421875	1.0	0.0	1.0	0.0	0.0	0.086856	0.088019	-0.993955514543429	reports/tefm_extend/PIPE-TEFM-EXTEND-20260620/plant_transfer/plant_base_pu/plant_eval/teosinte.json
extend_transfer	brachypodium	plant_base_pu_to_plant_fine	0.08934281509400518	plant	plant	1500.0	3.1760912590556813	0.455743408203125	1.0	0.0	1.0	0.0	0.0	0.101164	0.1029	-0.9206109317487544	reports/tefm_extend/PIPE-TEFM-EXTEND-20260620/plant_transfer/plant_base_pu/plant_fine/brachypodium.json
extend_transfer	maize	plant_base_pu_to_plant_fine	0.8538807557503582	plant	plant	1500.0	3.1760912590556813	0.475595703125	1.0	0.0	1.0	0.0	0.0	0.095466	0.095627	-1.0118103771989704	reports/tefm_extend/PIPE-TEFM-EXTEND-20260620/plant_transfer/plant_base_pu/plant_fine/maize.json
extend_transfer	rice	plant_base_pu_to_plant_fine	0.4390117488565789	plant	plant	1500.0	3.1760912590556813	0.435623779296875	1.0	0.0	1.0	0.0	0.0	0.042709	0.042814	-1.344116021434893	reports/tefm_extend/PIPE-TEFM-EXTEND-20260620/plant_transfer/plant_base_pu/plant_fine/rice.json
extend_transfer	sorghum	plant_base_pu_to_plant_fine	0.4190402211645393	plant	plant	1500.0	3.1760912590556813	0.443807373046875	1.0	0.0	1.0	0.0	0.0	0.057919	0.05798	-1.228939555640864	reports/tefm_extend/PIPE-TEFM-EXTEND-20260620/plant_transfer/plant_base_pu/plant_fine/sorghum.json
extend_transfer	thale_cress	plant_base_pu_to_plant_fine	0.14310610385111303	plant	plant	1550.0	3.1903316981702914	0.372218017578125	1.0	0.0	1.0	0.0	0.0	0.043011	0.043145	-1.3348837532454814	reports/tefm_extend/PIPE-TEFM-EXTEND-20260620/plant_transfer/plant_base_pu/plant_fine/thale_cress.json
extend_transfer	soybean	plant_from_invert_positive_only_to_plant_eval	0.219718379238161	plant	plant	1550.0	3.1903316981702914	0.33281741126935166	1.0	0.0	1.0	0.0	0.0	0.121572	0.122064	-0.8992367578779318	reports/tefm_extend/PIPE-TEFM-EXTEND-20260620/plant_transfer/plant_from_invert_positive_only/plant_eval/soybean.json
extend_transfer	teosinte	plant_from_invert_positive_only_to_plant_eval	0.8171599879434643	plant	plant	1500.0	3.1760912590556813	0.435516357421875	1.0	0.0	1.0	0.0	0.0	0.086856	0.088019	-0.993955514543429	reports/tefm_extend/PIPE-TEFM-EXTEND-20260620/plant_transfer/plant_from_invert_positive_only/plant_eval/teosinte.json
extend_transfer	brachypodium	plant_from_invert_positive_only_to_plant_fine	0.08934281509400518	plant	plant	1500.0	3.1760912590556813	0.455743408203125	1.0	0.0	1.0	0.0	0.0	0.101164	0.1029	-0.9206109317487544	reports/tefm_extend/PIPE-TEFM-EXTEND-20260620/plant_transfer/plant_from_invert_positive_only/plant_fine/brachypodium.json
extend_transfer	maize	plant_from_invert_positive_only_to_plant_fine	0.8538807557503582	plant	plant	1500.0	3.1760912590556813	0.475595703125	1.0	0.0	1.0	0.0	0.0	0.095466	0.095627	-1.0118103771989704	reports/tefm_extend/PIPE-TEFM-EXTEND-20260620/plant_transfer/plant_from_invert_positive_only/plant_fine/maize.json
extend_transfer	rice	plant_from_invert_positive_only_to_plant_fine	0.4390117488565789	plant	plant	1500.0	3.1760912590556813	0.435623779296875	1.0	0.0	1.0	0.0	0.0	0.042709	0.042814	-1.344116021434893	reports/tefm_extend/PIPE-TEFM-EXTEND-20260620/plant_transfer/plant_from_invert_positive_only/plant_fine/rice.json
extend_transfer	sorghum	plant_from_invert_positive_only_to_plant_fine	0.4190402211645393	plant	plant	1500.0	3.1760912590556813	0.443807373046875	1.0	0.0	1.0	0.0	0.0	0.057919	0.05798	-1.228939555640864	reports/tefm_extend/PIPE-TEFM-EXTEND-20260620/plant_transfer/plant_from_invert_positive_only/plant_fine/sorghum.json
extend_transfer	thale_cress	plant_from_invert_positive_only_to_plant_fine	0.14310610385111303	plant	plant	1550.0	3.1903316981702914	0.372218017578125	1.0	0.0	1.0	0.0	0.0	0.043011	0.043145	-1.3348837532454814	reports/tefm_extend/PIPE-TEFM-EXTEND-20260620/plant_transfer/plant_from_invert_positive_only/plant_fine/thale_cress.json
extend_transfer	soybean	plant_from_invert_pu_to_plant_eval	0.219718379238161	plant	plant	1550.0	3.1903316981702914	0.33281741126935166	1.0	0.0	1.0	0.0	0.0	0.121572	0.122064	-0.8992367578779318	reports/tefm_extend/PIPE-TEFM-EXTEND-20260620/plant_transfer/plant_from_invert_pu/plant_eval/soybean.json
extend_transfer	teosinte	plant_from_invert_pu_to_plant_eval	0.8171599879434643	plant	plant	1500.0	3.1760912590556813	0.435516357421875	1.0	0.0	1.0	0.0	0.0	0.086856	0.088019	-0.993955514543429	reports/tefm_extend/PIPE-TEFM-EXTEND-20260620/plant_transfer/plant_from_invert_pu/plant_eval/teosinte.json
extend_transfer	brachypodium	plant_from_invert_pu_to_plant_fine	0.08934281509400518	plant	plant	1500.0	3.1760912590556813	0.455743408203125	1.0	0.0	1.0	0.0	0.0	0.101164	0.1029	-0.9206109317487544	reports/tefm_extend/PIPE-TEFM-EXTEND-20260620/plant_transfer/plant_from_invert_pu/plant_fine/brachypodium.json
extend_transfer	maize	plant_from_invert_pu_to_plant_fine	0.8538807557503582	plant	plant	1500.0	3.1760912590556813	0.475595703125	1.0	0.0	1.0	0.0	0.0	0.095466	0.095627	-1.0118103771989704	reports/tefm_extend/PIPE-TEFM-EXTEND-20260620/plant_transfer/plant_from_invert_pu/plant_fine/maize.json
extend_transfer	rice	plant_from_invert_pu_to_plant_fine	0.4390117488565789	plant	plant	1500.0	3.1760912590556813	0.435623779296875	1.0	0.0	1.0	0.0	0.0	0.042709	0.042814	-1.344116021434893	reports/tefm_extend/PIPE-TEFM-EXTEND-20260620/plant_transfer/plant_from_invert_pu/plant_fine/rice.json
extend_transfer	sorghum	plant_from_invert_pu_to_plant_fine	0.4190402211645393	plant	plant	1500.0	3.1760912590556813	0.443807373046875	1.0	0.0	1.0	0.0	0.0	0.057919	0.05798	-1.228939555640864	reports/tefm_extend/PIPE-TEFM-EXTEND-20260620/plant_transfer/plant_from_invert_pu/plant_fine/sorghum.json
extend_transfer	thale_cress	plant_from_invert_pu_to_plant_fine	0.14310610385111303	plant	plant	1550.0	3.1903316981702914	0.372218017578125	1.0	0.0	1.0	0.0	0.0	0.043011	0.043145	-1.3348837532454814	reports/tefm_extend/PIPE-TEFM-EXTEND-20260620/plant_transfer/plant_from_invert_pu/plant_fine/thale_cress.json
extend_transfer	soybean	plant_from_invert_pu_tv_to_plant_eval	0.29043941020534336	plant	plant	1550.0	3.1903316981702914	0.33281741126935166	1.0	0.0	1.0	0.0	0.0	0.121572	0.122064	-0.8992367578779318	reports/tefm_extend/PIPE-TEFM-EXTEND-20260620/plant_transfer/plant_from_invert_pu_tv/plant_eval/soybean.json
extend_transfer	teosinte	plant_from_invert_pu_tv_to_plant_eval	0.8536246361328441	plant	plant	1500.0	3.1760912590556813	0.435516357421875	1.0	0.0	1.0	0.0	0.0	0.086856	0.088019	-0.993955514543429	reports/tefm_extend/PIPE-TEFM-EXTEND-20260620/plant_transfer/plant_from_invert_pu_tv/plant_eval/teosinte.json
extend_transfer	brachypodium	plant_from_invert_pu_tv_to_plant_fine	0.17583607615508387	plant	plant	1500.0	3.1760912590556813	0.455743408203125	1.0	0.0	1.0	0.0	0.0	0.101164	0.1029	-0.9206109317487544	reports/tefm_extend/PIPE-TEFM-EXTEND-20260620/plant_transfer/plant_from_invert_pu_tv/plant_fine/brachypodium.json
extend_transfer	maize	plant_from_invert_pu_tv_to_plant_fine	0.909052475902958	plant	plant	1500.0	3.1760912590556813	0.475595703125	1.0	0.0	1.0	0.0	0.0	0.095466	0.095627	-1.0118103771989704	reports/tefm_extend/PIPE-TEFM-EXTEND-20260620/plant_transfer/plant_from_invert_pu_tv/plant_fine/maize.json
extend_transfer	rice	plant_from_invert_pu_tv_to_plant_fine	0.6486419060845329	plant	plant	1500.0	3.1760912590556813	0.435623779296875	1.0	0.0	1.0	0.0	0.0	0.042709	0.042814	-1.344116021434893	reports/tefm_extend/PIPE-TEFM-EXTEND-20260620/plant_transfer/plant_from_invert_pu_tv/plant_fine/rice.json
extend_transfer	sorghum	plant_from_invert_pu_tv_to_plant_fine	0.6545934990845218	plant	plant	1500.0	3.1760912590556813	0.443807373046875	1.0	0.0	1.0	0.0	0.0	0.057919	0.05798	-1.228939555640864	reports/tefm_extend/PIPE-TEFM-EXTEND-20260620/plant_transfer/plant_from_invert_pu_tv/plant_fine/sorghum.json
extend_transfer	thale_cress	plant_from_invert_pu_tv_to_plant_fine	0.16349420922345012	plant	plant	1550.0	3.1903316981702914	0.372218017578125	1.0	0.0	1.0	0.0	0.0	0.043011	0.043145	-1.3348837532454814	reports/tefm_extend/PIPE-TEFM-EXTEND-20260620/plant_transfer/plant_from_invert_pu_tv/plant_fine/thale_cress.json
extend_transfer	cattle	cross_kingdom_eval	0.6254091793201715	vertebrate	cross	96.0	1.9822712330395684	0.4334912109375	0.0	1.0	0.0	0.0	1.0	0.48001	0.488924	-0.29456695170425834	reports/tefm_extend/PIPE-TEFM-EXTEND-20260620/cross_eval/cross_kingdom_pu/cattle.json
extend_transfer	horse	cross_kingdom_eval	0.49322831015303614	vertebrate	cross	96.0	1.9822712330395684	0.5177628848360556	0.0	1.0	0.0	0.0	1.0	0.791397	0.812579	-0.07606022944133566	reports/tefm_extend/PIPE-TEFM-EXTEND-20260620/cross_eval/cross_kingdom_pu/horse.json
extend_transfer	lizard	cross_kingdom_eval	0.11694718797714913	vertebrate	cross	320.0	2.505149978319906	0.40405036669277106	0.0	1.0	0.0	0.0	1.0	0.038956	0.053715	-0.3639181796590216	reports/tefm_extend/PIPE-TEFM-EXTEND-20260620/cross_eval/cross_kingdom_pu/lizard.json
extend_transfer	opossum	cross_kingdom_eval	0.6104616811174656	vertebrate	cross	160.0	2.204119982655925	0.4415015398206201	0.0	1.0	0.0	0.0	1.0	0.387702	0.396173	-0.37880048273767486	reports/tefm_extend/PIPE-TEFM-EXTEND-20260620/cross_eval/cross_kingdom_pu/opossum.json
extend_transfer	pig	cross_kingdom_eval	0.4549598250890798	vertebrate	cross	96.0	1.9822712330395684	0.52506103515625	0.0	1.0	0.0	0.0	1.0	0.582164	0.594998	-0.20968427520846328	reports/tefm_extend/PIPE-TEFM-EXTEND-20260620/cross_eval/cross_kingdom_pu/pig.json
extend_transfer	red_flour_beetle	cross_kingdom_eval	0.0009354346720894764	insect	cross	820.0	2.9138138523837167	0.3398226403076848	0.0	1.0	0.0	1.0	0.0	0.027167	0.29354	1.004254993521776	reports/tefm_extend/PIPE-TEFM-EXTEND-20260620/cross_eval/cross_kingdom_pu/red_flour_beetle.json
extend_transfer	soybean	cross_kingdom_eval	0.219718379238161	plant	cross	1550.0	3.1903316981702914	0.33281741126935166	0.0	1.0	1.0	0.0	0.0	0.121572	0.122064	-0.8992367578779318	reports/tefm_extend/PIPE-TEFM-EXTEND-20260620/cross_eval/cross_kingdom_pu/soybean.json
extend_transfer	teosinte	cross_kingdom_eval	0.8171599879434643	plant	cross	1500.0	3.1760912590556813	0.435516357421875	0.0	1.0	1.0	0.0	0.0	0.086856	0.088019	-0.993955514543429	reports/tefm_extend/PIPE-TEFM-EXTEND-20260620/cross_eval/cross_kingdom_pu/teosinte.json
extend_transfer	western_honey_bee	cross_kingdom_eval	0.0001546104427147966	insect	cross	820.0	2.9138138523837167	0.3657441979287441	0.0	1.0	0.0	1.0	0.0	0.020425	0.982865	1.6821794829942562	reports/tefm_extend/PIPE-TEFM-EXTEND-20260620/cross_eval/cross_kingdom_pu/western_honey_bee.json
extend_transfer	cattle	TFREPAIR_invert_boost_animal_4096_seed42	0.9216935615407685	vertebrate	animal	96.0	1.9822712330395684	0.4334912109375	1.0	0.0	0.0	0.0	1.0	0.48001	0.488924	-0.29456695170425834	reports/tefm_extend/PIPE-TEFM-EXTEND-20260620/cross_eval/invert_boost/cattle.json
extend_transfer	horse	TFREPAIR_invert_boost_animal_4096_seed42	0.8913728851560259	vertebrate	animal	96.0	1.9822712330395684	0.5177628848360556	1.0	0.0	0.0	0.0	1.0	0.791397	0.812579	-0.07606022944133566	reports/tefm_extend/PIPE-TEFM-EXTEND-20260620/cross_eval/invert_boost/horse.json
extend_transfer	lizard	TFREPAIR_invert_boost_animal_4096_seed42	0.24163994447685527	vertebrate	animal	320.0	2.505149978319906	0.40405036669277106	1.0	0.0	0.0	0.0	1.0	0.038956	0.053715	-0.3639181796590216	reports/tefm_extend/PIPE-TEFM-EXTEND-20260620/cross_eval/invert_boost/lizard.json
extend_transfer	opossum	TFREPAIR_invert_boost_animal_4096_seed42	0.8811419601553324	vertebrate	animal	160.0	2.204119982655925	0.4415015398206201	1.0	0.0	0.0	0.0	1.0	0.387702	0.396173	-0.37880048273767486	reports/tefm_extend/PIPE-TEFM-EXTEND-20260620/cross_eval/invert_boost/opossum.json
extend_transfer	pig	TFREPAIR_invert_boost_animal_4096_seed42	0.8761131743803473	vertebrate	animal	96.0	1.9822712330395684	0.52506103515625	1.0	0.0	0.0	0.0	1.0	0.582164	0.594998	-0.20968427520846328	reports/tefm_extend/PIPE-TEFM-EXTEND-20260620/cross_eval/invert_boost/pig.json
extend_transfer	red_flour_beetle	TFREPAIR_invert_boost_animal_4096_seed42	0.004448888579938293	insect	animal	820.0	2.9138138523837167	0.3398226403076848	1.0	0.0	0.0	1.0	0.0	0.027167	0.29354	1.004254993521776	reports/tefm_extend/PIPE-TEFM-EXTEND-20260620/cross_eval/invert_boost/red_flour_beetle.json
extend_transfer	soybean	TFREPAIR_invert_boost_animal_4096_seed42	0.5650860204945004	plant	animal	1550.0	3.1903316981702914	0.33281741126935166	0.0	0.0	1.0	0.0	0.0	0.121572	0.122064	-0.8992367578779318	reports/tefm_extend/PIPE-TEFM-EXTEND-20260620/cross_eval/invert_boost/soybean.json
extend_transfer	teosinte	TFREPAIR_invert_boost_animal_4096_seed42	0.8886845637016639	plant	animal	1500.0	3.1760912590556813	0.435516357421875	0.0	0.0	1.0	0.0	0.0	0.086856	0.088019	-0.993955514543429	reports/tefm_extend/PIPE-TEFM-EXTEND-20260620/cross_eval/invert_boost/teosinte.json
extend_transfer	western_honey_bee	TFREPAIR_invert_boost_animal_4096_seed42	0.052179883281840034	insect	animal	820.0	2.9138138523837167	0.3657441979287441	1.0	0.0	0.0	1.0	0.0	0.020425	0.982865	1.6821794829942562	reports/tefm_extend/PIPE-TEFM-EXTEND-20260620/cross_eval/invert_boost/western_honey_bee.json
extend_transfer	cattle	plant_model_cross_eval	0.7746728847039254	vertebrate	plant	96.0	1.9822712330395684	0.4334912109375	0.0	0.0	0.0	0.0	1.0	0.48001	0.488924	-0.29456695170425834	reports/tefm_extend/PIPE-TEFM-EXTEND-20260620/cross_eval/plant_from_invert_pu_tv/cattle.json
extend_transfer	horse	plant_model_cross_eval	0.7397846072501153	vertebrate	plant	96.0	1.9822712330395684	0.5177628848360556	0.0	0.0	0.0	0.0	1.0	0.791397	0.812579	-0.07606022944133566	reports/tefm_extend/PIPE-TEFM-EXTEND-20260620/cross_eval/plant_from_invert_pu_tv/horse.json
extend_transfer	lizard	plant_model_cross_eval	0.16478326991453718	vertebrate	plant	320.0	2.505149978319906	0.40405036669277106	0.0	0.0	0.0	0.0	1.0	0.038956	0.053715	-0.3639181796590216	reports/tefm_extend/PIPE-TEFM-EXTEND-20260620/cross_eval/plant_from_invert_pu_tv/lizard.json
extend_transfer	opossum	plant_model_cross_eval	0.7665483580219882	vertebrate	plant	160.0	2.204119982655925	0.4415015398206201	0.0	0.0	0.0	0.0	1.0	0.387702	0.396173	-0.37880048273767486	reports/tefm_extend/PIPE-TEFM-EXTEND-20260620/cross_eval/plant_from_invert_pu_tv/opossum.json
extend_transfer	pig	plant_model_cross_eval	0.6813609318671622	vertebrate	plant	96.0	1.9822712330395684	0.52506103515625	0.0	0.0	0.0	0.0	1.0	0.582164	0.594998	-0.20968427520846328	reports/tefm_extend/PIPE-TEFM-EXTEND-20260620/cross_eval/plant_from_invert_pu_tv/pig.json
extend_transfer	red_flour_beetle	plant_model_cross_eval	0.0011023449800563795	insect	plant	820.0	2.9138138523837167	0.3398226403076848	0.0	0.0	0.0	1.0	0.0	0.027167	0.29354	1.004254993521776	reports/tefm_extend/PIPE-TEFM-EXTEND-20260620/cross_eval/plant_from_invert_pu_tv/red_flour_beetle.json
extend_transfer	soybean	plant_model_cross_eval	0.29043941020534336	plant	plant	1550.0	3.1903316981702914	0.33281741126935166	1.0	0.0	1.0	0.0	0.0	0.121572	0.122064	-0.8992367578779318	reports/tefm_extend/PIPE-TEFM-EXTEND-20260620/cross_eval/plant_from_invert_pu_tv/soybean.json
extend_transfer	teosinte	plant_model_cross_eval	0.8536246361328441	plant	plant	1500.0	3.1760912590556813	0.435516357421875	1.0	0.0	1.0	0.0	0.0	0.086856	0.088019	-0.993955514543429	reports/tefm_extend/PIPE-TEFM-EXTEND-20260620/cross_eval/plant_from_invert_pu_tv/teosinte.json
extend_transfer	western_honey_bee	plant_model_cross_eval	0.00025644486435416386	insect	plant	820.0	2.9138138523837167	0.3657441979287441	0.0	0.0	0.0	1.0	0.0	0.020425	0.982865	1.6821794829942562	reports/tefm_extend/PIPE-TEFM-EXTEND-20260620/cross_eval/plant_from_invert_pu_tv/western_honey_bee.json
extend_transfer	lizard	anchor_insect_anchor	0.05078931756036417	vertebrate	insect	320.0	2.505149978319906	0.40405036669277106	0.0	0.0	0.0	0.0	1.0	0.038956	0.053715	-0.3639181796590216	reports/tefm_extend/PIPE-TEFM-EXTEND-20260620/stress_anchor/insect_anchor/lizard.json
extend_transfer	red_flour_beetle	anchor_insect_anchor	0.0031733938188719074	insect	insect	820.0	2.9138138523837167	0.3398226403076848	1.0	0.0	0.0	1.0	0.0	0.027167	0.29354	1.004254993521776	reports/tefm_extend/PIPE-TEFM-EXTEND-20260620/stress_anchor/insect_anchor/red_flour_beetle.json
extend_transfer	western_honey_bee	anchor_insect_anchor	0.0013024687703510746	insect	insect	820.0	2.9138138523837167	0.3657441979287441	1.0	0.0	0.0	1.0	0.0	0.020425	0.982865	1.6821794829942562	reports/tefm_extend/PIPE-TEFM-EXTEND-20260620/stress_anchor/insect_anchor/western_honey_bee.json
extend_transfer	x_laevis	anchor_insect_anchor	0.14315529878385921	vertebrate	insect	370.0	2.568201724066995	0.3856893499332528	0.0	0.0	0.0	0.0	1.0	0.000194	0.000194	-3.6232965958865218	reports/tefm_extend/PIPE-TEFM-EXTEND-20260620/stress_anchor/insect_anchor/x_laevis.json
extend_transfer	lizard	TFREPAIR_invert_boost_animal_4096_seed42	0.24164004169870312	vertebrate	animal	320.0	2.505149978319906	0.40405036669277106	1.0	0.0	0.0	0.0	1.0	0.038956	0.053715	-0.3639181796590216	reports/tefm_extend/PIPE-TEFM-EXTEND-20260620/stress_anchor/invert_boost/lizard.json
extend_transfer	red_flour_beetle	TFREPAIR_invert_boost_animal_4096_seed42	0.004448912369259727	insect	animal	820.0	2.9138138523837167	0.3398226403076848	1.0	0.0	0.0	1.0	0.0	0.027167	0.29354	1.004254993521776	reports/tefm_extend/PIPE-TEFM-EXTEND-20260620/stress_anchor/invert_boost/red_flour_beetle.json
extend_transfer	western_honey_bee	TFREPAIR_invert_boost_animal_4096_seed42	0.052179883281840034	insect	animal	820.0	2.9138138523837167	0.3657441979287441	1.0	0.0	0.0	1.0	0.0	0.020425	0.982865	1.6821794829942562	reports/tefm_extend/PIPE-TEFM-EXTEND-20260620/stress_anchor/invert_boost/western_honey_bee.json
extend_transfer	x_laevis	TFREPAIR_invert_boost_animal_4096_seed42	0.40137759810717816	vertebrate	animal	370.0	2.568201724066995	0.3856893499332528	1.0	0.0	0.0	0.0	1.0	0.000194	0.000194	-3.6232965958865218	reports/tefm_extend/PIPE-TEFM-EXTEND-20260620/stress_anchor/invert_boost/x_laevis.json
extend_transfer	lizard	anchor_vertebrate_anchor	0.274563160933669	vertebrate	animal	320.0	2.505149978319906	0.40405036669277106	1.0	0.0	0.0	0.0	1.0	0.038956	0.053715	-0.3639181796590216	reports/tefm_extend/PIPE-TEFM-EXTEND-20260620/stress_anchor/vertebrate_anchor/lizard.json
extend_transfer	red_flour_beetle	anchor_vertebrate_anchor	0.004226139076547976	insect	animal	820.0	2.9138138523837167	0.3398226403076848	1.0	0.0	0.0	1.0	0.0	0.027167	0.29354	1.004254993521776	reports/tefm_extend/PIPE-TEFM-EXTEND-20260620/stress_anchor/vertebrate_anchor/red_flour_beetle.json
extend_transfer	western_honey_bee	anchor_vertebrate_anchor	0.08449759695987481	insect	animal	820.0	2.9138138523837167	0.3657441979287441	1.0	0.0	0.0	1.0	0.0	0.020425	0.982865	1.6821794829942562	reports/tefm_extend/PIPE-TEFM-EXTEND-20260620/stress_anchor/vertebrate_anchor/western_honey_bee.json
extend_transfer	x_laevis	anchor_vertebrate_anchor	0.4111231485950374	vertebrate	animal	370.0	2.568201724066995	0.3856893499332528	1.0	0.0	0.0	0.0	1.0	0.000194	0.000194	-3.6232965958865218	reports/tefm_extend/PIPE-TEFM-EXTEND-20260620/stress_anchor/vertebrate_anchor/x_laevis.json
anchor_json	lizard	TFREPAIR_invert_boost_animal_4096_seed42	0.24164004169870312	vertebrate	animal	320.0	2.505149978319906	0.40405036669277106	1.0	0.0	0.0	0.0	1.0	0.038956	0.053715	-0.3639181796590216	reports/tefm_anchor/PIPE-TEFM-ANCHOR-20260621/binary_eval/animal_invert_boost/insect_stress/lizard.json
anchor_json	red_flour_beetle	TFREPAIR_invert_boost_animal_4096_seed42	0.004448888579938293	insect	animal	820.0	2.9138138523837167	0.3398226403076848	1.0	0.0	0.0	1.0	0.0	0.027167	0.29354	1.004254993521776	reports/tefm_anchor/PIPE-TEFM-ANCHOR-20260621/binary_eval/animal_invert_boost/insect_stress/red_flour_beetle.json
anchor_json	x_laevis	TFREPAIR_invert_boost_animal_4096_seed42	0.40137776542055575	vertebrate	animal	370.0	2.568201724066995	0.3856893499332528	1.0	0.0	0.0	0.0	1.0	0.000194	0.000194	-3.6232965958865218	reports/tefm_anchor/PIPE-TEFM-ANCHOR-20260621/binary_eval/animal_invert_boost/insect_stress/x_laevis.json
anchor_json	western_honey_bee	TFREPAIR_invert_boost_animal_4096_seed42	0.052179883281840034	insect	animal	820.0	2.9138138523837167	0.3657441979287441	1.0	0.0	0.0	1.0	0.0	0.020425	0.982865	1.6821794829942562	reports/tefm_anchor/PIPE-TEFM-ANCHOR-20260621/binary_eval/animal_invert_boost/insect_stress/western_honey_bee.json
anchor_json	c_elegans	TFREPAIR_invert_boost_animal_4096_seed42	0.9053972034713066	other	animal	900.0	2.9542425094393248	0.35862548828125	0.0	0.0	0.0	0.0	0.0	0.833784	0.964483	0.04969724618578586	reports/tefm_anchor/PIPE-TEFM-ANCHOR-20260621/binary_eval/animal_invert_boost/insect_fine/c_elegans.json
anchor_json	fruit_fly	TFREPAIR_invert_boost_animal_4096_seed42	0.9437257723304636	insect	animal	780.0	2.8920946026904804	0.445092170492477	1.0	0.0	0.0	1.0	0.0	0.888725	0.993839	0.04614982940082338	reports/tefm_anchor/PIPE-TEFM-ANCHOR-20260621/binary_eval/animal_invert_boost/insect_fine/fruit_fly.json
anchor_json	lizard	insect_no_beetle_4096	0.14183024775596695	vertebrate	insect	320.0	2.505149978319906	0.40405036669277106	0.0	0.0	0.0	0.0	1.0	0.038956	0.053715	-0.3639181796590216	reports/tefm_anchor/PIPE-TEFM-ANCHOR-20260621/binary_eval/insect_no_beetle/insect_stress/lizard.json
anchor_json	red_flour_beetle	insect_no_beetle_4096	0.0059299524368398296	insect	insect	820.0	2.9138138523837167	0.3398226403076848	1.0	0.0	0.0	1.0	0.0	0.027167	0.29354	1.004254993521776	reports/tefm_anchor/PIPE-TEFM-ANCHOR-20260621/binary_eval/insect_no_beetle/insect_stress/red_flour_beetle.json
anchor_json	x_laevis	insect_no_beetle_4096	0.28296009342573014	vertebrate	insect	370.0	2.568201724066995	0.3856893499332528	0.0	0.0	0.0	0.0	1.0	0.000194	0.000194	-3.6232965958865218	reports/tefm_anchor/PIPE-TEFM-ANCHOR-20260621/binary_eval/insect_no_beetle/insect_stress/x_laevis.json
anchor_json	western_honey_bee	insect_no_beetle_4096	0.7983193277310925	insect	insect	820.0	2.9138138523837167	0.3657441979287441	1.0	0.0	0.0	1.0	0.0	0.020425	0.982865	1.6821794829942562	reports/tefm_anchor/PIPE-TEFM-ANCHOR-20260621/binary_eval/insect_no_beetle/insect_stress/western_honey_bee.json
anchor_json	c_elegans	insect_no_beetle_4096	0.5383685302773058	other	insect	900.0	2.9542425094393248	0.35862548828125	0.0	0.0	0.0	0.0	0.0	0.833784	0.964483	0.04969724618578586	reports/tefm_anchor/PIPE-TEFM-ANCHOR-20260621/binary_eval/insect_no_beetle/insect_fine/c_elegans.json
anchor_json	fruit_fly	insect_no_beetle_4096	0.944818571090276	insect	insect	780.0	2.8920946026904804	0.445092170492477	1.0	0.0	0.0	1.0	0.0	0.888725	0.993839	0.04614982940082338	reports/tefm_anchor/PIPE-TEFM-ANCHOR-20260621/binary_eval/insect_no_beetle/insect_fine/fruit_fly.json
anchor_json	c_elegans	insect_primary_4096	0.8945547202059512	other	insect	900.0	2.9542425094393248	0.35862548828125	0.0	0.0	0.0	0.0	0.0	0.833784	0.964483	0.04969724618578586	reports/tefm_anchor/PIPE-TEFM-ANCHOR-20260621/binary_eval/insect_primary/insect_fine/c_elegans.json
anchor_json	fruit_fly	insect_primary_4096	0.9413841255319277	insect	insect	780.0	2.8920946026904804	0.445092170492477	1.0	0.0	0.0	1.0	0.0	0.888725	0.993839	0.04614982940082338	reports/tefm_anchor/PIPE-TEFM-ANCHOR-20260621/binary_eval/insect_primary/insect_fine/fruit_fly.json
anchor_json	lizard	insect_primary_4096	0.10343661026742652	vertebrate	insect	320.0	2.505149978319906	0.40405036669277106	0.0	0.0	0.0	0.0	1.0	0.038956	0.053715	-0.3639181796590216	reports/tefm_anchor/PIPE-TEFM-ANCHOR-20260621/binary_eval/insect_primary/insect_stress/lizard.json
anchor_json	red_flour_beetle	insect_primary_4096	0.005363420025850717	insect	insect	820.0	2.9138138523837167	0.3398226403076848	1.0	0.0	0.0	1.0	0.0	0.027167	0.29354	1.004254993521776	reports/tefm_anchor/PIPE-TEFM-ANCHOR-20260621/binary_eval/insect_primary/insect_stress/red_flour_beetle.json
anchor_json	x_laevis	insect_primary_4096	0.22685996910251235	vertebrate	insect	370.0	2.568201724066995	0.3856893499332528	0.0	0.0	0.0	0.0	1.0	0.000194	0.000194	-3.6232965958865218	reports/tefm_anchor/PIPE-TEFM-ANCHOR-20260621/binary_eval/insect_primary/insect_stress/x_laevis.json
anchor_json	western_honey_bee	insect_primary_4096	0.946524064171123	insect	insect	820.0	2.9138138523837167	0.3657441979287441	1.0	0.0	0.0	1.0	0.0	0.020425	0.982865	1.6821794829942562	reports/tefm_anchor/PIPE-TEFM-ANCHOR-20260621/binary_eval/insect_primary/insect_stress/western_honey_bee.json
anchor_json	fruit_fly	cross_supervised_4096	0.942393180917196	insect	cross	780.0	2.8920946026904804	0.445092170492477	0.0	1.0	0.0	1.0	0.0	0.888725	0.993839	0.04614982940082338	reports/tefm_anchor/PIPE-TEFM-ANCHOR-20260621/binary_eval/cross_supervised/insect_fine/fruit_fly.json
anchor_json	c_elegans	cross_supervised_4096	0.8952111633807284	other	cross	900.0	2.9542425094393248	0.35862548828125	0.0	1.0	0.0	0.0	0.0	0.833784	0.964483	0.04969724618578586	reports/tefm_anchor/PIPE-TEFM-ANCHOR-20260621/binary_eval/cross_supervised/insect_fine/c_elegans.json
anchor_json	lizard	cross_supervised_4096	0.24003800453783136	vertebrate	cross	320.0	2.505149978319906	0.40405036669277106	0.0	1.0	0.0	0.0	1.0	0.038956	0.053715	-0.3639181796590216	reports/tefm_anchor/PIPE-TEFM-ANCHOR-20260621/binary_eval/cross_supervised/insect_stress/lizard.json
anchor_json	red_flour_beetle	cross_supervised_4096	0.00308713842548429	insect	cross	820.0	2.9138138523837167	0.3398226403076848	0.0	1.0	0.0	1.0	0.0	0.027167	0.29354	1.004254993521776	reports/tefm_anchor/PIPE-TEFM-ANCHOR-20260621/binary_eval/cross_supervised/insect_stress/red_flour_beetle.json
anchor_json	x_laevis	cross_supervised_4096	0.3945827783795458	vertebrate	cross	370.0	2.568201724066995	0.3856893499332528	0.0	1.0	0.0	0.0	1.0	0.000194	0.000194	-3.6232965958865218	reports/tefm_anchor/PIPE-TEFM-ANCHOR-20260621/binary_eval/cross_supervised/insect_stress/x_laevis.json
anchor_json	western_honey_bee	cross_supervised_4096	0.005289801490245151	insect	cross	820.0	2.9138138523837167	0.3657441979287441	0.0	1.0	0.0	1.0	0.0	0.020425	0.982865	1.6821794829942562	reports/tefm_anchor/PIPE-TEFM-ANCHOR-20260621/binary_eval/cross_supervised/insect_stress/western_honey_bee.json
