exp_id	model_dir	data_jsonl	chrom	window	stride	weight_mode	threshold	n_windows	merge_mode	postprocess	iou_threshold	boundary_tol_bp	ignored_bp	bp_tp	bp_fp	bp_fn	bp_tn	bp_precision	bp_recall	bp_f1	bp_positive_rate_true	bp_positive_rate_pred	bp_n	true_segments	pred_segments	segment_tp	segment_fp	segment_fn	segment_precision	segment_recall	segment_f1	mean_matched_iou	boundary_precision	boundary_recall	boundary_f1	median_boundary_error_bp	pred_true_backed_rate	short_pred_segments	short_true_backed_rate	short_mean_best_iou	mean_fragments_per_true	split_true_rate	missed_true_rate	deleted_segments	deleted_true_backed_segments	deleted_true_backed_rate
PIPE-TEFM-FINAL-FRAGSANITY-20260630	software_outputs/tefm_final/PIPE-TEFM-FINAL-20260623/runs/ntv2_250m_H0_w4096_seed42	software_outputs/tefm_final/PIPE-TEFM-FINAL-EBAR-20260629/data/w4096/animal_fine/mouse/chr1/mouse/test/data.jsonl.gz	chr1	4096	4096	triangular	0.5	120	forward	raw_threshold	0.8	5	0	271508	26439	12511	181062	0.9112627413600406	0.9559501300969301	0.933071691473385	0.577838134765625	0.6061747233072917	491520	409	623	158	465	251	0.2536115569823435	0.3863080684596577	0.3062015503875969	0.9291413405208045	0.0738362760834671	0.11246943765281174	0.08914728682170543	7.0	0.579454253611557	267	0.3295880149812734	0.06447817545525679	1.1858190709046454	0.1466992665036675	0.06601466992665037	0	0	0.0
PIPE-TEFM-FINAL-FRAGSANITY-20260630	software_outputs/tefm_final/PIPE-TEFM-FINAL-20260623/runs/ntv2_250m_H0_w4096_seed42	software_outputs/tefm_final/PIPE-TEFM-FINAL-EBAR-20260629/data/w4096/animal_fine/mouse/chr1/mouse/test/data.jsonl.gz	chr1	4096	4096	triangular	0.5	120	forward	raw_threshold	0.8	10	0	271508	26439	12511	181062	0.9112627413600406	0.9559501300969301	0.933071691473385	0.577838134765625	0.6061747233072917	491520	409	623	158	465	251	0.2536115569823435	0.3863080684596577	0.3062015503875969	0.9291413405208045	0.1187800963081862	0.18092909535452323	0.1434108527131783	7.0	0.579454253611557	267	0.3295880149812734	0.06447817545525679	1.1858190709046454	0.1466992665036675	0.06601466992665037	0	0	0.0
PIPE-TEFM-FINAL-FRAGSANITY-20260630	software_outputs/tefm_final/PIPE-TEFM-FINAL-20260623/runs/ntv2_250m_H0_w4096_seed42	software_outputs/tefm_final/PIPE-TEFM-FINAL-EBAR-20260629/data/w4096/animal_fine/mouse/chr1/mouse/test/data.jsonl.gz	chr1	4096	4096	triangular	0.5	120	forward	raw_threshold	0.8	25	0	271508	26439	12511	181062	0.9112627413600406	0.9559501300969301	0.933071691473385	0.577838134765625	0.6061747233072917	491520	409	623	158	465	251	0.2536115569823435	0.3863080684596577	0.3062015503875969	0.9291413405208045	0.19743178170144463	0.30073349633251834	0.23837209302325585	7.0	0.579454253611557	267	0.3295880149812734	0.06447817545525679	1.1858190709046454	0.1466992665036675	0.06601466992665037	0	0	0.0
PIPE-TEFM-FINAL-FRAGSANITY-20260630	software_outputs/tefm_final/PIPE-TEFM-FINAL-20260623/runs/ntv2_250m_H0_w4096_seed42	software_outputs/tefm_final/PIPE-TEFM-FINAL-EBAR-20260629/data/w4096/animal_fine/mouse/chr1/mouse/test/data.jsonl.gz	chr1	4096	4096	triangular	0.5	120	forward	raw_threshold	0.9	5	0	271508	26439	12511	181062	0.9112627413600406	0.9559501300969301	0.933071691473385	0.577838134765625	0.6061747233072917	491520	409	623	112	511	297	0.1797752808988764	0.27383863080684595	0.21705426356589147	0.9583676679967231	0.0738362760834671	0.11246943765281174	0.08914728682170543	5.0	0.579454253611557	267	0.3295880149812734	0.06447817545525679	1.1858190709046454	0.1466992665036675	0.06601466992665037	0	0	0.0
PIPE-TEFM-FINAL-FRAGSANITY-20260630	software_outputs/tefm_final/PIPE-TEFM-FINAL-20260623/runs/ntv2_250m_H0_w4096_seed42	software_outputs/tefm_final/PIPE-TEFM-FINAL-EBAR-20260629/data/w4096/animal_fine/mouse/chr1/mouse/test/data.jsonl.gz	chr1	4096	4096	triangular	0.5	120	forward	raw_threshold	0.9	10	0	271508	26439	12511	181062	0.9112627413600406	0.9559501300969301	0.933071691473385	0.577838134765625	0.6061747233072917	491520	409	623	112	511	297	0.1797752808988764	0.27383863080684595	0.21705426356589147	0.9583676679967231	0.11235955056179775	0.17114914425427874	0.13565891472868216	5.0	0.579454253611557	267	0.3295880149812734	0.06447817545525679	1.1858190709046454	0.1466992665036675	0.06601466992665037	0	0	0.0
PIPE-TEFM-FINAL-FRAGSANITY-20260630	software_outputs/tefm_final/PIPE-TEFM-FINAL-20260623/runs/ntv2_250m_H0_w4096_seed42	software_outputs/tefm_final/PIPE-TEFM-FINAL-EBAR-20260629/data/w4096/animal_fine/mouse/chr1/mouse/test/data.jsonl.gz	chr1	4096	4096	triangular	0.5	120	forward	raw_threshold	0.9	25	0	271508	26439	12511	181062	0.9112627413600406	0.9559501300969301	0.933071691473385	0.577838134765625	0.6061747233072917	491520	409	623	112	511	297	0.1797752808988764	0.27383863080684595	0.21705426356589147	0.9583676679967231	0.16211878009630817	0.2469437652811736	0.19573643410852712	5.0	0.579454253611557	267	0.3295880149812734	0.06447817545525679	1.1858190709046454	0.1466992665036675	0.06601466992665037	0	0	0.0
PIPE-TEFM-FINAL-FRAGSANITY-20260630	software_outputs/tefm_final/PIPE-TEFM-FINAL-20260623/runs/ntv2_250m_H0_w4096_seed42	software_outputs/tefm_final/PIPE-TEFM-FINAL-EBAR-20260629/data/w4096/animal_fine/mouse/chr1/mouse/test/data.jsonl.gz	chr1	4096	4096	triangular	0.5	120	forward	crf_style_penalty4	0.8	5	0	271671	26495	12348	181006	0.9111401031640093	0.9565240353638312	0.9332806582100192	0.577838134765625	0.6066202799479167	491520	409	398	144	254	265	0.36180904522613067	0.35207823960880197	0.35687732342007433	0.9264757105918728	0.10301507537688442	0.10024449877750612	0.10161090458488228	7.0	0.7010050251256281	61	0.4262295081967213	0.1951792806763291	1.017114914425428	0.07090464547677261	0.06845965770171149	107	30	0.2803738317757009
PIPE-TEFM-FINAL-FRAGSANITY-20260630	software_outputs/tefm_final/PIPE-TEFM-FINAL-20260623/runs/ntv2_250m_H0_w4096_seed42	software_outputs/tefm_final/PIPE-TEFM-FINAL-EBAR-20260629/data/w4096/animal_fine/mouse/chr1/mouse/test/data.jsonl.gz	chr1	4096	4096	triangular	0.5	120	forward	crf_style_penalty4	0.8	10	0	271671	26495	12348	181006	0.9111401031640093	0.9565240353638312	0.9332806582100192	0.577838134765625	0.6066202799479167	491520	409	398	144	254	265	0.36180904522613067	0.35207823960880197	0.35687732342007433	0.9264757105918728	0.16331658291457288	0.15892420537897312	0.16109045848822803	7.0	0.7010050251256281	61	0.4262295081967213	0.1951792806763291	1.017114914425428	0.07090464547677261	0.06845965770171149	107	30	0.2803738317757009
PIPE-TEFM-FINAL-FRAGSANITY-20260630	software_outputs/tefm_final/PIPE-TEFM-FINAL-20260623/runs/ntv2_250m_H0_w4096_seed42	software_outputs/tefm_final/PIPE-TEFM-FINAL-EBAR-20260629/data/w4096/animal_fine/mouse/chr1/mouse/test/data.jsonl.gz	chr1	4096	4096	triangular	0.5	120	forward	crf_style_penalty4	0.8	25	0	271671	26495	12348	181006	0.9111401031640093	0.9565240353638312	0.9332806582100192	0.577838134765625	0.6066202799479167	491520	409	398	144	254	265	0.36180904522613067	0.35207823960880197	0.35687732342007433	0.9264757105918728	0.271356783919598	0.26405867970660146	0.2676579925650558	7.0	0.7010050251256281	61	0.4262295081967213	0.1951792806763291	1.017114914425428	0.07090464547677261	0.06845965770171149	107	30	0.2803738317757009
PIPE-TEFM-FINAL-FRAGSANITY-20260630	software_outputs/tefm_final/PIPE-TEFM-FINAL-20260623/runs/ntv2_250m_H0_w4096_seed42	software_outputs/tefm_final/PIPE-TEFM-FINAL-EBAR-20260629/data/w4096/animal_fine/mouse/chr1/mouse/test/data.jsonl.gz	chr1	4096	4096	triangular	0.5	120	forward	crf_style_penalty4	0.9	5	0	271671	26495	12348	181006	0.9111401031640093	0.9565240353638312	0.9332806582100192	0.577838134765625	0.6066202799479167	491520	409	398	103	295	306	0.25879396984924624	0.25183374083129584	0.255266418835192	0.9580027245318428	0.10301507537688442	0.10024449877750612	0.10161090458488228	5.5	0.7010050251256281	61	0.4262295081967213	0.1951792806763291	1.017114914425428	0.07090464547677261	0.06845965770171149	107	30	0.2803738317757009
PIPE-TEFM-FINAL-FRAGSANITY-20260630	software_outputs/tefm_final/PIPE-TEFM-FINAL-20260623/runs/ntv2_250m_H0_w4096_seed42	software_outputs/tefm_final/PIPE-TEFM-FINAL-EBAR-20260629/data/w4096/animal_fine/mouse/chr1/mouse/test/data.jsonl.gz	chr1	4096	4096	triangular	0.5	120	forward	crf_style_penalty4	0.9	10	0	271671	26495	12348	181006	0.9111401031640093	0.9565240353638312	0.9332806582100192	0.577838134765625	0.6066202799479167	491520	409	398	103	295	306	0.25879396984924624	0.25183374083129584	0.255266418835192	0.9580027245318428	0.15326633165829145	0.1491442542787286	0.15117719950433703	5.5	0.7010050251256281	61	0.4262295081967213	0.1951792806763291	1.017114914425428	0.07090464547677261	0.06845965770171149	107	30	0.2803738317757009
PIPE-TEFM-FINAL-FRAGSANITY-20260630	software_outputs/tefm_final/PIPE-TEFM-FINAL-20260623/runs/ntv2_250m_H0_w4096_seed42	software_outputs/tefm_final/PIPE-TEFM-FINAL-EBAR-20260629/data/w4096/animal_fine/mouse/chr1/mouse/test/data.jsonl.gz	chr1	4096	4096	triangular	0.5	120	forward	crf_style_penalty4	0.9	25	0	271671	26495	12348	181006	0.9111401031640093	0.9565240353638312	0.9332806582100192	0.577838134765625	0.6066202799479167	491520	409	398	103	295	306	0.25879396984924624	0.25183374083129584	0.255266418835192	0.9580027245318428	0.22613065326633167	0.2200488997555012	0.2230483271375465	5.5	0.7010050251256281	61	0.4262295081967213	0.1951792806763291	1.017114914425428	0.07090464547677261	0.06845965770171149	107	30	0.2803738317757009
PIPE-TEFM-FINAL-FRAGSANITY-20260630	software_outputs/tefm_final/PIPE-TEFM-FINAL-20260623/runs/ntv2_250m_H0_w4096_seed42	software_outputs/tefm_final/PIPE-TEFM-FINAL-EBAR-20260629/data/w4096/animal_fine/mouse/chr1/mouse/test/data.jsonl.gz	chr1	4096	4096	triangular	0.5	120	forward	oracle_connect_same_true	0.8	5	0	274113	26439	9906	181062	0.9120318613750699	0.9651220516937247	0.9378262007523465	0.577838134765625	0.611474609375	491520	409	520	169	351	240	0.325	0.4132029339853301	0.3638320775026911	0.9306666912599272	0.10192307692307692	0.1295843520782396	0.11410118406889128	7.0	0.5038461538461538	194	0.08762886597938144	0.060780800706522545	0.9339853300733496	0.0	0.06601466992665037	0	0	0.0
PIPE-TEFM-FINAL-FRAGSANITY-20260630	software_outputs/tefm_final/PIPE-TEFM-FINAL-20260623/runs/ntv2_250m_H0_w4096_seed42	software_outputs/tefm_final/PIPE-TEFM-FINAL-EBAR-20260629/data/w4096/animal_fine/mouse/chr1/mouse/test/data.jsonl.gz	chr1	4096	4096	triangular	0.5	120	forward	oracle_connect_same_true	0.8	10	0	274113	26439	9906	181062	0.9120318613750699	0.9651220516937247	0.9378262007523465	0.577838134765625	0.611474609375	491520	409	520	169	351	240	0.325	0.4132029339853301	0.3638320775026911	0.9306666912599272	0.1596153846153846	0.20293398533007334	0.17868675995694294	7.0	0.5038461538461538	194	0.08762886597938144	0.060780800706522545	0.9339853300733496	0.0	0.06601466992665037	0	0	0.0
PIPE-TEFM-FINAL-FRAGSANITY-20260630	software_outputs/tefm_final/PIPE-TEFM-FINAL-20260623/runs/ntv2_250m_H0_w4096_seed42	software_outputs/tefm_final/PIPE-TEFM-FINAL-EBAR-20260629/data/w4096/animal_fine/mouse/chr1/mouse/test/data.jsonl.gz	chr1	4096	4096	triangular	0.5	120	forward	oracle_connect_same_true	0.8	25	0	274113	26439	9906	181062	0.9120318613750699	0.9651220516937247	0.9378262007523465	0.577838134765625	0.611474609375	491520	409	520	169	351	240	0.325	0.4132029339853301	0.3638320775026911	0.9306666912599272	0.25769230769230766	0.3276283618581907	0.2884822389666308	7.0	0.5038461538461538	194	0.08762886597938144	0.060780800706522545	0.9339853300733496	0.0	0.06601466992665037	0	0	0.0
PIPE-TEFM-FINAL-FRAGSANITY-20260630	software_outputs/tefm_final/PIPE-TEFM-FINAL-20260623/runs/ntv2_250m_H0_w4096_seed42	software_outputs/tefm_final/PIPE-TEFM-FINAL-EBAR-20260629/data/w4096/animal_fine/mouse/chr1/mouse/test/data.jsonl.gz	chr1	4096	4096	triangular	0.5	120	forward	oracle_connect_same_true	0.9	5	0	274113	26439	9906	181062	0.9120318613750699	0.9651220516937247	0.9378262007523465	0.577838134765625	0.611474609375	491520	409	520	122	398	287	0.23461538461538461	0.2982885085574572	0.2626480086114101	0.9610856164409106	0.10192307692307692	0.1295843520782396	0.11410118406889128	5.0	0.5038461538461538	194	0.08762886597938144	0.060780800706522545	0.9339853300733496	0.0	0.06601466992665037	0	0	0.0
PIPE-TEFM-FINAL-FRAGSANITY-20260630	software_outputs/tefm_final/PIPE-TEFM-FINAL-20260623/runs/ntv2_250m_H0_w4096_seed42	software_outputs/tefm_final/PIPE-TEFM-FINAL-EBAR-20260629/data/w4096/animal_fine/mouse/chr1/mouse/test/data.jsonl.gz	chr1	4096	4096	triangular	0.5	120	forward	oracle_connect_same_true	0.9	10	0	274113	26439	9906	181062	0.9120318613750699	0.9651220516937247	0.9378262007523465	0.577838134765625	0.611474609375	491520	409	520	122	398	287	0.23461538461538461	0.2982885085574572	0.2626480086114101	0.9610856164409106	0.1519230769230769	0.19315403422982885	0.17007534983853606	5.0	0.5038461538461538	194	0.08762886597938144	0.060780800706522545	0.9339853300733496	0.0	0.06601466992665037	0	0	0.0
PIPE-TEFM-FINAL-FRAGSANITY-20260630	software_outputs/tefm_final/PIPE-TEFM-FINAL-20260623/runs/ntv2_250m_H0_w4096_seed42	software_outputs/tefm_final/PIPE-TEFM-FINAL-EBAR-20260629/data/w4096/animal_fine/mouse/chr1/mouse/test/data.jsonl.gz	chr1	4096	4096	triangular	0.5	120	forward	oracle_connect_same_true	0.9	25	0	274113	26439	9906	181062	0.9120318613750699	0.9651220516937247	0.9378262007523465	0.577838134765625	0.611474609375	491520	409	520	122	398	287	0.23461538461538461	0.2982885085574572	0.2626480086114101	0.9610856164409106	0.2153846153846154	0.27383863080684595	0.2411194833153929	5.0	0.5038461538461538	194	0.08762886597938144	0.060780800706522545	0.9339853300733496	0.0	0.06601466992665037	0	0	0.0
PIPE-TEFM-FINAL-FRAGSANITY-20260630	software_outputs/tefm_final/PIPE-TEFM-FINAL-20260623/runs/ntv2_250m_H0_w4096_seed42	software_outputs/tefm_final/PIPE-TEFM-FINAL-EBAR-20260629/data/w4096/animal_fine/mouse/chr1/mouse/test/data.jsonl.gz	chr1	4096	4096	triangular	0.5	120	forward	oracle_fill_supported_true	0.8	5	0	279388	0	4631	207501	1.0	0.9836947528158327	0.9917803648161987	0.577838134765625	0.5684163411458333	491520	409	382	382	0	27	1.0	0.9339853300733496	0.965865992414665	1.0	1.0	0.9339853300733496	0.965865992414665	0.0	1.0	20	1.0	1.0	0.9339853300733496	0.0	0.06601466992665037	700	0	0.0
PIPE-TEFM-FINAL-FRAGSANITY-20260630	software_outputs/tefm_final/PIPE-TEFM-FINAL-20260623/runs/ntv2_250m_H0_w4096_seed42	software_outputs/tefm_final/PIPE-TEFM-FINAL-EBAR-20260629/data/w4096/animal_fine/mouse/chr1/mouse/test/data.jsonl.gz	chr1	4096	4096	triangular	0.5	120	forward	oracle_fill_supported_true	0.8	10	0	279388	0	4631	207501	1.0	0.9836947528158327	0.9917803648161987	0.577838134765625	0.5684163411458333	491520	409	382	382	0	27	1.0	0.9339853300733496	0.965865992414665	1.0	1.0	0.9339853300733496	0.965865992414665	0.0	1.0	20	1.0	1.0	0.9339853300733496	0.0	0.06601466992665037	700	0	0.0
PIPE-TEFM-FINAL-FRAGSANITY-20260630	software_outputs/tefm_final/PIPE-TEFM-FINAL-20260623/runs/ntv2_250m_H0_w4096_seed42	software_outputs/tefm_final/PIPE-TEFM-FINAL-EBAR-20260629/data/w4096/animal_fine/mouse/chr1/mouse/test/data.jsonl.gz	chr1	4096	4096	triangular	0.5	120	forward	oracle_fill_supported_true	0.8	25	0	279388	0	4631	207501	1.0	0.9836947528158327	0.9917803648161987	0.577838134765625	0.5684163411458333	491520	409	382	382	0	27	1.0	0.9339853300733496	0.965865992414665	1.0	1.0	0.9339853300733496	0.965865992414665	0.0	1.0	20	1.0	1.0	0.9339853300733496	0.0	0.06601466992665037	700	0	0.0
PIPE-TEFM-FINAL-FRAGSANITY-20260630	software_outputs/tefm_final/PIPE-TEFM-FINAL-20260623/runs/ntv2_250m_H0_w4096_seed42	software_outputs/tefm_final/PIPE-TEFM-FINAL-EBAR-20260629/data/w4096/animal_fine/mouse/chr1/mouse/test/data.jsonl.gz	chr1	4096	4096	triangular	0.5	120	forward	oracle_fill_supported_true	0.9	5	0	279388	0	4631	207501	1.0	0.9836947528158327	0.9917803648161987	0.577838134765625	0.5684163411458333	491520	409	382	382	0	27	1.0	0.9339853300733496	0.965865992414665	1.0	1.0	0.9339853300733496	0.965865992414665	0.0	1.0	20	1.0	1.0	0.9339853300733496	0.0	0.06601466992665037	700	0	0.0
PIPE-TEFM-FINAL-FRAGSANITY-20260630	software_outputs/tefm_final/PIPE-TEFM-FINAL-20260623/runs/ntv2_250m_H0_w4096_seed42	software_outputs/tefm_final/PIPE-TEFM-FINAL-EBAR-20260629/data/w4096/animal_fine/mouse/chr1/mouse/test/data.jsonl.gz	chr1	4096	4096	triangular	0.5	120	forward	oracle_fill_supported_true	0.9	10	0	279388	0	4631	207501	1.0	0.9836947528158327	0.9917803648161987	0.577838134765625	0.5684163411458333	491520	409	382	382	0	27	1.0	0.9339853300733496	0.965865992414665	1.0	1.0	0.9339853300733496	0.965865992414665	0.0	1.0	20	1.0	1.0	0.9339853300733496	0.0	0.06601466992665037	700	0	0.0
PIPE-TEFM-FINAL-FRAGSANITY-20260630	software_outputs/tefm_final/PIPE-TEFM-FINAL-20260623/runs/ntv2_250m_H0_w4096_seed42	software_outputs/tefm_final/PIPE-TEFM-FINAL-EBAR-20260629/data/w4096/animal_fine/mouse/chr1/mouse/test/data.jsonl.gz	chr1	4096	4096	triangular	0.5	120	forward	oracle_fill_supported_true	0.9	25	0	279388	0	4631	207501	1.0	0.9836947528158327	0.9917803648161987	0.577838134765625	0.5684163411458333	491520	409	382	382	0	27	1.0	0.9339853300733496	0.965865992414665	1.0	1.0	0.9339853300733496	0.965865992414665	0.0	1.0	20	1.0	1.0	0.9339853300733496	0.0	0.06601466992665037	700	0	0.0
PIPE-TEFM-FINAL-FRAGSANITY-20260630	software_outputs/tefm_final/PIPE-TEFM-FINAL-20260623/runs/ntv2_250m_H0_w4096_seed42	software_outputs/tefm_final/PIPE-TEFM-FINAL-EBAR-20260629/data/w4096/animal_fine/mouse/chr1/mouse/test/data.jsonl.gz	chr1	4096	4096	triangular	0.5	120	reverse	raw_threshold	0.8	5	0	272030	29336	11989	178165	0.902656570416039	0.957788035307497	0.9294054340305953	0.577838134765625	0.6131306966145833	491520	409	635	160	475	249	0.25196850393700787	0.39119804400978	0.30651340996168586	0.9251087431643065	0.06614173228346457	0.10268948655256724	0.08045977011494253	7.5	0.5622047244094488	278	0.27697841726618705	0.04638236786897756	1.178484107579462	0.15158924205378974	0.06845965770171149	0	0	0.0
PIPE-TEFM-FINAL-FRAGSANITY-20260630	software_outputs/tefm_final/PIPE-TEFM-FINAL-20260623/runs/ntv2_250m_H0_w4096_seed42	software_outputs/tefm_final/PIPE-TEFM-FINAL-EBAR-20260629/data/w4096/animal_fine/mouse/chr1/mouse/test/data.jsonl.gz	chr1	4096	4096	triangular	0.5	120	reverse	raw_threshold	0.8	10	0	272030	29336	11989	178165	0.902656570416039	0.957788035307497	0.9294054340305953	0.577838134765625	0.6131306966145833	491520	409	635	160	475	249	0.25196850393700787	0.39119804400978	0.30651340996168586	0.9251087431643065	0.12125984251968504	0.1882640586797066	0.1475095785440613	7.5	0.5622047244094488	278	0.27697841726618705	0.04638236786897756	1.178484107579462	0.15158924205378974	0.06845965770171149	0	0	0.0
PIPE-TEFM-FINAL-FRAGSANITY-20260630	software_outputs/tefm_final/PIPE-TEFM-FINAL-20260623/runs/ntv2_250m_H0_w4096_seed42	software_outputs/tefm_final/PIPE-TEFM-FINAL-EBAR-20260629/data/w4096/animal_fine/mouse/chr1/mouse/test/data.jsonl.gz	chr1	4096	4096	triangular	0.5	120	reverse	raw_threshold	0.8	25	0	272030	29336	11989	178165	0.902656570416039	0.957788035307497	0.9294054340305953	0.577838134765625	0.6131306966145833	491520	409	635	160	475	249	0.25196850393700787	0.39119804400978	0.30651340996168586	0.9251087431643065	0.19370078740157481	0.30073349633251834	0.235632183908046	7.5	0.5622047244094488	278	0.27697841726618705	0.04638236786897756	1.178484107579462	0.15158924205378974	0.06845965770171149	0	0	0.0
PIPE-TEFM-FINAL-FRAGSANITY-20260630	software_outputs/tefm_final/PIPE-TEFM-FINAL-20260623/runs/ntv2_250m_H0_w4096_seed42	software_outputs/tefm_final/PIPE-TEFM-FINAL-EBAR-20260629/data/w4096/animal_fine/mouse/chr1/mouse/test/data.jsonl.gz	chr1	4096	4096	triangular	0.5	120	reverse	raw_threshold	0.9	5	0	272030	29336	11989	178165	0.902656570416039	0.957788035307497	0.9294054340305953	0.577838134765625	0.6131306966145833	491520	409	635	109	526	300	0.17165354330708663	0.2665036674816626	0.20881226053639845	0.9584149128601038	0.06456692913385827	0.10024449877750612	0.07854406130268199	5.0	0.5622047244094488	278	0.27697841726618705	0.04638236786897756	1.178484107579462	0.15158924205378974	0.06845965770171149	0	0	0.0
PIPE-TEFM-FINAL-FRAGSANITY-20260630	software_outputs/tefm_final/PIPE-TEFM-FINAL-20260623/runs/ntv2_250m_H0_w4096_seed42	software_outputs/tefm_final/PIPE-TEFM-FINAL-EBAR-20260629/data/w4096/animal_fine/mouse/chr1/mouse/test/data.jsonl.gz	chr1	4096	4096	triangular	0.5	120	reverse	raw_threshold	0.9	10	0	272030	29336	11989	178165	0.902656570416039	0.957788035307497	0.9294054340305953	0.577838134765625	0.6131306966145833	491520	409	635	109	526	300	0.17165354330708663	0.2665036674816626	0.20881226053639845	0.9584149128601038	0.11023622047244094	0.17114914425427874	0.13409961685823754	5.0	0.5622047244094488	278	0.27697841726618705	0.04638236786897756	1.178484107579462	0.15158924205378974	0.06845965770171149	0	0	0.0
PIPE-TEFM-FINAL-FRAGSANITY-20260630	software_outputs/tefm_final/PIPE-TEFM-FINAL-20260623/runs/ntv2_250m_H0_w4096_seed42	software_outputs/tefm_final/PIPE-TEFM-FINAL-EBAR-20260629/data/w4096/animal_fine/mouse/chr1/mouse/test/data.jsonl.gz	chr1	4096	4096	triangular	0.5	120	reverse	raw_threshold	0.9	25	0	272030	29336	11989	178165	0.902656570416039	0.957788035307497	0.9294054340305953	0.577838134765625	0.6131306966145833	491520	409	635	109	526	300	0.17165354330708663	0.2665036674816626	0.20881226053639845	0.9584149128601038	0.15118110236220472	0.23471882640586797	0.1839080459770115	5.0	0.5622047244094488	278	0.27697841726618705	0.04638236786897756	1.178484107579462	0.15158924205378974	0.06845965770171149	0	0	0.0
PIPE-TEFM-FINAL-FRAGSANITY-20260630	software_outputs/tefm_final/PIPE-TEFM-FINAL-20260623/runs/ntv2_250m_H0_w4096_seed42	software_outputs/tefm_final/PIPE-TEFM-FINAL-EBAR-20260629/data/w4096/animal_fine/mouse/chr1/mouse/test/data.jsonl.gz	chr1	4096	4096	triangular	0.5	120	reverse	crf_style_penalty4	0.8	5	0	272188	29352	11831	178149	0.9026596803077536	0.9583443361183582	0.9296689146610332	0.577838134765625	0.6134847005208334	491520	409	398	148	250	261	0.37185929648241206	0.36185819070904646	0.3667905824039653	0.926715177905173	0.09547738693467336	0.09290953545232274	0.09417596034696406	7.5	0.6758793969849246	67	0.23880597014925373	0.12481802846339748	0.9975550122249389	0.06845965770171149	0.07823960880195599	103	27	0.2621359223300971
PIPE-TEFM-FINAL-FRAGSANITY-20260630	software_outputs/tefm_final/PIPE-TEFM-FINAL-20260623/runs/ntv2_250m_H0_w4096_seed42	software_outputs/tefm_final/PIPE-TEFM-FINAL-EBAR-20260629/data/w4096/animal_fine/mouse/chr1/mouse/test/data.jsonl.gz	chr1	4096	4096	triangular	0.5	120	reverse	crf_style_penalty4	0.8	10	0	272188	29352	11831	178149	0.9026596803077536	0.9583443361183582	0.9296689146610332	0.577838134765625	0.6134847005208334	491520	409	398	148	250	261	0.37185929648241206	0.36185819070904646	0.3667905824039653	0.926715177905173	0.17336683417085427	0.1687041564792176	0.17100371747211895	7.5	0.6758793969849246	67	0.23880597014925373	0.12481802846339748	0.9975550122249389	0.06845965770171149	0.07823960880195599	103	27	0.2621359223300971
PIPE-TEFM-FINAL-FRAGSANITY-20260630	software_outputs/tefm_final/PIPE-TEFM-FINAL-20260623/runs/ntv2_250m_H0_w4096_seed42	software_outputs/tefm_final/PIPE-TEFM-FINAL-EBAR-20260629/data/w4096/animal_fine/mouse/chr1/mouse/test/data.jsonl.gz	chr1	4096	4096	triangular	0.5	120	reverse	crf_style_penalty4	0.8	25	0	272188	29352	11831	178149	0.9026596803077536	0.9583443361183582	0.9296689146610332	0.577838134765625	0.6134847005208334	491520	409	398	148	250	261	0.37185929648241206	0.36185819070904646	0.3667905824039653	0.926715177905173	0.2914572864321608	0.28361858190709044	0.28748451053283763	7.5	0.6758793969849246	67	0.23880597014925373	0.12481802846339748	0.9975550122249389	0.06845965770171149	0.07823960880195599	103	27	0.2621359223300971
PIPE-TEFM-FINAL-FRAGSANITY-20260630	software_outputs/tefm_final/PIPE-TEFM-FINAL-20260623/runs/ntv2_250m_H0_w4096_seed42	software_outputs/tefm_final/PIPE-TEFM-FINAL-EBAR-20260629/data/w4096/animal_fine/mouse/chr1/mouse/test/data.jsonl.gz	chr1	4096	4096	triangular	0.5	120	reverse	crf_style_penalty4	0.9	5	0	272188	29352	11831	178149	0.9026596803077536	0.9583443361183582	0.9296689146610332	0.577838134765625	0.6134847005208334	491520	409	398	99	299	310	0.24874371859296482	0.24205378973105135	0.24535315985130113	0.9595713617032794	0.09296482412060302	0.09046454767726161	0.09169764560099132	5.0	0.6758793969849246	67	0.23880597014925373	0.12481802846339748	0.9975550122249389	0.06845965770171149	0.07823960880195599	103	27	0.2621359223300971
PIPE-TEFM-FINAL-FRAGSANITY-20260630	software_outputs/tefm_final/PIPE-TEFM-FINAL-20260623/runs/ntv2_250m_H0_w4096_seed42	software_outputs/tefm_final/PIPE-TEFM-FINAL-EBAR-20260629/data/w4096/animal_fine/mouse/chr1/mouse/test/data.jsonl.gz	chr1	4096	4096	triangular	0.5	120	reverse	crf_style_penalty4	0.9	10	0	272188	29352	11831	178149	0.9026596803077536	0.9583443361183582	0.9296689146610332	0.577838134765625	0.6134847005208334	491520	409	398	99	299	310	0.24874371859296482	0.24205378973105135	0.24535315985130113	0.9595713617032794	0.15577889447236182	0.15158924205378974	0.15365551425030977	5.0	0.6758793969849246	67	0.23880597014925373	0.12481802846339748	0.9975550122249389	0.06845965770171149	0.07823960880195599	103	27	0.2621359223300971
PIPE-TEFM-FINAL-FRAGSANITY-20260630	software_outputs/tefm_final/PIPE-TEFM-FINAL-20260623/runs/ntv2_250m_H0_w4096_seed42	software_outputs/tefm_final/PIPE-TEFM-FINAL-EBAR-20260629/data/w4096/animal_fine/mouse/chr1/mouse/test/data.jsonl.gz	chr1	4096	4096	triangular	0.5	120	reverse	crf_style_penalty4	0.9	25	0	272188	29352	11831	178149	0.9026596803077536	0.9583443361183582	0.9296689146610332	0.577838134765625	0.6134847005208334	491520	409	398	99	299	310	0.24874371859296482	0.24205378973105135	0.24535315985130113	0.9595713617032794	0.22110552763819097	0.21515892420537897	0.218091697645601	5.0	0.6758793969849246	67	0.23880597014925373	0.12481802846339748	0.9975550122249389	0.06845965770171149	0.07823960880195599	103	27	0.2621359223300971
PIPE-TEFM-FINAL-FRAGSANITY-20260630	software_outputs/tefm_final/PIPE-TEFM-FINAL-20260623/runs/ntv2_250m_H0_w4096_seed42	software_outputs/tefm_final/PIPE-TEFM-FINAL-EBAR-20260629/data/w4096/animal_fine/mouse/chr1/mouse/test/data.jsonl.gz	chr1	4096	4096	triangular	0.5	120	reverse	oracle_connect_same_true	0.8	5	0	274065	29336	9954	178165	0.9033094815112672	0.9649530489157415	0.933114296414831	0.577838134765625	0.6172709147135417	491520	409	534	175	359	234	0.32771535580524347	0.4278728606356968	0.3711558854718982	0.9297934291450776	0.08614232209737828	0.11246943765281174	0.09756097560975611	7.5	0.4887640449438202	219	0.0958904109589041	0.04861529488697314	0.9315403422982885	0.0	0.06845965770171149	0	0	0.0
PIPE-TEFM-FINAL-FRAGSANITY-20260630	software_outputs/tefm_final/PIPE-TEFM-FINAL-20260623/runs/ntv2_250m_H0_w4096_seed42	software_outputs/tefm_final/PIPE-TEFM-FINAL-EBAR-20260629/data/w4096/animal_fine/mouse/chr1/mouse/test/data.jsonl.gz	chr1	4096	4096	triangular	0.5	120	reverse	oracle_connect_same_true	0.8	10	0	274065	29336	9954	178165	0.9033094815112672	0.9649530489157415	0.933114296414831	0.577838134765625	0.6172709147135417	491520	409	534	175	359	234	0.32771535580524347	0.4278728606356968	0.3711558854718982	0.9297934291450776	0.16104868913857678	0.21026894865525672	0.18239660657476137	7.5	0.4887640449438202	219	0.0958904109589041	0.04861529488697314	0.9315403422982885	0.0	0.06845965770171149	0	0	0.0
PIPE-TEFM-FINAL-FRAGSANITY-20260630	software_outputs/tefm_final/PIPE-TEFM-FINAL-20260623/runs/ntv2_250m_H0_w4096_seed42	software_outputs/tefm_final/PIPE-TEFM-FINAL-EBAR-20260629/data/w4096/animal_fine/mouse/chr1/mouse/test/data.jsonl.gz	chr1	4096	4096	triangular	0.5	120	reverse	oracle_connect_same_true	0.8	25	0	274065	29336	9954	178165	0.9033094815112672	0.9649530489157415	0.933114296414831	0.577838134765625	0.6172709147135417	491520	409	534	175	359	234	0.32771535580524347	0.4278728606356968	0.3711558854718982	0.9297934291450776	0.2602996254681648	0.33985330073349634	0.29480381760339347	7.5	0.4887640449438202	219	0.0958904109589041	0.04861529488697314	0.9315403422982885	0.0	0.06845965770171149	0	0	0.0
PIPE-TEFM-FINAL-FRAGSANITY-20260630	software_outputs/tefm_final/PIPE-TEFM-FINAL-20260623/runs/ntv2_250m_H0_w4096_seed42	software_outputs/tefm_final/PIPE-TEFM-FINAL-EBAR-20260629/data/w4096/animal_fine/mouse/chr1/mouse/test/data.jsonl.gz	chr1	4096	4096	triangular	0.5	120	reverse	oracle_connect_same_true	0.9	5	0	274065	29336	9954	178165	0.9033094815112672	0.9649530489157415	0.933114296414831	0.577838134765625	0.6172709147135417	491520	409	534	125	409	284	0.2340823970037453	0.3056234718826406	0.2651113467656416	0.9605628152389357	0.08426966292134831	0.1100244498777506	0.09544008483563095	5.5	0.4887640449438202	219	0.0958904109589041	0.04861529488697314	0.9315403422982885	0.0	0.06845965770171149	0	0	0.0
PIPE-TEFM-FINAL-FRAGSANITY-20260630	software_outputs/tefm_final/PIPE-TEFM-FINAL-20260623/runs/ntv2_250m_H0_w4096_seed42	software_outputs/tefm_final/PIPE-TEFM-FINAL-EBAR-20260629/data/w4096/animal_fine/mouse/chr1/mouse/test/data.jsonl.gz	chr1	4096	4096	triangular	0.5	120	reverse	oracle_connect_same_true	0.9	10	0	274065	29336	9954	178165	0.9033094815112672	0.9649530489157415	0.933114296414831	0.577838134765625	0.6172709147135417	491520	409	534	125	409	284	0.2340823970037453	0.3056234718826406	0.2651113467656416	0.9605628152389357	0.14606741573033707	0.19070904645476772	0.16542948038176034	5.5	0.4887640449438202	219	0.0958904109589041	0.04861529488697314	0.9315403422982885	0.0	0.06845965770171149	0	0	0.0
PIPE-TEFM-FINAL-FRAGSANITY-20260630	software_outputs/tefm_final/PIPE-TEFM-FINAL-20260623/runs/ntv2_250m_H0_w4096_seed42	software_outputs/tefm_final/PIPE-TEFM-FINAL-EBAR-20260629/data/w4096/animal_fine/mouse/chr1/mouse/test/data.jsonl.gz	chr1	4096	4096	triangular	0.5	120	reverse	oracle_connect_same_true	0.9	25	0	274065	29336	9954	178165	0.9033094815112672	0.9649530489157415	0.933114296414831	0.577838134765625	0.6172709147135417	491520	409	534	125	409	284	0.2340823970037453	0.3056234718826406	0.2651113467656416	0.9605628152389357	0.21161048689138576	0.2762836185819071	0.23966065747614	5.5	0.4887640449438202	219	0.0958904109589041	0.04861529488697314	0.9315403422982885	0.0	0.06845965770171149	0	0	0.0
PIPE-TEFM-FINAL-FRAGSANITY-20260630	software_outputs/tefm_final/PIPE-TEFM-FINAL-20260623/runs/ntv2_250m_H0_w4096_seed42	software_outputs/tefm_final/PIPE-TEFM-FINAL-EBAR-20260629/data/w4096/animal_fine/mouse/chr1/mouse/test/data.jsonl.gz	chr1	4096	4096	triangular	0.5	120	reverse	oracle_fill_supported_true	0.8	5	0	279268	0	4751	207501	1.0	0.9832722458708748	0.9915655784706553	0.577838134765625	0.5681722005208333	491520	409	381	381	0	28	1.0	0.9315403422982885	0.9645569620253165	1.0	1.0	0.9315403422982885	0.9645569620253165	0.0	1.0	20	1.0	1.0	0.9315403422982885	0.0	0.06845965770171149	701	0	0.0
PIPE-TEFM-FINAL-FRAGSANITY-20260630	software_outputs/tefm_final/PIPE-TEFM-FINAL-20260623/runs/ntv2_250m_H0_w4096_seed42	software_outputs/tefm_final/PIPE-TEFM-FINAL-EBAR-20260629/data/w4096/animal_fine/mouse/chr1/mouse/test/data.jsonl.gz	chr1	4096	4096	triangular	0.5	120	reverse	oracle_fill_supported_true	0.8	10	0	279268	0	4751	207501	1.0	0.9832722458708748	0.9915655784706553	0.577838134765625	0.5681722005208333	491520	409	381	381	0	28	1.0	0.9315403422982885	0.9645569620253165	1.0	1.0	0.9315403422982885	0.9645569620253165	0.0	1.0	20	1.0	1.0	0.9315403422982885	0.0	0.06845965770171149	701	0	0.0
PIPE-TEFM-FINAL-FRAGSANITY-20260630	software_outputs/tefm_final/PIPE-TEFM-FINAL-20260623/runs/ntv2_250m_H0_w4096_seed42	software_outputs/tefm_final/PIPE-TEFM-FINAL-EBAR-20260629/data/w4096/animal_fine/mouse/chr1/mouse/test/data.jsonl.gz	chr1	4096	4096	triangular	0.5	120	reverse	oracle_fill_supported_true	0.8	25	0	279268	0	4751	207501	1.0	0.9832722458708748	0.9915655784706553	0.577838134765625	0.5681722005208333	491520	409	381	381	0	28	1.0	0.9315403422982885	0.9645569620253165	1.0	1.0	0.9315403422982885	0.9645569620253165	0.0	1.0	20	1.0	1.0	0.9315403422982885	0.0	0.06845965770171149	701	0	0.0
PIPE-TEFM-FINAL-FRAGSANITY-20260630	software_outputs/tefm_final/PIPE-TEFM-FINAL-20260623/runs/ntv2_250m_H0_w4096_seed42	software_outputs/tefm_final/PIPE-TEFM-FINAL-EBAR-20260629/data/w4096/animal_fine/mouse/chr1/mouse/test/data.jsonl.gz	chr1	4096	4096	triangular	0.5	120	reverse	oracle_fill_supported_true	0.9	5	0	279268	0	4751	207501	1.0	0.9832722458708748	0.9915655784706553	0.577838134765625	0.5681722005208333	491520	409	381	381	0	28	1.0	0.9315403422982885	0.9645569620253165	1.0	1.0	0.9315403422982885	0.9645569620253165	0.0	1.0	20	1.0	1.0	0.9315403422982885	0.0	0.06845965770171149	701	0	0.0
PIPE-TEFM-FINAL-FRAGSANITY-20260630	software_outputs/tefm_final/PIPE-TEFM-FINAL-20260623/runs/ntv2_250m_H0_w4096_seed42	software_outputs/tefm_final/PIPE-TEFM-FINAL-EBAR-20260629/data/w4096/animal_fine/mouse/chr1/mouse/test/data.jsonl.gz	chr1	4096	4096	triangular	0.5	120	reverse	oracle_fill_supported_true	0.9	10	0	279268	0	4751	207501	1.0	0.9832722458708748	0.9915655784706553	0.577838134765625	0.5681722005208333	491520	409	381	381	0	28	1.0	0.9315403422982885	0.9645569620253165	1.0	1.0	0.9315403422982885	0.9645569620253165	0.0	1.0	20	1.0	1.0	0.9315403422982885	0.0	0.06845965770171149	701	0	0.0
PIPE-TEFM-FINAL-FRAGSANITY-20260630	software_outputs/tefm_final/PIPE-TEFM-FINAL-20260623/runs/ntv2_250m_H0_w4096_seed42	software_outputs/tefm_final/PIPE-TEFM-FINAL-EBAR-20260629/data/w4096/animal_fine/mouse/chr1/mouse/test/data.jsonl.gz	chr1	4096	4096	triangular	0.5	120	reverse	oracle_fill_supported_true	0.9	25	0	279268	0	4751	207501	1.0	0.9832722458708748	0.9915655784706553	0.577838134765625	0.5681722005208333	491520	409	381	381	0	28	1.0	0.9315403422982885	0.9645569620253165	1.0	1.0	0.9315403422982885	0.9645569620253165	0.0	1.0	20	1.0	1.0	0.9315403422982885	0.0	0.06845965770171149	701	0	0.0
PIPE-TEFM-FINAL-FRAGSANITY-20260630	software_outputs/tefm_final/PIPE-TEFM-FINAL-20260623/runs/ntv2_250m_H0_w4096_seed42	software_outputs/tefm_final/PIPE-TEFM-FINAL-EBAR-20260629/data/w4096/animal_fine/mouse/chr1/mouse/test/data.jsonl.gz	chr1	4096	4096	triangular	0.5	120	mean_logit	raw_threshold	0.8	5	0	272842	26669	11177	180832	0.9109581951914955	0.9606469989683789	0.9351430089284184	0.577838134765625	0.609356689453125	491520	409	606	161	445	248	0.26567656765676567	0.39364303178484106	0.3172413793103448	0.9269787151048029	0.06765676567656766	0.10024449877750612	0.08078817733990148	7.5	0.5610561056105611	267	0.2958801498127341	0.04798502687872778	1.1491442542787287	0.12469437652811736	0.06845965770171149	0	0	0.0
PIPE-TEFM-FINAL-FRAGSANITY-20260630	software_outputs/tefm_final/PIPE-TEFM-FINAL-20260623/runs/ntv2_250m_H0_w4096_seed42	software_outputs/tefm_final/PIPE-TEFM-FINAL-EBAR-20260629/data/w4096/animal_fine/mouse/chr1/mouse/test/data.jsonl.gz	chr1	4096	4096	triangular	0.5	120	mean_logit	raw_threshold	0.8	10	0	272842	26669	11177	180832	0.9109581951914955	0.9606469989683789	0.9351430089284184	0.577838134765625	0.609356689453125	491520	409	606	161	445	248	0.26567656765676567	0.39364303178484106	0.3172413793103448	0.9269787151048029	0.11716171617161716	0.17359413202933985	0.1399014778325123	7.5	0.5610561056105611	267	0.2958801498127341	0.04798502687872778	1.1491442542787287	0.12469437652811736	0.06845965770171149	0	0	0.0
PIPE-TEFM-FINAL-FRAGSANITY-20260630	software_outputs/tefm_final/PIPE-TEFM-FINAL-20260623/runs/ntv2_250m_H0_w4096_seed42	software_outputs/tefm_final/PIPE-TEFM-FINAL-EBAR-20260629/data/w4096/animal_fine/mouse/chr1/mouse/test/data.jsonl.gz	chr1	4096	4096	triangular	0.5	120	mean_logit	raw_threshold	0.8	25	0	272842	26669	11177	180832	0.9109581951914955	0.9606469989683789	0.9351430089284184	0.577838134765625	0.609356689453125	491520	409	606	161	445	248	0.26567656765676567	0.39364303178484106	0.3172413793103448	0.9269787151048029	0.20627062706270627	0.3056234718826406	0.24630541871921185	7.5	0.5610561056105611	267	0.2958801498127341	0.04798502687872778	1.1491442542787287	0.12469437652811736	0.06845965770171149	0	0	0.0
PIPE-TEFM-FINAL-FRAGSANITY-20260630	software_outputs/tefm_final/PIPE-TEFM-FINAL-20260623/runs/ntv2_250m_H0_w4096_seed42	software_outputs/tefm_final/PIPE-TEFM-FINAL-EBAR-20260629/data/w4096/animal_fine/mouse/chr1/mouse/test/data.jsonl.gz	chr1	4096	4096	triangular	0.5	120	mean_logit	raw_threshold	0.9	5	0	272842	26669	11177	180832	0.9109581951914955	0.9606469989683789	0.9351430089284184	0.577838134765625	0.609356689453125	491520	409	606	115	491	294	0.18976897689768976	0.28117359413202936	0.22660098522167488	0.9574466019473966	0.066006600660066	0.097799511002445	0.07881773399014778	6.0	0.5610561056105611	267	0.2958801498127341	0.04798502687872778	1.1491442542787287	0.12469437652811736	0.06845965770171149	0	0	0.0
PIPE-TEFM-FINAL-FRAGSANITY-20260630	software_outputs/tefm_final/PIPE-TEFM-FINAL-20260623/runs/ntv2_250m_H0_w4096_seed42	software_outputs/tefm_final/PIPE-TEFM-FINAL-EBAR-20260629/data/w4096/animal_fine/mouse/chr1/mouse/test/data.jsonl.gz	chr1	4096	4096	triangular	0.5	120	mean_logit	raw_threshold	0.9	10	0	272842	26669	11177	180832	0.9109581951914955	0.9606469989683789	0.9351430089284184	0.577838134765625	0.609356689453125	491520	409	606	115	491	294	0.18976897689768976	0.28117359413202936	0.22660098522167488	0.9574466019473966	0.10726072607260725	0.15892420537897312	0.12807881773399016	6.0	0.5610561056105611	267	0.2958801498127341	0.04798502687872778	1.1491442542787287	0.12469437652811736	0.06845965770171149	0	0	0.0
PIPE-TEFM-FINAL-FRAGSANITY-20260630	software_outputs/tefm_final/PIPE-TEFM-FINAL-20260623/runs/ntv2_250m_H0_w4096_seed42	software_outputs/tefm_final/PIPE-TEFM-FINAL-EBAR-20260629/data/w4096/animal_fine/mouse/chr1/mouse/test/data.jsonl.gz	chr1	4096	4096	triangular	0.5	120	mean_logit	raw_threshold	0.9	25	0	272842	26669	11177	180832	0.9109581951914955	0.9606469989683789	0.9351430089284184	0.577838134765625	0.609356689453125	491520	409	606	115	491	294	0.18976897689768976	0.28117359413202936	0.22660098522167488	0.9574466019473966	0.16336633663366337	0.24205378973105135	0.1950738916256158	6.0	0.5610561056105611	267	0.2958801498127341	0.04798502687872778	1.1491442542787287	0.12469437652811736	0.06845965770171149	0	0	0.0
PIPE-TEFM-FINAL-FRAGSANITY-20260630	software_outputs/tefm_final/PIPE-TEFM-FINAL-20260623/runs/ntv2_250m_H0_w4096_seed42	software_outputs/tefm_final/PIPE-TEFM-FINAL-EBAR-20260629/data/w4096/animal_fine/mouse/chr1/mouse/test/data.jsonl.gz	chr1	4096	4096	triangular	0.5	120	mean_logit	crf_style_penalty4	0.8	5	0	272888	26609	11131	180892	0.9111543688250634	0.9608089599639461	0.935323110248905	0.577838134765625	0.6093282063802083	491520	409	357	142	215	267	0.39775910364145656	0.3471882640586797	0.37075718015665793	0.9329454720592982	0.12324929971988796	0.10757946210268948	0.11488250652741515	6.5	0.7030812324929971	42	0.40476190476190477	0.24273458585306878	0.9755501222493888	0.0488997555012225	0.07579462102689487	123	32	0.2601626016260163
PIPE-TEFM-FINAL-FRAGSANITY-20260630	software_outputs/tefm_final/PIPE-TEFM-FINAL-20260623/runs/ntv2_250m_H0_w4096_seed42	software_outputs/tefm_final/PIPE-TEFM-FINAL-EBAR-20260629/data/w4096/animal_fine/mouse/chr1/mouse/test/data.jsonl.gz	chr1	4096	4096	triangular	0.5	120	mean_logit	crf_style_penalty4	0.8	10	0	272888	26609	11131	180892	0.9111543688250634	0.9608089599639461	0.935323110248905	0.577838134765625	0.6093282063802083	491520	409	357	142	215	267	0.39775910364145656	0.3471882640586797	0.37075718015665793	0.9329454720592982	0.19607843137254902	0.17114914425427874	0.18276762402088775	6.5	0.7030812324929971	42	0.40476190476190477	0.24273458585306878	0.9755501222493888	0.0488997555012225	0.07579462102689487	123	32	0.2601626016260163
PIPE-TEFM-FINAL-FRAGSANITY-20260630	software_outputs/tefm_final/PIPE-TEFM-FINAL-20260623/runs/ntv2_250m_H0_w4096_seed42	software_outputs/tefm_final/PIPE-TEFM-FINAL-EBAR-20260629/data/w4096/animal_fine/mouse/chr1/mouse/test/data.jsonl.gz	chr1	4096	4096	triangular	0.5	120	mean_logit	crf_style_penalty4	0.8	25	0	272888	26609	11131	180892	0.9111543688250634	0.9608089599639461	0.935323110248905	0.577838134765625	0.6093282063802083	491520	409	357	142	215	267	0.39775910364145656	0.3471882640586797	0.37075718015665793	0.9329454720592982	0.32212885154061627	0.28117359413202936	0.3002610966057441	6.5	0.7030812324929971	42	0.40476190476190477	0.24273458585306878	0.9755501222493888	0.0488997555012225	0.07579462102689487	123	32	0.2601626016260163
PIPE-TEFM-FINAL-FRAGSANITY-20260630	software_outputs/tefm_final/PIPE-TEFM-FINAL-20260623/runs/ntv2_250m_H0_w4096_seed42	software_outputs/tefm_final/PIPE-TEFM-FINAL-EBAR-20260629/data/w4096/animal_fine/mouse/chr1/mouse/test/data.jsonl.gz	chr1	4096	4096	triangular	0.5	120	mean_logit	crf_style_penalty4	0.9	5	0	272888	26609	11131	180892	0.9111543688250634	0.9608089599639461	0.935323110248905	0.577838134765625	0.6093282063802083	491520	409	357	106	251	303	0.2969187675070028	0.2591687041564792	0.2767624020887728	0.9606396919267883	0.12044817927170869	0.10513447432762836	0.1122715404699739	5.5	0.7030812324929971	42	0.40476190476190477	0.24273458585306878	0.9755501222493888	0.0488997555012225	0.07579462102689487	123	32	0.2601626016260163
PIPE-TEFM-FINAL-FRAGSANITY-20260630	software_outputs/tefm_final/PIPE-TEFM-FINAL-20260623/runs/ntv2_250m_H0_w4096_seed42	software_outputs/tefm_final/PIPE-TEFM-FINAL-EBAR-20260629/data/w4096/animal_fine/mouse/chr1/mouse/test/data.jsonl.gz	chr1	4096	4096	triangular	0.5	120	mean_logit	crf_style_penalty4	0.9	10	0	272888	26609	11131	180892	0.9111543688250634	0.9608089599639461	0.935323110248905	0.577838134765625	0.6093282063802083	491520	409	357	106	251	303	0.2969187675070028	0.2591687041564792	0.2767624020887728	0.9606396919267883	0.1792717086834734	0.15647921760391198	0.1671018276762402	5.5	0.7030812324929971	42	0.40476190476190477	0.24273458585306878	0.9755501222493888	0.0488997555012225	0.07579462102689487	123	32	0.2601626016260163
PIPE-TEFM-FINAL-FRAGSANITY-20260630	software_outputs/tefm_final/PIPE-TEFM-FINAL-20260623/runs/ntv2_250m_H0_w4096_seed42	software_outputs/tefm_final/PIPE-TEFM-FINAL-EBAR-20260629/data/w4096/animal_fine/mouse/chr1/mouse/test/data.jsonl.gz	chr1	4096	4096	triangular	0.5	120	mean_logit	crf_style_penalty4	0.9	25	0	272888	26609	11131	180892	0.9111543688250634	0.9608089599639461	0.935323110248905	0.577838134765625	0.6093282063802083	491520	409	357	106	251	303	0.2969187675070028	0.2591687041564792	0.2767624020887728	0.9606396919267883	0.2605042016806723	0.2273838630806846	0.24281984334203657	5.5	0.7030812324929971	42	0.40476190476190477	0.24273458585306878	0.9755501222493888	0.0488997555012225	0.07579462102689487	123	32	0.2601626016260163
PIPE-TEFM-FINAL-FRAGSANITY-20260630	software_outputs/tefm_final/PIPE-TEFM-FINAL-20260623/runs/ntv2_250m_H0_w4096_seed42	software_outputs/tefm_final/PIPE-TEFM-FINAL-EBAR-20260629/data/w4096/animal_fine/mouse/chr1/mouse/test/data.jsonl.gz	chr1	4096	4096	triangular	0.5	120	mean_logit	oracle_connect_same_true	0.8	5	0	274688	26669	9331	180832	0.9115036319050163	0.9671465641383147	0.938501065981523	0.577838134765625	0.6131123860677083	491520	409	517	175	342	234	0.33849129593810445	0.4278728606356968	0.3779697624190064	0.9301595445944849	0.09671179883945841	0.12224938875305623	0.1079913606911447	7.0	0.48549323017408125	203	0.07389162561576355	0.0432320397025334	0.9315403422982885	0.0	0.06845965770171149	0	0	0.0
PIPE-TEFM-FINAL-FRAGSANITY-20260630	software_outputs/tefm_final/PIPE-TEFM-FINAL-20260623/runs/ntv2_250m_H0_w4096_seed42	software_outputs/tefm_final/PIPE-TEFM-FINAL-EBAR-20260629/data/w4096/animal_fine/mouse/chr1/mouse/test/data.jsonl.gz	chr1	4096	4096	triangular	0.5	120	mean_logit	oracle_connect_same_true	0.8	10	0	274688	26669	9331	180832	0.9115036319050163	0.9671465641383147	0.938501065981523	0.577838134765625	0.6131123860677083	491520	409	517	175	342	234	0.33849129593810445	0.4278728606356968	0.3779697624190064	0.9301595445944849	0.16054158607350097	0.20293398533007334	0.1792656587473002	7.0	0.48549323017408125	203	0.07389162561576355	0.0432320397025334	0.9315403422982885	0.0	0.06845965770171149	0	0	0.0
PIPE-TEFM-FINAL-FRAGSANITY-20260630	software_outputs/tefm_final/PIPE-TEFM-FINAL-20260623/runs/ntv2_250m_H0_w4096_seed42	software_outputs/tefm_final/PIPE-TEFM-FINAL-EBAR-20260629/data/w4096/animal_fine/mouse/chr1/mouse/test/data.jsonl.gz	chr1	4096	4096	triangular	0.5	120	mean_logit	oracle_connect_same_true	0.8	25	0	274688	26669	9331	180832	0.9115036319050163	0.9671465641383147	0.938501065981523	0.577838134765625	0.6131123860677083	491520	409	517	175	342	234	0.33849129593810445	0.4278728606356968	0.3779697624190064	0.9301595445944849	0.2727272727272727	0.34474327628361856	0.30453563714902804	7.0	0.48549323017408125	203	0.07389162561576355	0.0432320397025334	0.9315403422982885	0.0	0.06845965770171149	0	0	0.0
PIPE-TEFM-FINAL-FRAGSANITY-20260630	software_outputs/tefm_final/PIPE-TEFM-FINAL-20260623/runs/ntv2_250m_H0_w4096_seed42	software_outputs/tefm_final/PIPE-TEFM-FINAL-EBAR-20260629/data/w4096/animal_fine/mouse/chr1/mouse/test/data.jsonl.gz	chr1	4096	4096	triangular	0.5	120	mean_logit	oracle_connect_same_true	0.9	5	0	274688	26669	9331	180832	0.9115036319050163	0.9671465641383147	0.938501065981523	0.577838134765625	0.6131123860677083	491520	409	517	127	390	282	0.24564796905222436	0.3105134474327628	0.27429805615550756	0.9602724099627209	0.09477756286266925	0.1198044009779951	0.10583153347732181	6.0	0.48549323017408125	203	0.07389162561576355	0.0432320397025334	0.9315403422982885	0.0	0.06845965770171149	0	0	0.0
PIPE-TEFM-FINAL-FRAGSANITY-20260630	software_outputs/tefm_final/PIPE-TEFM-FINAL-20260623/runs/ntv2_250m_H0_w4096_seed42	software_outputs/tefm_final/PIPE-TEFM-FINAL-EBAR-20260629/data/w4096/animal_fine/mouse/chr1/mouse/test/data.jsonl.gz	chr1	4096	4096	triangular	0.5	120	mean_logit	oracle_connect_same_true	0.9	10	0	274688	26669	9331	180832	0.9115036319050163	0.9671465641383147	0.938501065981523	0.577838134765625	0.6131123860677083	491520	409	517	127	390	282	0.24564796905222436	0.3105134474327628	0.27429805615550756	0.9602724099627209	0.1470019342359768	0.18581907090464547	0.16414686825053992	6.0	0.48549323017408125	203	0.07389162561576355	0.0432320397025334	0.9315403422982885	0.0	0.06845965770171149	0	0	0.0
PIPE-TEFM-FINAL-FRAGSANITY-20260630	software_outputs/tefm_final/PIPE-TEFM-FINAL-20260623/runs/ntv2_250m_H0_w4096_seed42	software_outputs/tefm_final/PIPE-TEFM-FINAL-EBAR-20260629/data/w4096/animal_fine/mouse/chr1/mouse/test/data.jsonl.gz	chr1	4096	4096	triangular	0.5	120	mean_logit	oracle_connect_same_true	0.9	25	0	274688	26669	9331	180832	0.9115036319050163	0.9671465641383147	0.938501065981523	0.577838134765625	0.6131123860677083	491520	409	517	127	390	282	0.24564796905222436	0.3105134474327628	0.27429805615550756	0.9602724099627209	0.21663442940038685	0.27383863080684595	0.24190064794816413	6.0	0.48549323017408125	203	0.07389162561576355	0.0432320397025334	0.9315403422982885	0.0	0.06845965770171149	0	0	0.0
PIPE-TEFM-FINAL-FRAGSANITY-20260630	software_outputs/tefm_final/PIPE-TEFM-FINAL-20260623/runs/ntv2_250m_H0_w4096_seed42	software_outputs/tefm_final/PIPE-TEFM-FINAL-EBAR-20260629/data/w4096/animal_fine/mouse/chr1/mouse/test/data.jsonl.gz	chr1	4096	4096	triangular	0.5	120	mean_logit	oracle_fill_supported_true	0.8	5	0	279099	0	4920	207501	1.0	0.9826772152567258	0.991262932458206	0.577838134765625	0.567828369140625	491520	409	381	381	0	28	1.0	0.9315403422982885	0.9645569620253165	1.0	1.0	0.9315403422982885	0.9645569620253165	0.0	1.0	20	1.0	1.0	0.9315403422982885	0.0	0.06845965770171149	709	0	0.0
PIPE-TEFM-FINAL-FRAGSANITY-20260630	software_outputs/tefm_final/PIPE-TEFM-FINAL-20260623/runs/ntv2_250m_H0_w4096_seed42	software_outputs/tefm_final/PIPE-TEFM-FINAL-EBAR-20260629/data/w4096/animal_fine/mouse/chr1/mouse/test/data.jsonl.gz	chr1	4096	4096	triangular	0.5	120	mean_logit	oracle_fill_supported_true	0.8	10	0	279099	0	4920	207501	1.0	0.9826772152567258	0.991262932458206	0.577838134765625	0.567828369140625	491520	409	381	381	0	28	1.0	0.9315403422982885	0.9645569620253165	1.0	1.0	0.9315403422982885	0.9645569620253165	0.0	1.0	20	1.0	1.0	0.9315403422982885	0.0	0.06845965770171149	709	0	0.0
PIPE-TEFM-FINAL-FRAGSANITY-20260630	software_outputs/tefm_final/PIPE-TEFM-FINAL-20260623/runs/ntv2_250m_H0_w4096_seed42	software_outputs/tefm_final/PIPE-TEFM-FINAL-EBAR-20260629/data/w4096/animal_fine/mouse/chr1/mouse/test/data.jsonl.gz	chr1	4096	4096	triangular	0.5	120	mean_logit	oracle_fill_supported_true	0.8	25	0	279099	0	4920	207501	1.0	0.9826772152567258	0.991262932458206	0.577838134765625	0.567828369140625	491520	409	381	381	0	28	1.0	0.9315403422982885	0.9645569620253165	1.0	1.0	0.9315403422982885	0.9645569620253165	0.0	1.0	20	1.0	1.0	0.9315403422982885	0.0	0.06845965770171149	709	0	0.0
PIPE-TEFM-FINAL-FRAGSANITY-20260630	software_outputs/tefm_final/PIPE-TEFM-FINAL-20260623/runs/ntv2_250m_H0_w4096_seed42	software_outputs/tefm_final/PIPE-TEFM-FINAL-EBAR-20260629/data/w4096/animal_fine/mouse/chr1/mouse/test/data.jsonl.gz	chr1	4096	4096	triangular	0.5	120	mean_logit	oracle_fill_supported_true	0.9	5	0	279099	0	4920	207501	1.0	0.9826772152567258	0.991262932458206	0.577838134765625	0.567828369140625	491520	409	381	381	0	28	1.0	0.9315403422982885	0.9645569620253165	1.0	1.0	0.9315403422982885	0.9645569620253165	0.0	1.0	20	1.0	1.0	0.9315403422982885	0.0	0.06845965770171149	709	0	0.0
PIPE-TEFM-FINAL-FRAGSANITY-20260630	software_outputs/tefm_final/PIPE-TEFM-FINAL-20260623/runs/ntv2_250m_H0_w4096_seed42	software_outputs/tefm_final/PIPE-TEFM-FINAL-EBAR-20260629/data/w4096/animal_fine/mouse/chr1/mouse/test/data.jsonl.gz	chr1	4096	4096	triangular	0.5	120	mean_logit	oracle_fill_supported_true	0.9	10	0	279099	0	4920	207501	1.0	0.9826772152567258	0.991262932458206	0.577838134765625	0.567828369140625	491520	409	381	381	0	28	1.0	0.9315403422982885	0.9645569620253165	1.0	1.0	0.9315403422982885	0.9645569620253165	0.0	1.0	20	1.0	1.0	0.9315403422982885	0.0	0.06845965770171149	709	0	0.0
PIPE-TEFM-FINAL-FRAGSANITY-20260630	software_outputs/tefm_final/PIPE-TEFM-FINAL-20260623/runs/ntv2_250m_H0_w4096_seed42	software_outputs/tefm_final/PIPE-TEFM-FINAL-EBAR-20260629/data/w4096/animal_fine/mouse/chr1/mouse/test/data.jsonl.gz	chr1	4096	4096	triangular	0.5	120	mean_logit	oracle_fill_supported_true	0.9	25	0	279099	0	4920	207501	1.0	0.9826772152567258	0.991262932458206	0.577838134765625	0.567828369140625	491520	409	381	381	0	28	1.0	0.9315403422982885	0.9645569620253165	1.0	1.0	0.9315403422982885	0.9645569620253165	0.0	1.0	20	1.0	1.0	0.9315403422982885	0.0	0.06845965770171149	709	0	0.0
PIPE-TEFM-FINAL-FRAGSANITY-20260630	software_outputs/tefm_final/PIPE-TEFM-FINAL-20260623/runs/ntv2_250m_H0_w4096_seed42	software_outputs/tefm_final/PIPE-TEFM-FINAL-EBAR-20260629/data/w4096/animal_fine/mouse/chr1/mouse/test/data.jsonl.gz	chr1	4096	4096	triangular	0.5	120	max_prob	raw_threshold	0.8	5	0	275406	35716	8613	171785	0.8852025893379446	0.9696745640256462	0.9255151300280102	0.577838134765625	0.6329793294270833	491520	409	643	136	507	273	0.2115085536547434	0.33251833740831294	0.25855513307984784	0.9277474023665236	0.04821150855365474	0.07579462102689487	0.058935361216730035	8.5	0.46967340590979784	300	0.18333333333333332	0.031900941239749736	1.114914425427873	0.1100244498777506	0.05623471882640587	0	0	0.0
PIPE-TEFM-FINAL-FRAGSANITY-20260630	software_outputs/tefm_final/PIPE-TEFM-FINAL-20260623/runs/ntv2_250m_H0_w4096_seed42	software_outputs/tefm_final/PIPE-TEFM-FINAL-EBAR-20260629/data/w4096/animal_fine/mouse/chr1/mouse/test/data.jsonl.gz	chr1	4096	4096	triangular	0.5	120	max_prob	raw_threshold	0.8	10	0	275406	35716	8613	171785	0.8852025893379446	0.9696745640256462	0.9255151300280102	0.577838134765625	0.6329793294270833	491520	409	643	136	507	273	0.2115085536547434	0.33251833740831294	0.25855513307984784	0.9277474023665236	0.09175738724727839	0.14425427872860636	0.11216730038022815	8.5	0.46967340590979784	300	0.18333333333333332	0.031900941239749736	1.114914425427873	0.1100244498777506	0.05623471882640587	0	0	0.0
PIPE-TEFM-FINAL-FRAGSANITY-20260630	software_outputs/tefm_final/PIPE-TEFM-FINAL-20260623/runs/ntv2_250m_H0_w4096_seed42	software_outputs/tefm_final/PIPE-TEFM-FINAL-EBAR-20260629/data/w4096/animal_fine/mouse/chr1/mouse/test/data.jsonl.gz	chr1	4096	4096	triangular	0.5	120	max_prob	raw_threshold	0.8	25	0	275406	35716	8613	171785	0.8852025893379446	0.9696745640256462	0.9255151300280102	0.577838134765625	0.6329793294270833	491520	409	643	136	507	273	0.2115085536547434	0.33251833740831294	0.25855513307984784	0.9277474023665236	0.16640746500777606	0.2616136919315403	0.20342205323193915	8.5	0.46967340590979784	300	0.18333333333333332	0.031900941239749736	1.114914425427873	0.1100244498777506	0.05623471882640587	0	0	0.0
PIPE-TEFM-FINAL-FRAGSANITY-20260630	software_outputs/tefm_final/PIPE-TEFM-FINAL-20260623/runs/ntv2_250m_H0_w4096_seed42	software_outputs/tefm_final/PIPE-TEFM-FINAL-EBAR-20260629/data/w4096/animal_fine/mouse/chr1/mouse/test/data.jsonl.gz	chr1	4096	4096	triangular	0.5	120	max_prob	raw_threshold	0.9	5	0	275406	35716	8613	171785	0.8852025893379446	0.9696745640256462	0.9255151300280102	0.577838134765625	0.6329793294270833	491520	409	643	97	546	312	0.15085536547433903	0.2371638141809291	0.1844106463878327	0.9561783953715831	0.04821150855365474	0.07579462102689487	0.058935361216730035	6.5	0.46967340590979784	300	0.18333333333333332	0.031900941239749736	1.114914425427873	0.1100244498777506	0.05623471882640587	0	0	0.0
PIPE-TEFM-FINAL-FRAGSANITY-20260630	software_outputs/tefm_final/PIPE-TEFM-FINAL-20260623/runs/ntv2_250m_H0_w4096_seed42	software_outputs/tefm_final/PIPE-TEFM-FINAL-EBAR-20260629/data/w4096/animal_fine/mouse/chr1/mouse/test/data.jsonl.gz	chr1	4096	4096	triangular	0.5	120	max_prob	raw_threshold	0.9	10	0	275406	35716	8613	171785	0.8852025893379446	0.9696745640256462	0.9255151300280102	0.577838134765625	0.6329793294270833	491520	409	643	97	546	312	0.15085536547433903	0.2371638141809291	0.1844106463878327	0.9561783953715831	0.08398133748055987	0.13202933985330073	0.10266159695817491	6.5	0.46967340590979784	300	0.18333333333333332	0.031900941239749736	1.114914425427873	0.1100244498777506	0.05623471882640587	0	0	0.0
PIPE-TEFM-FINAL-FRAGSANITY-20260630	software_outputs/tefm_final/PIPE-TEFM-FINAL-20260623/runs/ntv2_250m_H0_w4096_seed42	software_outputs/tefm_final/PIPE-TEFM-FINAL-EBAR-20260629/data/w4096/animal_fine/mouse/chr1/mouse/test/data.jsonl.gz	chr1	4096	4096	triangular	0.5	120	max_prob	raw_threshold	0.9	25	0	275406	35716	8613	171785	0.8852025893379446	0.9696745640256462	0.9255151300280102	0.577838134765625	0.6329793294270833	491520	409	643	97	546	312	0.15085536547433903	0.2371638141809291	0.1844106463878327	0.9561783953715831	0.13530326594090203	0.21271393643031786	0.16539923954372623	6.5	0.46967340590979784	300	0.18333333333333332	0.031900941239749736	1.114914425427873	0.1100244498777506	0.05623471882640587	0	0	0.0
PIPE-TEFM-FINAL-FRAGSANITY-20260630	software_outputs/tefm_final/PIPE-TEFM-FINAL-20260623/runs/ntv2_250m_H0_w4096_seed42	software_outputs/tefm_final/PIPE-TEFM-FINAL-EBAR-20260629/data/w4096/animal_fine/mouse/chr1/mouse/test/data.jsonl.gz	chr1	4096	4096	triangular	0.5	120	max_prob	crf_style_penalty4	0.8	5	0	275562	35908	8457	171593	0.8847144187241147	0.9702238230540915	0.9254982039970513	0.577838134765625	0.6336873372395834	491520	409	383	122	261	287	0.3185378590078329	0.2982885085574572	0.30808080808080807	0.9240388084830717	0.0731070496083551	0.06845965770171149	0.07070707070707069	8.5	0.6057441253263708	66	0.19696969696969696	0.09902617735662805	0.9853300733496333	0.044009779951100246	0.061124694376528114	107	19	0.17757009345794392
PIPE-TEFM-FINAL-FRAGSANITY-20260630	software_outputs/tefm_final/PIPE-TEFM-FINAL-20260623/runs/ntv2_250m_H0_w4096_seed42	software_outputs/tefm_final/PIPE-TEFM-FINAL-EBAR-20260629/data/w4096/animal_fine/mouse/chr1/mouse/test/data.jsonl.gz	chr1	4096	4096	triangular	0.5	120	max_prob	crf_style_penalty4	0.8	10	0	275562	35908	8457	171593	0.8847144187241147	0.9702238230540915	0.9254982039970513	0.577838134765625	0.6336873372395834	491520	409	383	122	261	287	0.3185378590078329	0.2982885085574572	0.30808080808080807	0.9240388084830717	0.13315926892950392	0.12469437652811736	0.12878787878787878	8.5	0.6057441253263708	66	0.19696969696969696	0.09902617735662805	0.9853300733496333	0.044009779951100246	0.061124694376528114	107	19	0.17757009345794392
PIPE-TEFM-FINAL-FRAGSANITY-20260630	software_outputs/tefm_final/PIPE-TEFM-FINAL-20260623/runs/ntv2_250m_H0_w4096_seed42	software_outputs/tefm_final/PIPE-TEFM-FINAL-EBAR-20260629/data/w4096/animal_fine/mouse/chr1/mouse/test/data.jsonl.gz	chr1	4096	4096	triangular	0.5	120	max_prob	crf_style_penalty4	0.8	25	0	275562	35908	8457	171593	0.8847144187241147	0.9702238230540915	0.9254982039970513	0.577838134765625	0.6336873372395834	491520	409	383	122	261	287	0.3185378590078329	0.2982885085574572	0.30808080808080807	0.9240388084830717	0.24281984334203655	0.2273838630806846	0.23484848484848483	8.5	0.6057441253263708	66	0.19696969696969696	0.09902617735662805	0.9853300733496333	0.044009779951100246	0.061124694376528114	107	19	0.17757009345794392
PIPE-TEFM-FINAL-FRAGSANITY-20260630	software_outputs/tefm_final/PIPE-TEFM-FINAL-20260623/runs/ntv2_250m_H0_w4096_seed42	software_outputs/tefm_final/PIPE-TEFM-FINAL-EBAR-20260629/data/w4096/animal_fine/mouse/chr1/mouse/test/data.jsonl.gz	chr1	4096	4096	triangular	0.5	120	max_prob	crf_style_penalty4	0.9	5	0	275562	35908	8457	171593	0.8847144187241147	0.9702238230540915	0.9254982039970513	0.577838134765625	0.6336873372395834	491520	409	383	83	300	326	0.21671018276762402	0.20293398533007334	0.2095959595959596	0.9570746764685114	0.0731070496083551	0.06845965770171149	0.07070707070707069	6.0	0.6057441253263708	66	0.19696969696969696	0.09902617735662805	0.9853300733496333	0.044009779951100246	0.061124694376528114	107	19	0.17757009345794392
PIPE-TEFM-FINAL-FRAGSANITY-20260630	software_outputs/tefm_final/PIPE-TEFM-FINAL-20260623/runs/ntv2_250m_H0_w4096_seed42	software_outputs/tefm_final/PIPE-TEFM-FINAL-EBAR-20260629/data/w4096/animal_fine/mouse/chr1/mouse/test/data.jsonl.gz	chr1	4096	4096	triangular	0.5	120	max_prob	crf_style_penalty4	0.9	10	0	275562	35908	8457	171593	0.8847144187241147	0.9702238230540915	0.9254982039970513	0.577838134765625	0.6336873372395834	491520	409	383	83	300	326	0.21671018276762402	0.20293398533007334	0.2095959595959596	0.9570746764685114	0.1227154046997389	0.11491442542787286	0.11868686868686869	6.0	0.6057441253263708	66	0.19696969696969696	0.09902617735662805	0.9853300733496333	0.044009779951100246	0.061124694376528114	107	19	0.17757009345794392
PIPE-TEFM-FINAL-FRAGSANITY-20260630	software_outputs/tefm_final/PIPE-TEFM-FINAL-20260623/runs/ntv2_250m_H0_w4096_seed42	software_outputs/tefm_final/PIPE-TEFM-FINAL-EBAR-20260629/data/w4096/animal_fine/mouse/chr1/mouse/test/data.jsonl.gz	chr1	4096	4096	triangular	0.5	120	max_prob	crf_style_penalty4	0.9	25	0	275562	35908	8457	171593	0.8847144187241147	0.9702238230540915	0.9254982039970513	0.577838134765625	0.6336873372395834	491520	409	383	83	300	326	0.21671018276762402	0.20293398533007334	0.2095959595959596	0.9570746764685114	0.19321148825065274	0.18092909535452323	0.18686868686868685	6.0	0.6057441253263708	66	0.19696969696969696	0.09902617735662805	0.9853300733496333	0.044009779951100246	0.061124694376528114	107	19	0.17757009345794392
PIPE-TEFM-FINAL-FRAGSANITY-20260630	software_outputs/tefm_final/PIPE-TEFM-FINAL-20260623/runs/ntv2_250m_H0_w4096_seed42	software_outputs/tefm_final/PIPE-TEFM-FINAL-EBAR-20260629/data/w4096/animal_fine/mouse/chr1/mouse/test/data.jsonl.gz	chr1	4096	4096	triangular	0.5	120	max_prob	oracle_connect_same_true	0.8	5	0	276626	35716	7393	171785	0.8856509851380858	0.9739700512993849	0.927713247512832	0.577838134765625	0.63546142578125	491520	409	573	148	425	261	0.2582897033158813	0.36185819070904646	0.30142566191446024	0.928320969230436	0.059336823734729496	0.08312958435207823	0.06924643584521385	8.5	0.41361256544502617	249	0.0321285140562249	0.020782627387478162	0.9437652811735942	0.0	0.05623471882640587	0	0	0.0
PIPE-TEFM-FINAL-FRAGSANITY-20260630	software_outputs/tefm_final/PIPE-TEFM-FINAL-20260623/runs/ntv2_250m_H0_w4096_seed42	software_outputs/tefm_final/PIPE-TEFM-FINAL-EBAR-20260629/data/w4096/animal_fine/mouse/chr1/mouse/test/data.jsonl.gz	chr1	4096	4096	triangular	0.5	120	max_prob	oracle_connect_same_true	0.8	10	0	276626	35716	7393	171785	0.8856509851380858	0.9739700512993849	0.927713247512832	0.577838134765625	0.63546142578125	491520	409	573	148	425	261	0.2582897033158813	0.36185819070904646	0.30142566191446024	0.928320969230436	0.11518324607329843	0.16136919315403422	0.13441955193482688	8.5	0.41361256544502617	249	0.0321285140562249	0.020782627387478162	0.9437652811735942	0.0	0.05623471882640587	0	0	0.0
PIPE-TEFM-FINAL-FRAGSANITY-20260630	software_outputs/tefm_final/PIPE-TEFM-FINAL-20260623/runs/ntv2_250m_H0_w4096_seed42	software_outputs/tefm_final/PIPE-TEFM-FINAL-EBAR-20260629/data/w4096/animal_fine/mouse/chr1/mouse/test/data.jsonl.gz	chr1	4096	4096	triangular	0.5	120	max_prob	oracle_connect_same_true	0.8	25	0	276626	35716	7393	171785	0.8856509851380858	0.9739700512993849	0.927713247512832	0.577838134765625	0.63546142578125	491520	409	573	148	425	261	0.2582897033158813	0.36185819070904646	0.30142566191446024	0.928320969230436	0.20767888307155322	0.29095354523227385	0.24236252545824846	8.5	0.41361256544502617	249	0.0321285140562249	0.020782627387478162	0.9437652811735942	0.0	0.05623471882640587	0	0	0.0
PIPE-TEFM-FINAL-FRAGSANITY-20260630	software_outputs/tefm_final/PIPE-TEFM-FINAL-20260623/runs/ntv2_250m_H0_w4096_seed42	software_outputs/tefm_final/PIPE-TEFM-FINAL-EBAR-20260629/data/w4096/animal_fine/mouse/chr1/mouse/test/data.jsonl.gz	chr1	4096	4096	triangular	0.5	120	max_prob	oracle_connect_same_true	0.9	5	0	276626	35716	7393	171785	0.8856509851380858	0.9739700512993849	0.927713247512832	0.577838134765625	0.63546142578125	491520	409	573	107	466	302	0.18673647469458987	0.2616136919315403	0.21792260692464357	0.9570396308850004	0.059336823734729496	0.08312958435207823	0.06924643584521385	6.0	0.41361256544502617	249	0.0321285140562249	0.020782627387478162	0.9437652811735942	0.0	0.05623471882640587	0	0	0.0
PIPE-TEFM-FINAL-FRAGSANITY-20260630	software_outputs/tefm_final/PIPE-TEFM-FINAL-20260623/runs/ntv2_250m_H0_w4096_seed42	software_outputs/tefm_final/PIPE-TEFM-FINAL-EBAR-20260629/data/w4096/animal_fine/mouse/chr1/mouse/test/data.jsonl.gz	chr1	4096	4096	triangular	0.5	120	max_prob	oracle_connect_same_true	0.9	10	0	276626	35716	7393	171785	0.8856509851380858	0.9739700512993849	0.927713247512832	0.577838134765625	0.63546142578125	491520	409	573	107	466	302	0.18673647469458987	0.2616136919315403	0.21792260692464357	0.9570396308850004	0.10645724258289703	0.1491442542787286	0.12423625254582484	6.0	0.41361256544502617	249	0.0321285140562249	0.020782627387478162	0.9437652811735942	0.0	0.05623471882640587	0	0	0.0
PIPE-TEFM-FINAL-FRAGSANITY-20260630	software_outputs/tefm_final/PIPE-TEFM-FINAL-20260623/runs/ntv2_250m_H0_w4096_seed42	software_outputs/tefm_final/PIPE-TEFM-FINAL-EBAR-20260629/data/w4096/animal_fine/mouse/chr1/mouse/test/data.jsonl.gz	chr1	4096	4096	triangular	0.5	120	max_prob	oracle_connect_same_true	0.9	25	0	276626	35716	7393	171785	0.8856509851380858	0.9739700512993849	0.927713247512832	0.577838134765625	0.63546142578125	491520	409	573	107	466	302	0.18673647469458987	0.2616136919315403	0.21792260692464357	0.9570396308850004	0.16928446771378708	0.2371638141809291	0.1975560081466395	6.0	0.41361256544502617	249	0.0321285140562249	0.020782627387478162	0.9437652811735942	0.0	0.05623471882640587	0	0	0.0
PIPE-TEFM-FINAL-FRAGSANITY-20260630	software_outputs/tefm_final/PIPE-TEFM-FINAL-20260623/runs/ntv2_250m_H0_w4096_seed42	software_outputs/tefm_final/PIPE-TEFM-FINAL-EBAR-20260629/data/w4096/animal_fine/mouse/chr1/mouse/test/data.jsonl.gz	chr1	4096	4096	triangular	0.5	120	max_prob	oracle_fill_supported_true	0.8	5	0	280219	0	3800	207501	1.0	0.9866206134096662	0.9932652533150904	0.577838134765625	0.5701070149739583	491520	409	386	386	0	23	1.0	0.9437652811735942	0.9710691823899371	1.0	1.0	0.9437652811735942	0.9710691823899371	0.0	1.0	20	1.0	1.0	0.9437652811735942	0.0	0.05623471882640587	820	0	0.0
PIPE-TEFM-FINAL-FRAGSANITY-20260630	software_outputs/tefm_final/PIPE-TEFM-FINAL-20260623/runs/ntv2_250m_H0_w4096_seed42	software_outputs/tefm_final/PIPE-TEFM-FINAL-EBAR-20260629/data/w4096/animal_fine/mouse/chr1/mouse/test/data.jsonl.gz	chr1	4096	4096	triangular	0.5	120	max_prob	oracle_fill_supported_true	0.8	10	0	280219	0	3800	207501	1.0	0.9866206134096662	0.9932652533150904	0.577838134765625	0.5701070149739583	491520	409	386	386	0	23	1.0	0.9437652811735942	0.9710691823899371	1.0	1.0	0.9437652811735942	0.9710691823899371	0.0	1.0	20	1.0	1.0	0.9437652811735942	0.0	0.05623471882640587	820	0	0.0
PIPE-TEFM-FINAL-FRAGSANITY-20260630	software_outputs/tefm_final/PIPE-TEFM-FINAL-20260623/runs/ntv2_250m_H0_w4096_seed42	software_outputs/tefm_final/PIPE-TEFM-FINAL-EBAR-20260629/data/w4096/animal_fine/mouse/chr1/mouse/test/data.jsonl.gz	chr1	4096	4096	triangular	0.5	120	max_prob	oracle_fill_supported_true	0.8	25	0	280219	0	3800	207501	1.0	0.9866206134096662	0.9932652533150904	0.577838134765625	0.5701070149739583	491520	409	386	386	0	23	1.0	0.9437652811735942	0.9710691823899371	1.0	1.0	0.9437652811735942	0.9710691823899371	0.0	1.0	20	1.0	1.0	0.9437652811735942	0.0	0.05623471882640587	820	0	0.0
PIPE-TEFM-FINAL-FRAGSANITY-20260630	software_outputs/tefm_final/PIPE-TEFM-FINAL-20260623/runs/ntv2_250m_H0_w4096_seed42	software_outputs/tefm_final/PIPE-TEFM-FINAL-EBAR-20260629/data/w4096/animal_fine/mouse/chr1/mouse/test/data.jsonl.gz	chr1	4096	4096	triangular	0.5	120	max_prob	oracle_fill_supported_true	0.9	5	0	280219	0	3800	207501	1.0	0.9866206134096662	0.9932652533150904	0.577838134765625	0.5701070149739583	491520	409	386	386	0	23	1.0	0.9437652811735942	0.9710691823899371	1.0	1.0	0.9437652811735942	0.9710691823899371	0.0	1.0	20	1.0	1.0	0.9437652811735942	0.0	0.05623471882640587	820	0	0.0
PIPE-TEFM-FINAL-FRAGSANITY-20260630	software_outputs/tefm_final/PIPE-TEFM-FINAL-20260623/runs/ntv2_250m_H0_w4096_seed42	software_outputs/tefm_final/PIPE-TEFM-FINAL-EBAR-20260629/data/w4096/animal_fine/mouse/chr1/mouse/test/data.jsonl.gz	chr1	4096	4096	triangular	0.5	120	max_prob	oracle_fill_supported_true	0.9	10	0	280219	0	3800	207501	1.0	0.9866206134096662	0.9932652533150904	0.577838134765625	0.5701070149739583	491520	409	386	386	0	23	1.0	0.9437652811735942	0.9710691823899371	1.0	1.0	0.9437652811735942	0.9710691823899371	0.0	1.0	20	1.0	1.0	0.9437652811735942	0.0	0.05623471882640587	820	0	0.0
PIPE-TEFM-FINAL-FRAGSANITY-20260630	software_outputs/tefm_final/PIPE-TEFM-FINAL-20260623/runs/ntv2_250m_H0_w4096_seed42	software_outputs/tefm_final/PIPE-TEFM-FINAL-EBAR-20260629/data/w4096/animal_fine/mouse/chr1/mouse/test/data.jsonl.gz	chr1	4096	4096	triangular	0.5	120	max_prob	oracle_fill_supported_true	0.9	25	0	280219	0	3800	207501	1.0	0.9866206134096662	0.9932652533150904	0.577838134765625	0.5701070149739583	491520	409	386	386	0	23	1.0	0.9437652811735942	0.9710691823899371	1.0	1.0	0.9437652811735942	0.9710691823899371	0.0	1.0	20	1.0	1.0	0.9437652811735942	0.0	0.05623471882640587	820	0	0.0
PIPE-TEFM-FINAL-FRAGSANITY-20260630	software_outputs/tefm_final/PIPE-TEFM-FINAL-20260623/runs/ntv2_250m_H0_w4096_seed42	software_outputs/tefm_final/PIPE-TEFM-FINAL-EBAR-20260629/data/w4096/animal_fine/mouse/chr1/mouse/test/data.jsonl.gz	chr1	4096	4096	triangular	0.5	120	consensus_min	raw_threshold	0.8	5	0	268132	20059	15887	187442	0.9303968548636148	0.944063601378781	0.9371804057950752	0.577838134765625	0.5863260904947917	491520	409	610	176	434	233	0.28852459016393445	0.43031784841075793	0.3454367026496566	0.9296835333168548	0.09180327868852459	0.13691931540342298	0.1099116781157998	6.5	0.6754098360655738	243	0.4444444444444444	0.07386731078721799	1.2420537897310513	0.1784841075794621	0.08557457212713937	0	0	0.0
PIPE-TEFM-FINAL-FRAGSANITY-20260630	software_outputs/tefm_final/PIPE-TEFM-FINAL-20260623/runs/ntv2_250m_H0_w4096_seed42	software_outputs/tefm_final/PIPE-TEFM-FINAL-EBAR-20260629/data/w4096/animal_fine/mouse/chr1/mouse/test/data.jsonl.gz	chr1	4096	4096	triangular	0.5	120	consensus_min	raw_threshold	0.8	10	0	268132	20059	15887	187442	0.9303968548636148	0.944063601378781	0.9371804057950752	0.577838134765625	0.5863260904947917	491520	409	610	176	434	233	0.28852459016393445	0.43031784841075793	0.3454367026496566	0.9296835333168548	0.14098360655737704	0.21026894865525672	0.16879293424926398	6.5	0.6754098360655738	243	0.4444444444444444	0.07386731078721799	1.2420537897310513	0.1784841075794621	0.08557457212713937	0	0	0.0
PIPE-TEFM-FINAL-FRAGSANITY-20260630	software_outputs/tefm_final/PIPE-TEFM-FINAL-20260623/runs/ntv2_250m_H0_w4096_seed42	software_outputs/tefm_final/PIPE-TEFM-FINAL-EBAR-20260629/data/w4096/animal_fine/mouse/chr1/mouse/test/data.jsonl.gz	chr1	4096	4096	triangular	0.5	120	consensus_min	raw_threshold	0.8	25	0	268132	20059	15887	187442	0.9303968548636148	0.944063601378781	0.9371804057950752	0.577838134765625	0.5863260904947917	491520	409	610	176	434	233	0.28852459016393445	0.43031784841075793	0.3454367026496566	0.9296835333168548	0.22131147540983606	0.33007334963325186	0.2649656526005888	6.5	0.6754098360655738	243	0.4444444444444444	0.07386731078721799	1.2420537897310513	0.1784841075794621	0.08557457212713937	0	0	0.0
PIPE-TEFM-FINAL-FRAGSANITY-20260630	software_outputs/tefm_final/PIPE-TEFM-FINAL-20260623/runs/ntv2_250m_H0_w4096_seed42	software_outputs/tefm_final/PIPE-TEFM-FINAL-EBAR-20260629/data/w4096/animal_fine/mouse/chr1/mouse/test/data.jsonl.gz	chr1	4096	4096	triangular	0.5	120	consensus_min	raw_threshold	0.9	5	0	268132	20059	15887	187442	0.9303968548636148	0.944063601378781	0.9371804057950752	0.577838134765625	0.5863260904947917	491520	409	610	123	487	286	0.20163934426229507	0.30073349633251834	0.24141315014720316	0.9609780317591688	0.09180327868852459	0.13691931540342298	0.1099116781157998	4.5	0.6754098360655738	243	0.4444444444444444	0.07386731078721799	1.2420537897310513	0.1784841075794621	0.08557457212713937	0	0	0.0
PIPE-TEFM-FINAL-FRAGSANITY-20260630	software_outputs/tefm_final/PIPE-TEFM-FINAL-20260623/runs/ntv2_250m_H0_w4096_seed42	software_outputs/tefm_final/PIPE-TEFM-FINAL-EBAR-20260629/data/w4096/animal_fine/mouse/chr1/mouse/test/data.jsonl.gz	chr1	4096	4096	triangular	0.5	120	consensus_min	raw_threshold	0.9	10	0	268132	20059	15887	187442	0.9303968548636148	0.944063601378781	0.9371804057950752	0.577838134765625	0.5863260904947917	491520	409	610	123	487	286	0.20163934426229507	0.30073349633251834	0.24141315014720316	0.9609780317591688	0.13278688524590163	0.1980440097799511	0.15897939156035326	4.5	0.6754098360655738	243	0.4444444444444444	0.07386731078721799	1.2420537897310513	0.1784841075794621	0.08557457212713937	0	0	0.0
PIPE-TEFM-FINAL-FRAGSANITY-20260630	software_outputs/tefm_final/PIPE-TEFM-FINAL-20260623/runs/ntv2_250m_H0_w4096_seed42	software_outputs/tefm_final/PIPE-TEFM-FINAL-EBAR-20260629/data/w4096/animal_fine/mouse/chr1/mouse/test/data.jsonl.gz	chr1	4096	4096	triangular	0.5	120	consensus_min	raw_threshold	0.9	25	0	268132	20059	15887	187442	0.9303968548636148	0.944063601378781	0.9371804057950752	0.577838134765625	0.5863260904947917	491520	409	610	123	487	286	0.20163934426229507	0.30073349633251834	0.24141315014720316	0.9609780317591688	0.18032786885245902	0.26894865525672373	0.21589793915603536	4.5	0.6754098360655738	243	0.4444444444444444	0.07386731078721799	1.2420537897310513	0.1784841075794621	0.08557457212713937	0	0	0.0
PIPE-TEFM-FINAL-FRAGSANITY-20260630	software_outputs/tefm_final/PIPE-TEFM-FINAL-20260623/runs/ntv2_250m_H0_w4096_seed42	software_outputs/tefm_final/PIPE-TEFM-FINAL-EBAR-20260629/data/w4096/animal_fine/mouse/chr1/mouse/test/data.jsonl.gz	chr1	4096	4096	triangular	0.5	120	consensus_min	crf_style_penalty4	0.8	5	0	268319	19993	15700	187508	0.9306549848774939	0.9447220080346738	0.937635738759564	0.577838134765625	0.586572265625	491520	409	396	167	229	242	0.4217171717171717	0.4083129584352078	0.41490683229813663	0.9295783244021011	0.12878787878787878	0.12469437652811736	0.1267080745341615	6.5	0.7626262626262627	55	0.4909090909090909	0.2392622263761136	1.0122249388753055	0.08801955990220049	0.09290953545232274	103	38	0.36893203883495146
PIPE-TEFM-FINAL-FRAGSANITY-20260630	software_outputs/tefm_final/PIPE-TEFM-FINAL-20260623/runs/ntv2_250m_H0_w4096_seed42	software_outputs/tefm_final/PIPE-TEFM-FINAL-EBAR-20260629/data/w4096/animal_fine/mouse/chr1/mouse/test/data.jsonl.gz	chr1	4096	4096	triangular	0.5	120	consensus_min	crf_style_penalty4	0.8	10	0	268319	19993	15700	187508	0.9306549848774939	0.9447220080346738	0.937635738759564	0.577838134765625	0.586572265625	491520	409	396	167	229	242	0.4217171717171717	0.4083129584352078	0.41490683229813663	0.9295783244021011	0.20707070707070707	0.20048899755501223	0.20372670807453416	6.5	0.7626262626262627	55	0.4909090909090909	0.2392622263761136	1.0122249388753055	0.08801955990220049	0.09290953545232274	103	38	0.36893203883495146
PIPE-TEFM-FINAL-FRAGSANITY-20260630	software_outputs/tefm_final/PIPE-TEFM-FINAL-20260623/runs/ntv2_250m_H0_w4096_seed42	software_outputs/tefm_final/PIPE-TEFM-FINAL-EBAR-20260629/data/w4096/animal_fine/mouse/chr1/mouse/test/data.jsonl.gz	chr1	4096	4096	triangular	0.5	120	consensus_min	crf_style_penalty4	0.8	25	0	268319	19993	15700	187508	0.9306549848774939	0.9447220080346738	0.937635738759564	0.577838134765625	0.586572265625	491520	409	396	167	229	242	0.4217171717171717	0.4083129584352078	0.41490683229813663	0.9295783244021011	0.32323232323232326	0.31295843520782396	0.3180124223602485	6.5	0.7626262626262627	55	0.4909090909090909	0.2392622263761136	1.0122249388753055	0.08801955990220049	0.09290953545232274	103	38	0.36893203883495146
PIPE-TEFM-FINAL-FRAGSANITY-20260630	software_outputs/tefm_final/PIPE-TEFM-FINAL-20260623/runs/ntv2_250m_H0_w4096_seed42	software_outputs/tefm_final/PIPE-TEFM-FINAL-EBAR-20260629/data/w4096/animal_fine/mouse/chr1/mouse/test/data.jsonl.gz	chr1	4096	4096	triangular	0.5	120	consensus_min	crf_style_penalty4	0.9	5	0	268319	19993	15700	187508	0.9306549848774939	0.9447220080346738	0.937635738759564	0.577838134765625	0.586572265625	491520	409	396	118	278	291	0.29797979797979796	0.2885085574572127	0.29316770186335406	0.9598203078654342	0.12878787878787878	0.12469437652811736	0.1267080745341615	4.75	0.7626262626262627	55	0.4909090909090909	0.2392622263761136	1.0122249388753055	0.08801955990220049	0.09290953545232274	103	38	0.36893203883495146
PIPE-TEFM-FINAL-FRAGSANITY-20260630	software_outputs/tefm_final/PIPE-TEFM-FINAL-20260623/runs/ntv2_250m_H0_w4096_seed42	software_outputs/tefm_final/PIPE-TEFM-FINAL-EBAR-20260629/data/w4096/animal_fine/mouse/chr1/mouse/test/data.jsonl.gz	chr1	4096	4096	triangular	0.5	120	consensus_min	crf_style_penalty4	0.9	10	0	268319	19993	15700	187508	0.9306549848774939	0.9447220080346738	0.937635738759564	0.577838134765625	0.586572265625	491520	409	396	118	278	291	0.29797979797979796	0.2885085574572127	0.29316770186335406	0.9598203078654342	0.19444444444444445	0.1882640586797066	0.19130434782608696	4.75	0.7626262626262627	55	0.4909090909090909	0.2392622263761136	1.0122249388753055	0.08801955990220049	0.09290953545232274	103	38	0.36893203883495146
PIPE-TEFM-FINAL-FRAGSANITY-20260630	software_outputs/tefm_final/PIPE-TEFM-FINAL-20260623/runs/ntv2_250m_H0_w4096_seed42	software_outputs/tefm_final/PIPE-TEFM-FINAL-EBAR-20260629/data/w4096/animal_fine/mouse/chr1/mouse/test/data.jsonl.gz	chr1	4096	4096	triangular	0.5	120	consensus_min	crf_style_penalty4	0.9	25	0	268319	19993	15700	187508	0.9306549848774939	0.9447220080346738	0.937635738759564	0.577838134765625	0.586572265625	491520	409	396	118	278	291	0.29797979797979796	0.2885085574572127	0.29316770186335406	0.9598203078654342	0.26515151515151514	0.2567237163814181	0.2608695652173913	4.75	0.7626262626262627	55	0.4909090909090909	0.2392622263761136	1.0122249388753055	0.08801955990220049	0.09290953545232274	103	38	0.36893203883495146
PIPE-TEFM-FINAL-FRAGSANITY-20260630	software_outputs/tefm_final/PIPE-TEFM-FINAL-20260623/runs/ntv2_250m_H0_w4096_seed42	software_outputs/tefm_final/PIPE-TEFM-FINAL-EBAR-20260629/data/w4096/animal_fine/mouse/chr1/mouse/test/data.jsonl.gz	chr1	4096	4096	triangular	0.5	120	consensus_min	oracle_connect_same_true	0.8	5	0	271602	20059	12417	187442	0.9312249495133048	0.9562810938704805	0.9435867148415786	0.577838134765625	0.5933858235677083	491520	409	476	192	284	217	0.40336134453781514	0.46943765281173594	0.43389830508474575	0.9350345662822361	0.13655462184873948	0.15892420537897312	0.14689265536723164	6.0	0.5861344537815126	158	0.14556962025316456	0.08716438811562487	0.9144254278728606	0.0	0.08557457212713937	0	0	0.0
PIPE-TEFM-FINAL-FRAGSANITY-20260630	software_outputs/tefm_final/PIPE-TEFM-FINAL-20260623/runs/ntv2_250m_H0_w4096_seed42	software_outputs/tefm_final/PIPE-TEFM-FINAL-EBAR-20260629/data/w4096/animal_fine/mouse/chr1/mouse/test/data.jsonl.gz	chr1	4096	4096	triangular	0.5	120	consensus_min	oracle_connect_same_true	0.8	10	0	271602	20059	12417	187442	0.9312249495133048	0.9562810938704805	0.9435867148415786	0.577838134765625	0.5933858235677083	491520	409	476	192	284	217	0.40336134453781514	0.46943765281173594	0.43389830508474575	0.9350345662822361	0.21008403361344538	0.24449877750611246	0.22598870056497175	6.0	0.5861344537815126	158	0.14556962025316456	0.08716438811562487	0.9144254278728606	0.0	0.08557457212713937	0	0	0.0
PIPE-TEFM-FINAL-FRAGSANITY-20260630	software_outputs/tefm_final/PIPE-TEFM-FINAL-20260623/runs/ntv2_250m_H0_w4096_seed42	software_outputs/tefm_final/PIPE-TEFM-FINAL-EBAR-20260629/data/w4096/animal_fine/mouse/chr1/mouse/test/data.jsonl.gz	chr1	4096	4096	triangular	0.5	120	consensus_min	oracle_connect_same_true	0.8	25	0	271602	20059	12417	187442	0.9312249495133048	0.9562810938704805	0.9435867148415786	0.577838134765625	0.5933858235677083	491520	409	476	192	284	217	0.40336134453781514	0.46943765281173594	0.43389830508474575	0.9350345662822361	0.31932773109243695	0.37163814180929094	0.34350282485875705	6.0	0.5861344537815126	158	0.14556962025316456	0.08716438811562487	0.9144254278728606	0.0	0.08557457212713937	0	0	0.0
PIPE-TEFM-FINAL-FRAGSANITY-20260630	software_outputs/tefm_final/PIPE-TEFM-FINAL-20260623/runs/ntv2_250m_H0_w4096_seed42	software_outputs/tefm_final/PIPE-TEFM-FINAL-EBAR-20260629/data/w4096/animal_fine/mouse/chr1/mouse/test/data.jsonl.gz	chr1	4096	4096	triangular	0.5	120	consensus_min	oracle_connect_same_true	0.9	5	0	271602	20059	12417	187442	0.9312249495133048	0.9562810938704805	0.9435867148415786	0.577838134765625	0.5933858235677083	491520	409	476	143	333	266	0.3004201680672269	0.34963325183374083	0.3231638418079096	0.9637003867761429	0.13655462184873948	0.15892420537897312	0.14689265536723164	4.5	0.5861344537815126	158	0.14556962025316456	0.08716438811562487	0.9144254278728606	0.0	0.08557457212713937	0	0	0.0
PIPE-TEFM-FINAL-FRAGSANITY-20260630	software_outputs/tefm_final/PIPE-TEFM-FINAL-20260623/runs/ntv2_250m_H0_w4096_seed42	software_outputs/tefm_final/PIPE-TEFM-FINAL-EBAR-20260629/data/w4096/animal_fine/mouse/chr1/mouse/test/data.jsonl.gz	chr1	4096	4096	triangular	0.5	120	consensus_min	oracle_connect_same_true	0.9	10	0	271602	20059	12417	187442	0.9312249495133048	0.9562810938704805	0.9435867148415786	0.577838134765625	0.5933858235677083	491520	409	476	143	333	266	0.3004201680672269	0.34963325183374083	0.3231638418079096	0.9637003867761429	0.19957983193277312	0.23227383863080683	0.21468926553672316	4.5	0.5861344537815126	158	0.14556962025316456	0.08716438811562487	0.9144254278728606	0.0	0.08557457212713937	0	0	0.0
PIPE-TEFM-FINAL-FRAGSANITY-20260630	software_outputs/tefm_final/PIPE-TEFM-FINAL-20260623/runs/ntv2_250m_H0_w4096_seed42	software_outputs/tefm_final/PIPE-TEFM-FINAL-EBAR-20260629/data/w4096/animal_fine/mouse/chr1/mouse/test/data.jsonl.gz	chr1	4096	4096	triangular	0.5	120	consensus_min	oracle_connect_same_true	0.9	25	0	271602	20059	12417	187442	0.9312249495133048	0.9562810938704805	0.9435867148415786	0.577838134765625	0.5933858235677083	491520	409	476	143	333	266	0.3004201680672269	0.34963325183374083	0.3231638418079096	0.9637003867761429	0.27310924369747897	0.31784841075794623	0.2937853107344633	4.5	0.5861344537815126	158	0.14556962025316456	0.08716438811562487	0.9144254278728606	0.0	0.08557457212713937	0	0	0.0
PIPE-TEFM-FINAL-FRAGSANITY-20260630	software_outputs/tefm_final/PIPE-TEFM-FINAL-20260623/runs/ntv2_250m_H0_w4096_seed42	software_outputs/tefm_final/PIPE-TEFM-FINAL-EBAR-20260629/data/w4096/animal_fine/mouse/chr1/mouse/test/data.jsonl.gz	chr1	4096	4096	triangular	0.5	120	consensus_min	oracle_fill_supported_true	0.8	5	0	277918	0	6101	207501	1.0	0.9785190427400984	0.9891429110380701	0.577838134765625	0.5654256184895833	491520	409	374	374	0	35	1.0	0.9144254278728606	0.9553001277139208	1.0	1.0	0.9144254278728606	0.9553001277139208	0.0	1.0	20	1.0	1.0	0.9144254278728606	0.0	0.08557457212713937	579	0	0.0
PIPE-TEFM-FINAL-FRAGSANITY-20260630	software_outputs/tefm_final/PIPE-TEFM-FINAL-20260623/runs/ntv2_250m_H0_w4096_seed42	software_outputs/tefm_final/PIPE-TEFM-FINAL-EBAR-20260629/data/w4096/animal_fine/mouse/chr1/mouse/test/data.jsonl.gz	chr1	4096	4096	triangular	0.5	120	consensus_min	oracle_fill_supported_true	0.8	10	0	277918	0	6101	207501	1.0	0.9785190427400984	0.9891429110380701	0.577838134765625	0.5654256184895833	491520	409	374	374	0	35	1.0	0.9144254278728606	0.9553001277139208	1.0	1.0	0.9144254278728606	0.9553001277139208	0.0	1.0	20	1.0	1.0	0.9144254278728606	0.0	0.08557457212713937	579	0	0.0
PIPE-TEFM-FINAL-FRAGSANITY-20260630	software_outputs/tefm_final/PIPE-TEFM-FINAL-20260623/runs/ntv2_250m_H0_w4096_seed42	software_outputs/tefm_final/PIPE-TEFM-FINAL-EBAR-20260629/data/w4096/animal_fine/mouse/chr1/mouse/test/data.jsonl.gz	chr1	4096	4096	triangular	0.5	120	consensus_min	oracle_fill_supported_true	0.8	25	0	277918	0	6101	207501	1.0	0.9785190427400984	0.9891429110380701	0.577838134765625	0.5654256184895833	491520	409	374	374	0	35	1.0	0.9144254278728606	0.9553001277139208	1.0	1.0	0.9144254278728606	0.9553001277139208	0.0	1.0	20	1.0	1.0	0.9144254278728606	0.0	0.08557457212713937	579	0	0.0
PIPE-TEFM-FINAL-FRAGSANITY-20260630	software_outputs/tefm_final/PIPE-TEFM-FINAL-20260623/runs/ntv2_250m_H0_w4096_seed42	software_outputs/tefm_final/PIPE-TEFM-FINAL-EBAR-20260629/data/w4096/animal_fine/mouse/chr1/mouse/test/data.jsonl.gz	chr1	4096	4096	triangular	0.5	120	consensus_min	oracle_fill_supported_true	0.9	5	0	277918	0	6101	207501	1.0	0.9785190427400984	0.9891429110380701	0.577838134765625	0.5654256184895833	491520	409	374	374	0	35	1.0	0.9144254278728606	0.9553001277139208	1.0	1.0	0.9144254278728606	0.9553001277139208	0.0	1.0	20	1.0	1.0	0.9144254278728606	0.0	0.08557457212713937	579	0	0.0
PIPE-TEFM-FINAL-FRAGSANITY-20260630	software_outputs/tefm_final/PIPE-TEFM-FINAL-20260623/runs/ntv2_250m_H0_w4096_seed42	software_outputs/tefm_final/PIPE-TEFM-FINAL-EBAR-20260629/data/w4096/animal_fine/mouse/chr1/mouse/test/data.jsonl.gz	chr1	4096	4096	triangular	0.5	120	consensus_min	oracle_fill_supported_true	0.9	10	0	277918	0	6101	207501	1.0	0.9785190427400984	0.9891429110380701	0.577838134765625	0.5654256184895833	491520	409	374	374	0	35	1.0	0.9144254278728606	0.9553001277139208	1.0	1.0	0.9144254278728606	0.9553001277139208	0.0	1.0	20	1.0	1.0	0.9144254278728606	0.0	0.08557457212713937	579	0	0.0
PIPE-TEFM-FINAL-FRAGSANITY-20260630	software_outputs/tefm_final/PIPE-TEFM-FINAL-20260623/runs/ntv2_250m_H0_w4096_seed42	software_outputs/tefm_final/PIPE-TEFM-FINAL-EBAR-20260629/data/w4096/animal_fine/mouse/chr1/mouse/test/data.jsonl.gz	chr1	4096	4096	triangular	0.5	120	consensus_min	oracle_fill_supported_true	0.9	25	0	277918	0	6101	207501	1.0	0.9785190427400984	0.9891429110380701	0.577838134765625	0.5654256184895833	491520	409	374	374	0	35	1.0	0.9144254278728606	0.9553001277139208	1.0	1.0	0.9144254278728606	0.9553001277139208	0.0	1.0	20	1.0	1.0	0.9144254278728606	0.0	0.08557457212713937	579	0	0.0
