idx	species	label	label_name	cluster	source	rep_name
0	rice	5	SINE	2	known_main4	k_22
1	rice	5	SINE	1	known_main4	ORSiTEMT01100011
2	rice	5	SINE	1	known_main4	ORSiTEMT01100011
3	human	3	LINE	0	known_main4	L1PA16
4	human	3	LINE	2	known_main4	L1ME3E
5	human	3	LINE	0	known_main4	L1PA10
6	human	4	LTR	4	known_main4	MLT1F
7	human	2	DNA	0	known_main4	Tigger1
8	rice	5	SINE	1	known_main4	ORSiTEMT01100011
9	rice	5	SINE	3	known_main4	ORSiTEMT01100014
10	human	3	LINE	0	known_main4	L1P3
11	rice	5	SINE	0	known_main4	k_22
12	rice	5	SINE	1	known_main4	ORSiTEMT01100014
13	human	3	LINE	0	known_main4	L2a
14	rice	5	SINE	1	known_main4	ORSiTEMT01100012
15	human	4	LTR	0	known_main4	MLT1D
16	human	4	LTR	4	known_main4	THE1C-int
17	human	4	LTR	4	known_main4	LTR39
18	human	3	LINE	1	known_main4	L1PA3
19	human	4	LTR	4	known_main4	LTR5A
20	rice	5	SINE	2	known_main4	ORSiTERT004_797273
21	rice	5	SINE	0	known_main4	ORSiTEMT01100011
22	rice	5	SINE	0	known_main4	k_24
23	human	2	DNA	0	known_main4	Charlie1a
24	human	4	LTR	0	known_main4	HUERS-P3b-int
25	human	2	DNA	0	known_main4	Tigger1
26	rice	5	SINE	1	known_main4	ORSiTEMT01100011
27	rice	5	SINE	1	known_main4	k_22
28	human	3	LINE	1	known_main4	L1PA15
29	human	2	DNA	0	known_main4	Ricksha_c
30	human	4	LTR	4	known_main4	LTR76
31	human	2	DNA	2	known_main4	Tigger1
32	human	2	DNA	2	known_main4	Charlie9
33	human	3	LINE	1	known_main4	L1PB1
34	rice	5	SINE	3	known_main4	ORSiTEMT01100014
35	human	2	DNA	2	known_main4	EuthAT-2
36	rice	5	SINE	1	known_main4	g_PSINE1_GLA
37	human	3	LINE	1	known_main4	L1M4
38	human	4	LTR	0	known_main4	THE1C-int
39	human	2	DNA	0	known_main4	Tigger1
40	rice	5	SINE	3	known_main4	k_22
41	human	3	LINE	1	known_main4	L1P4a
42	rice	5	SINE	1	known_main4	g_PSINE1_GLA
43	human	4	LTR	0	known_main4	LTR62
44	rice	5	SINE	2	known_main4	ORSiTEMT01100008
45	rice	5	SINE	1	known_main4	ORSiTERT004_783775
46	human	2	DNA	2	known_main4	Tigger1
47	human	3	LINE	2	known_main4	L1MA7
48	human	4	LTR	4	known_main4	MLT2A2
49	rice	5	SINE	3	known_main4	ORSiTEMT01100009
50	human	3	LINE	0	known_main4	L1MEg
51	human	4	LTR	4	known_main4	MER39B
52	rice	5	SINE	2	known_main4	ORSiTEMT01100011
53	human	3	LINE	2	known_main4	L1MEd
54	rice	5	SINE	1	known_main4	g_PSINE1_GLA
55	human	4	LTR	4	known_main4	HERV17-int
56	rice	5	SINE	1	known_main4	k_22
57	human	4	LTR	4	known_main4	MER11C
58	human	3	LINE	0	known_main4	L1ME3F
59	rice	5	SINE	1	known_main4	g_PSINE1_GLA
60	human	4	LTR	4	known_main4	HERVH-int
61	rice	5	SINE	1	known_main4	k_22
62	rice	5	SINE	2	known_main4	k_22
63	human	4	LTR	1	known_main4	LTR40a
64	human	2	DNA	1	known_main4	MER44B
65	rice	5	SINE	1	known_main4	k_22
66	human	3	LINE	4	known_main4	L1PA10
67	human	2	DNA	2	known_main4	Charlie1a
68	rice	5	SINE	0	known_main4	ORSiTEMT01100011
69	human	4	LTR	4	known_main4	LTR27B
70	human	3	LINE	0	known_main4	L1PB1
71	rice	5	SINE	1	known_main4	ORSiTEMT01100008
72	human	4	LTR	4	known_main4	LTR14B
73	human	3	LINE	0	known_main4	L1PA5
74	human	4	LTR	0	known_main4	MER4E
75	human	4	LTR	4	known_main4	MER41B
76	rice	5	SINE	0	known_main4	ORSiTEMT01100010
77	human	3	LINE	1	known_main4	L1PA2
78	human	2	DNA	0	known_main4	EuthAT-2
79	human	3	LINE	1	known_main4	L1PA7
80	human	3	LINE	0	known_main4	L1PA6
81	human	4	LTR	4	known_main4	MLT2B3
82	human	4	LTR	1	known_main4	MER39B
83	rice	5	SINE	1	known_main4	ORSiTEMT01100008
84	rice	5	SINE	0	known_main4	ORSiTERT004_797356
85	human	4	LTR	0	known_main4	MER4B
86	human	3	LINE	0	known_main4	L1MA4
87	rice	5	SINE	1	known_main4	k_22
88	human	3	LINE	0	known_main4	L1MCa
89	human	3	LINE	1	known_main4	L1M5
90	human	4	LTR	4	known_main4	MER41B
91	human	3	LINE	0	known_main4	L1MB4
92	human	4	LTR	4	known_main4	THE1A-int
93	human	2	DNA	2	known_main4	Kanga2_a
94	human	2	DNA	0	known_main4	Tigger2
95	rice	5	SINE	1	known_main4	k_22
96	human	2	DNA	4	known_main4	MER1A
97	rice	5	SINE	0	known_main4	CASINE
98	human	3	LINE	1	known_main4	L1PA7
99	human	3	LINE	0	known_main4	L2a
100	human	2	DNA	2	known_main4	Tigger22N1
101	rice	5	SINE	4	known_main4	ORSiTEMT01100014
102	human	2	DNA	2	known_main4	Arthur1
103	human	2	DNA	4	known_main4	MER1A
104	rice	5	SINE	2	known_main4	k_22
105	human	2	DNA	1	known_main4	Tigger2
106	human	3	LINE	0	known_main4	L1ME3D
107	human	2	DNA	2	known_main4	Tigger22N1
108	human	3	LINE	0	known_main4	L1PA13
109	rice	5	SINE	2	known_main4	k_22
110	human	2	DNA	2	known_main4	Charlie13a
111	human	4	LTR	0	known_main4	MER4E1
112	human	2	DNA	0	known_main4	Tigger1
113	human	2	DNA	2	known_main4	Charlie2b
114	rice	5	SINE	3	known_main4	ORSiTEMT01100008
115	human	2	DNA	4	known_main4	MER1A
116	human	2	DNA	2	known_main4	Tigger3
117	human	2	DNA	2	known_main4	Tigger8
118	rice	5	SINE	3	known_main4	ORSiTEMT01100012
119	human	2	DNA	1	known_main4	Tigger1
120	human	3	LINE	0	known_main4	L3
121	human	4	LTR	4	known_main4	MER68
122	human	2	DNA	0	known_main4	HSMAR2
123	rice	5	SINE	1	known_main4	ORSiTEMT01100011
124	human	4	LTR	0	known_main4	LTR8
125	rice	5	SINE	1	known_main4	ORSiTEMT01100014
126	rice	5	SINE	3	known_main4	ORSiTEMT01100008
127	human	4	LTR	4	known_main4	LTR38B
128	human	2	DNA	4	known_main4	MER45B
129	human	3	LINE	2	known_main4	L1MEg
130	rice	5	SINE	2	known_main4	ORSiTEMT01100011
131	human	3	LINE	2	known_main4	L1MA4A
132	rice	5	SINE	3	known_main4	ORSiTEMT01100008
133	human	3	LINE	1	known_main4	L1ME1
134	human	2	DNA	1	known_main4	Tigger3c
135	rice	5	SINE	0	known_main4	ORSiTEMT01100011
136	human	3	LINE	1	known_main4	L1MEf
137	rice	5	SINE	0	known_main4	ORSiTEMT01100008
138	human	2	DNA	0	known_main4	Tigger1
139	human	4	LTR	4	known_main4	MER21A
140	rice	5	SINE	3	known_main4	g_PSINE1_GLA
141	human	2	DNA	1	known_main4	Tigger9b
142	rice	5	SINE	0	known_main4	k_22
143	human	4	LTR	1	known_main4	MER41C
144	human	4	LTR	1	known_main4	MLT1E1
145	human	4	LTR	1	known_main4	LTR10C
146	human	2	DNA	0	known_main4	Tigger1
147	human	4	LTR	0	known_main4	MLT1L
148	human	3	LINE	0	known_main4	L1M3
149	human	4	LTR	1	known_main4	HERVH-int
150	human	2	DNA	2	known_main4	Tigger17a
151	human	4	LTR	4	known_main4	MER52A
152	human	4	LTR	1	known_main4	LTR10C
153	rice	5	SINE	1	known_main4	ORSiTEMT01100011
154	human	2	DNA	1	known_main4	MER44B
155	rice	5	SINE	2	known_main4	ORMOSIA
156	human	4	LTR	4	known_main4	MER41A
157	human	3	LINE	1	known_main4	L1MB5
158	human	4	LTR	0	known_main4	HUERS-P1-int
159	human	3	LINE	0	known_main4	L1MEd
160	rice	5	SINE	3	known_main4	k_22
161	human	3	LINE	3	known_main4	L1PA2
162	rice	5	SINE	1	known_main4	ORSiTEMT01100014
163	human	2	DNA	0	known_main4	Tigger1
164	human	3	LINE	0	known_main4	L1MB4
165	human	4	LTR	4	known_main4	LTR1D1
166	human	4	LTR	4	known_main4	MLT1F2
167	human	4	LTR	4	known_main4	LTR5A
168	rice	5	SINE	2	known_main4	k_22
169	human	2	DNA	1	known_main4	Tigger1
170	human	3	LINE	0	known_main4	L1MC5
171	rice	5	SINE	1	known_main4	g_PSINE1_GLA
172	rice	5	SINE	2	known_main4	k_22
173	human	3	LINE	0	known_main4	L1PA17
174	rice	5	SINE	1	known_main4	k_22
175	human	4	LTR	4	known_main4	MLT2B4
176	human	4	LTR	2	known_main4	HUERS-P3b-int
177	human	4	LTR	4	known_main4	LTR9
178	human	3	LINE	4	known_main4	L1MEb
179	human	2	DNA	2	known_main4	BLACKJACK
180	human	2	DNA	4	known_main4	MER115
181	human	2	DNA	2	known_main4	BLACKJACK
182	human	3	LINE	1	known_main4	L1MB4
183	human	3	LINE	0	known_main4	L1MEg
184	rice	5	SINE	1	known_main4	ORSiTEMT01100008
185	human	2	DNA	4	known_main4	Tigger17a
186	human	3	LINE	1	known_main4	L1PA4
187	human	4	LTR	4	known_main4	LTR39
188	human	4	LTR	4	known_main4	LTR1F1
189	rice	5	SINE	0	known_main4	k_24
190	human	4	LTR	1	known_main4	MER4A
191	rice	5	SINE	0	known_main4	k_22
192	rice	5	SINE	2	known_main4	k_22
193	human	4	LTR	4	known_main4	HERVL-int
194	human	2	DNA	0	known_main4	Tigger1
195	human	3	LINE	0	known_main4	L1MB8
196	human	3	LINE	4	known_main4	L2b
197	rice	5	SINE	3	known_main4	ORSiTEMT01100008
198	rice	5	SINE	4	known_main4	ATSINE4
199	human	3	LINE	0	known_main4	L1MA2
200	rice	5	SINE	3	known_main4	k_41
201	human	4	LTR	4	known_main4	MLT2B4
202	human	4	LTR	4	known_main4	MLT1N2
203	human	4	LTR	4	known_main4	LTR8
204	human	2	DNA	1	known_main4	Tigger1
205	rice	5	SINE	0	known_main4	g_PSINE1_GLA
206	human	3	LINE	1	known_main4	L1MA9
207	human	4	LTR	4	known_main4	MER41A
208	rice	5	SINE	2	known_main4	ORSiTEMT01100011
209	human	2	DNA	4	known_main4	MER1A
210	human	4	LTR	0	known_main4	MER34B
211	human	3	LINE	0	known_main4	L1MB3
212	human	2	DNA	2	known_main4	BLACKJACK
213	human	3	LINE	0	known_main4	L1PA2
214	rice	5	SINE	4	known_main4	k_23
215	human	4	LTR	4	known_main4	LTR39
216	rice	5	SINE	0	known_main4	ORSiTEMT01100011
217	rice	5	SINE	3	known_main4	k_22
218	human	4	LTR	4	known_main4	MLT1D
219	rice	5	SINE	2	known_main4	k_22
220	rice	5	SINE	3	known_main4	k_41
221	rice	5	SINE	1	known_main4	k_22
222	human	4	LTR	4	known_main4	MER50
223	rice	5	SINE	1	known_main4	ORSiTEMT01100012
224	rice	5	SINE	3	known_main4	k_22
225	human	4	LTR	4	known_main4	MER41B
226	rice	5	SINE	3	known_main4	k_41
227	human	2	DNA	0	known_main4	BLACKJACK
228	human	3	LINE	4	known_main4	L1P3
229	human	4	LTR	4	known_main4	HERVH-int
230	human	4	LTR	0	known_main4	MER34A
231	human	2	DNA	0	known_main4	Tigger4
232	human	3	LINE	0	known_main4	L1PB1
233	human	3	LINE	1	known_main4	L1MC
234	human	3	LINE	0	known_main4	L1P3
235	human	4	LTR	0	known_main4	MER67C
236	human	3	LINE	1	known_main4	L1PB4
237	human	2	DNA	0	known_main4	Tigger1
238	human	4	LTR	4	known_main4	HERVH-int
239	human	3	LINE	1	known_main4	L1PA3
240	human	2	DNA	4	known_main4	MER1A
241	human	3	LINE	1	known_main4	L1PA3
242	human	3	LINE	0	known_main4	L1MC2
243	human	2	DNA	0	known_main4	Tigger6a
244	human	3	LINE	0	known_main4	L1PA16
245	human	3	LINE	0	known_main4	L2a
246	rice	5	SINE	2	known_main4	ORSiTEMT01100011
247	rice	5	SINE	3	known_main4	ORSiTEMT01100008
248	human	4	LTR	0	known_main4	MER34A
249	human	3	LINE	1	known_main4	L1PA8
250	human	3	LINE	1	known_main4	L2c
251	human	4	LTR	4	known_main4	HERVL66-int
252	rice	5	SINE	1	known_main4	k_23
253	human	4	LTR	4	known_main4	MER52A
254	rice	5	SINE	0	known_main4	k_24
255	rice	5	SINE	3	known_main4	ORSiTEMT01100014
256	human	4	LTR	4	known_main4	LTR28
257	rice	5	SINE	1	known_main4	k_24
258	human	4	LTR	4	known_main4	MER77
259	rice	5	SINE	1	known_main4	k_22
260	rice	5	SINE	0	known_main4	k_22
261	human	2	DNA	0	known_main4	Tigger1
262	rice	5	SINE	4	known_main4	ORSiTEMT01100008
263	human	3	LINE	1	known_main4	L1PB4
264	rice	5	SINE	2	known_main4	ORSiTEMT01100008
265	human	2	DNA	0	known_main4	Tigger1
266	rice	5	SINE	1	known_main4	g_PSINE1_GLA
267	human	3	LINE	2	known_main4	L1MEc
268	human	3	LINE	1	known_main4	L1PA15
269	human	2	DNA	2	known_main4	Tigger2b_Pri
270	human	3	LINE	0	known_main4	L1ME2
271	human	2	DNA	4	known_main4	MER1A
272	human	2	DNA	1	known_main4	Tigger1
273	rice	5	SINE	1	known_main4	k_24
274	human	4	LTR	4	known_main4	THE1B-int
275	human	3	LINE	1	known_main4	L1MB5
276	human	2	DNA	1	known_main4	Tigger1
277	human	3	LINE	1	known_main4	L1PA2
278	human	3	LINE	4	known_main4	L2d
279	human	3	LINE	0	known_main4	L1M4
280	human	3	LINE	2	known_main4	L1MA9
281	human	2	DNA	0	known_main4	Tigger1
282	rice	5	SINE	1	known_main4	SINE03_OS
283	rice	5	SINE	4	known_main4	ORSiTEMT01100014
284	human	4	LTR	2	known_main4	MER4-int
285	human	3	LINE	1	known_main4	L1MB2
286	human	3	LINE	0	known_main4	L2
287	human	2	DNA	4	known_main4	MER45C
288	human	4	LTR	1	known_main4	MER4E
289	human	4	LTR	0	known_main4	MER4B
290	human	2	DNA	4	known_main4	Charlie17b
291	human	3	LINE	1	known_main4	L1PA7
292	rice	5	SINE	1	known_main4	ORSiTEMT01100011
293	human	4	LTR	0	known_main4	MER4A
294	human	3	LINE	0	known_main4	L1MC4
295	human	2	DNA	4	known_main4	Ricksha
296	human	4	LTR	1	known_main4	LTR43
297	human	2	DNA	4	known_main4	MER115
298	human	4	LTR	4	known_main4	MER21A
299	rice	5	SINE	3	known_main4	ORSiTEMT01100012
300	human	4	LTR	0	known_main4	MLT1H1
301	human	2	DNA	0	known_main4	Tigger1
302	human	4	LTR	4	known_main4	HERVL-int
303	rice	5	SINE	2	known_main4	ORSiTERT004_777763
304	human	2	DNA	2	known_main4	Tigger3b
305	rice	5	SINE	0	known_main4	ORSiTEMT01100011
306	human	3	LINE	1	known_main4	L1MB7
307	rice	5	SINE	0	known_main4	ORSiTEMT01100008
308	rice	5	SINE	3	known_main4	ORSiTEMT01100008
309	human	3	LINE	0	known_main4	L1PA8
310	rice	5	SINE	1	known_main4	ORSiTERT004_797538
311	human	3	LINE	2	known_main4	L1MEd
312	human	4	LTR	4	known_main4	LTR40a
313	rice	5	SINE	1	known_main4	ORSiTEMT01100011
314	rice	5	SINE	2	known_main4	ORSiTERT004_777763
315	human	4	LTR	4	known_main4	LTR9
316	human	3	LINE	0	known_main4	L1M7
317	human	4	LTR	0	known_main4	MER4E1
318	human	3	LINE	0	known_main4	L1MB7
319	human	4	LTR	4	known_main4	MER21B
320	human	4	LTR	0	known_main4	MER4B
321	human	2	DNA	4	known_main4	MER1A
322	human	2	DNA	2	known_main4	Charlie7
323	human	2	DNA	1	known_main4	MER44B
324	human	3	LINE	2	known_main4	L1MA5
325	human	2	DNA	1	known_main4	Tigger1
326	human	2	DNA	2	known_main4	Cheshire
327	rice	5	SINE	3	known_main4	ORSiTEMT01100014
328	rice	5	SINE	3	known_main4	ORSiTEMT01100012
329	human	2	DNA	1	known_main4	Tigger1
330	human	2	DNA	0	known_main4	Charlie13a
331	human	4	LTR	1	known_main4	MER4B
332	human	2	DNA	2	known_main4	Arthur1B
333	human	3	LINE	0	known_main4	L1PA8
334	human	2	DNA	4	known_main4	MER6
335	human	2	DNA	0	known_main4	Tigger1
336	human	2	DNA	0	known_main4	Tigger22N1
337	human	3	LINE	2	known_main4	L1ME3A
338	human	2	DNA	0	known_main4	Tigger1
339	rice	5	SINE	1	known_main4	ORMOSIA
340	human	3	LINE	0	known_main4	L1MB3
341	human	3	LINE	0	known_main4	L1MB7
342	rice	5	SINE	1	known_main4	ORSiTEMT01100011
343	human	4	LTR	1	known_main4	MLT1D
344	rice	5	SINE	0	known_main4	ORSiTEMT01100014
345	human	3	LINE	0	known_main4	L1MB7
346	human	4	LTR	0	known_main4	LTR24B
347	human	4	LTR	4	known_main4	MLT1F2
348	human	2	DNA	2	known_main4	MER44C
349	rice	5	SINE	1	known_main4	ORSiTEMT01100011
350	human	2	DNA	2	known_main4	Tigger6a
351	rice	5	SINE	1	known_main4	ORSiTEMT01100008
352	human	2	DNA	2	known_main4	Charlie2b
353	human	4	LTR	4	known_main4	MLT2A2
354	human	4	LTR	4	known_main4	LTR39
355	human	2	DNA	1	known_main4	MER44D
356	human	3	LINE	1	known_main4	L1MC3
357	human	3	LINE	2	known_main4	L1MCa
358	human	3	LINE	2	known_main4	L1MA2
359	human	2	DNA	0	known_main4	Tigger2
360	human	3	LINE	1	known_main4	L1MEc
361	human	2	DNA	0	known_main4	Charlie7
362	human	2	DNA	2	known_main4	Tigger3b
363	rice	5	SINE	2	known_main4	ORSiTERT004_777763
364	human	2	DNA	0	known_main4	Tigger3b
365	human	4	LTR	2	known_main4	MER4-int
366	rice	5	SINE	4	known_main4	ORSiTEMT01100008
367	human	3	LINE	0	known_main4	L1ME2
368	rice	5	SINE	0	known_main4	k_22
369	human	4	LTR	1	known_main4	MER4D1
370	human	4	LTR	1	known_main4	MER34
371	rice	5	SINE	4	known_main4	ORSiTEMT01100008
372	human	2	DNA	1	known_main4	HSMAR2
373	human	3	LINE	2	known_main4	L1M5
374	human	3	LINE	0	known_main4	L1MC2
375	rice	5	SINE	3	known_main4	k_41
376	human	3	LINE	1	known_main4	L1ME2
377	rice	5	SINE	4	known_main4	ORSiTEMT01100008
378	human	3	LINE	1	known_main4	L1P3
379	human	2	DNA	1	known_main4	Tigger1
380	human	3	LINE	0	known_main4	L1PA16
381	rice	5	SINE	1	known_main4	ORSiTEMT01100012
382	rice	5	SINE	2	known_main4	ORSiTEMT01100030
383	human	4	LTR	4	known_main4	MER21A
384	human	2	DNA	2	known_main4	MER6
385	human	4	LTR	0	known_main4	MER41C
386	rice	5	SINE	0	known_main4	ORSiTEMT01100010
387	rice	5	SINE	2	known_main4	ORSiTEMT01100030
388	rice	5	SINE	0	known_main4	k_22
389	rice	5	SINE	2	known_main4	ORSiTEMT01100030
390	rice	5	SINE	4	known_main4	k_22
391	human	2	DNA	2	known_main4	MER75
392	human	4	LTR	2	known_main4	LOR1-int
393	human	4	LTR	4	known_main4	THE1B-int
394	human	2	DNA	4	known_main4	Tigger17a
395	rice	5	SINE	2	known_main4	k_22
396	human	3	LINE	0	known_main4	L1PA17
397	human	3	LINE	0	known_main4	L1PB4
398	human	2	DNA	1	known_main4	MER44C
399	rice	5	SINE	3	known_main4	ORSiTEMT01100008
400	human	4	LTR	1	known_main4	MLT1E2
401	human	3	LINE	1	known_main4	L1PA16
402	human	4	LTR	1	known_main4	LTR49
403	rice	5	SINE	0	known_main4	k_23
404	human	4	LTR	4	known_main4	LTR8
405	human	3	LINE	1	known_main4	L1MB4
406	human	4	LTR	4	known_main4	LTR10C
407	rice	5	SINE	1	known_main4	ORSiTEMT01100011
408	human	4	LTR	3	known_main4	LTR12C
409	human	4	LTR	4	known_main4	MLT2B3
410	human	2	DNA	2	known_main4	BLACKJACK
411	rice	5	SINE	1	known_main4	ORSiTERT00400027
412	human	4	LTR	4	known_main4	LTR76
413	human	4	LTR	1	known_main4	MER11C
414	human	3	LINE	0	known_main4	L1ME3
415	human	2	DNA	0	known_main4	Tigger3c
416	rice	5	SINE	0	known_main4	ORSiTEMT01100011
417	human	4	LTR	4	known_main4	HERVH-int
418	rice	5	SINE	0	known_main4	k_22
419	human	4	LTR	1	known_main4	LTR66
420	human	3	LINE	0	known_main4	L1MC1
421	human	4	LTR	4	known_main4	LTR8
422	rice	5	SINE	1	known_main4	ORSiTEMT01100011
423	rice	5	SINE	0	known_main4	ORSiTERT00400027
424	human	5	SINE	4	known_main4	AluSx
425	rice	5	SINE	0	known_main4	ORSiTEMT01100008
426	rice	5	SINE	1	known_main4	k_24
427	rice	5	SINE	4	known_main4	k_22
428	rice	5	SINE	2	known_main4	ORSiTERT00400027
429	human	4	LTR	1	known_main4	MER4D1
430	human	3	LINE	1	known_main4	L1MA5
431	human	3	LINE	1	known_main4	L1PA2
432	human	4	LTR	4	known_main4	MER51C
433	human	2	DNA	1	known_main4	HSMAR2
434	human	2	DNA	0	known_main4	Tigger1
435	human	2	DNA	1	known_main4	MER6A
436	human	2	DNA	4	known_main4	MER1A
437	rice	5	SINE	2	known_main4	ORSiTEMT01100008
438	human	4	LTR	4	known_main4	MLT2B2
439	rice	5	SINE	1	known_main4	ORSiTEMT01100011
440	rice	5	SINE	2	known_main4	ORSiTEMT01100008
441	rice	5	SINE	2	known_main4	k_22
442	human	2	DNA	1	known_main4	Tigger1
443	rice	5	SINE	0	known_main4	F524
444	human	4	LTR	4	known_main4	MLT1F
445	human	3	LINE	0	known_main4	L1M5
446	rice	5	SINE	1	known_main4	ORSiTEMT01100008
447	human	3	LINE	1	known_main4	L1PA13
448	human	3	LINE	0	known_main4	L1MA2
449	human	3	LINE	1	known_main4	L2a
450	human	3	LINE	0	known_main4	L1MC2
451	human	4	LTR	0	known_main4	LTR80B
452	human	3	LINE	1	known_main4	HAL1M8
453	human	3	LINE	2	known_main4	L1ME3E
454	rice	5	SINE	2	known_main4	ORMOSIA
455	human	3	LINE	2	known_main4	L1MEc
456	human	4	LTR	4	known_main4	MER4D0
457	rice	5	SINE	3	known_main4	ORSiTEMT01100010
458	rice	5	SINE	3	known_main4	ORSiTEMT01100008
459	human	2	DNA	0	known_main4	Tigger1
460	rice	5	SINE	3	known_main4	ORSiTEMT01100014
461	human	4	LTR	4	known_main4	MER21B
462	human	4	LTR	0	known_main4	MLT1J-int
463	human	3	LINE	0	known_main4	L1MEc
464	human	3	LINE	0	known_main4	L1MA8
465	human	2	DNA	2	known_main4	Tigger13a
466	human	4	LTR	4	known_main4	LTR34
467	human	4	LTR	4	known_main4	MER41A
468	rice	5	SINE	3	known_main4	ORSiTEMT01100014
469	human	3	LINE	0	known_main4	L1MB5
470	rice	5	SINE	3	known_main4	ORSiTEMT01100008
471	human	3	LINE	0	known_main4	L2a
472	human	2	DNA	1	known_main4	MER6A
473	human	3	LINE	0	known_main4	L1PB4
474	rice	5	SINE	4	known_main4	k_22
475	human	2	DNA	1	known_main4	Tigger1
476	rice	5	SINE	2	known_main4	ORSiTEMT01100011
477	rice	5	SINE	2	known_main4	k_22
478	rice	5	SINE	0	known_main4	ORSiTEMT01100011
479	human	2	DNA	0	known_main4	Tigger3b
480	human	4	LTR	4	known_main4	HERVE_a-int
481	human	4	LTR	1	known_main4	MER4D
482	human	4	LTR	0	known_main4	LTR39
483	rice	5	SINE	1	known_main4	ORSiTEMT01100010
484	human	2	DNA	0	known_main4	Tigger22N1
485	human	2	DNA	4	known_main4	Arthur1
486	human	3	LINE	0	known_main4	L1M3
487	human	4	LTR	4	known_main4	LTR1A2
488	human	4	LTR	1	known_main4	MER4B
489	human	2	DNA	2	known_main4	Tigger3b
490	human	3	LINE	0	known_main4	L1MB3
491	rice	5	SINE	1	known_main4	k_22
492	human	4	LTR	0	known_main4	LTR51
493	human	2	DNA	0	known_main4	Tigger3b
494	rice	5	SINE	2	known_main4	k_22
495	human	3	LINE	1	known_main4	L2
496	human	4	LTR	4	known_main4	MLT1E1A
497	human	3	LINE	1	known_main4	L1PA4
498	human	3	LINE	0	known_main4	L1MC1
499	human	3	LINE	1	known_main4	L1PB4
500	human	3	LINE	0	known_main4	L1PA11
501	human	4	LTR	4	known_main4	MLT2B3
502	rice	5	SINE	0	known_main4	ORSiTEMT01100011
503	human	4	LTR	4	known_main4	MER41B
504	human	2	DNA	0	known_main4	Tigger1
505	human	3	LINE	0	known_main4	L1MB7
506	rice	5	SINE	1	known_main4	ORSiTERT004_797393
507	human	2	DNA	1	known_main4	HSMAR1
508	human	3	LINE	1	known_main4	L1PA5
509	human	2	DNA	2	known_main4	HSMAR2
510	human	3	LINE	0	known_main4	L1M5
511	human	2	DNA	1	known_main4	Tigger2
512	rice	5	SINE	1	known_main4	TUBE2
513	human	3	LINE	1	known_main4	L1PA15
514	human	2	DNA	4	known_main4	MER1A
515	rice	5	SINE	3	known_main4	ORSiTEMT01100008
516	rice	5	SINE	4	known_main4	ORSiTEMT01100008
517	human	3	LINE	1	known_main4	L1PA6
518	human	2	DNA	4	known_main4	MER115
519	human	2	DNA	0	known_main4	Tigger3b
520	rice	5	SINE	1	known_main4	g_PSINE1_GLA
521	human	2	DNA	0	known_main4	Tigger1
522	rice	5	SINE	3	known_main4	k_22
523	human	2	DNA	1	known_main4	MER44B
524	rice	5	SINE	0	known_main4	k_22
525	human	2	DNA	2	known_main4	Charlie1
526	human	4	LTR	4	known_main4	LTR12D
527	rice	5	SINE	3	known_main4	ORSiTEMT01100008
528	human	4	LTR	4	known_main4	MER52A
529	human	4	LTR	1	known_main4	THE1B-int
530	human	2	DNA	2	known_main4	MER97a
531	human	3	LINE	2	known_main4	L1MEc
532	rice	5	SINE	1	known_main4	k_22
533	human	3	LINE	2	known_main4	L1M5
534	human	4	LTR	0	known_main4	MLT1D
535	human	2	DNA	0	known_main4	Tigger1
536	human	4	LTR	4	known_main4	MER61E
537	human	2	DNA	0	known_main4	Tigger2
538	rice	5	SINE	2	known_main4	ORSiTEMT01100011
539	human	3	LINE	0	known_main4	L1PA10
540	human	3	LINE	0	known_main4	L1PA6
541	human	4	LTR	4	known_main4	MLT1F2
542	human	3	LINE	0	known_main4	L1PA3
543	human	3	LINE	1	known_main4	L1PA7
544	rice	5	SINE	3	known_main4	ORSiTEMT01100012
545	human	2	DNA	2	known_main4	Tigger8
546	human	3	LINE	0	known_main4	L1ME3Cz
547	human	4	LTR	1	known_main4	MER11A
548	human	3	LINE	4	known_main4	L1PA10
549	rice	5	SINE	1	known_main4	ORSiTEMT01100008
550	human	3	LINE	0	known_main4	L1MB8
551	rice	5	SINE	1	known_main4	k_24
552	human	4	LTR	4	known_main4	LTR9A1
553	rice	5	SINE	1	known_main4	ORSiTEMT01100011
554	rice	5	SINE	0	known_main4	k_24
555	rice	5	SINE	4	known_main4	ORSiTEMT01100014
556	human	4	LTR	4	known_main4	LTR8A
557	rice	5	SINE	4	known_main4	ORSiTEMT01100008
558	human	2	DNA	0	known_main4	Tigger13a
559	human	4	LTR	4	known_main4	MER92B
560	human	3	LINE	0	known_main4	L1ME1
561	rice	5	SINE	0	known_main4	k_22
562	rice	5	SINE	3	known_main4	k_22
563	human	4	LTR	4	known_main4	MER41A
564	human	2	DNA	1	known_main4	Tigger1
565	human	4	LTR	4	known_main4	THE1A-int
566	human	3	LINE	1	known_main4	L1P4a
567	rice	5	SINE	3	known_main4	ORSiTEMT01100008
568	human	4	LTR	0	known_main4	MER4D1
569	human	3	LINE	0	known_main4	L1MA6
570	rice	5	SINE	1	known_main4	k_22
571	human	2	DNA	0	known_main4	Arthur1B
572	rice	5	SINE	3	known_main4	ORSiTEMT01100008
573	human	4	LTR	0	known_main4	MLT1D
574	rice	5	SINE	1	known_main4	ORSiTEMT01100011
575	human	4	LTR	4	known_main4	HUERS-P2-int
576	human	2	DNA	1	known_main4	Tigger1
577	human	2	DNA	1	known_main4	Tigger9b
578	rice	5	SINE	1	known_main4	g_PSINE1_GLA
579	human	2	DNA	1	known_main4	Tigger13a
580	human	2	DNA	2	known_main4	Charlie17
581	human	3	LINE	2	known_main4	HAL1b
582	rice	5	SINE	1	known_main4	ORSiTEMT01100010
583	human	3	LINE	0	known_main4	L1ME3F
584	rice	5	SINE	0	known_main4	ORSiTEMT01100008
585	human	3	LINE	4	known_main4	L2a
586	rice	5	SINE	0	known_main4	ORMOSIA
587	rice	5	SINE	0	known_main4	k_24
588	human	2	DNA	2	known_main4	Tigger3b
589	rice	5	SINE	1	known_main4	ORSiTEMT01100008
590	human	3	LINE	2	known_main4	L1MA3
591	human	2	DNA	2	known_main4	Charlie1
592	human	4	LTR	0	known_main4	MER4B-int
593	human	3	LINE	0	known_main4	L3
594	human	4	LTR	0	known_main4	HERV17-int
595	rice	5	SINE	0	known_main4	g_PSINE1_GLA
596	human	3	LINE	2	known_main4	L1MEi
597	human	2	DNA	0	known_main4	HSMAR2
598	human	3	LINE	1	known_main4	L1PA11
599	rice	5	SINE	3	known_main4	ORSiTEMT01100008
600	rice	5	SINE	1	known_main4	CASINE
601	human	3	LINE	0	known_main4	L1PA13
602	rice	5	SINE	0	known_main4	ORSiTEMT01100011
603	human	4	LTR	4	known_main4	LTR40a
604	human	2	DNA	0	known_main4	Tigger1
605	human	3	LINE	0	known_main4	L1ME1
606	human	2	DNA	1	known_main4	Tigger1
607	human	3	LINE	0	known_main4	L1PA8
608	human	4	LTR	1	known_main4	MER4A
609	human	2	DNA	2	known_main4	Charlie21a
610	human	4	LTR	4	known_main4	MER41A
611	human	2	DNA	2	known_main4	Arthur1
612	human	4	LTR	0	known_main4	MER4E1
613	human	4	LTR	4	known_main4	MER39B
614	human	3	LINE	2	known_main4	L1MEc
615	human	4	LTR	4	known_main4	MER39B
616	rice	5	SINE	0	known_main4	ORSiTEMT01100011
617	human	4	LTR	4	known_main4	HERVH-int
618	human	2	DNA	0	known_main4	Arthur1B
619	human	3	LINE	2	known_main4	L1MEc
620	rice	5	SINE	2	known_main4	k_22
621	human	4	LTR	4	known_main4	MLT2A2
622	human	4	LTR	1	known_main4	MER11A
623	human	3	LINE	0	known_main4	L1MB3
624	human	2	DNA	2	known_main4	Tigger1
625	human	4	LTR	4	known_main4	LTR1C3
626	human	2	DNA	2	known_main4	Arthur1
627	rice	5	SINE	0	known_main4	ORSiTEMT01100010
628	rice	5	SINE	2	known_main4	F524
629	human	4	LTR	4	known_main4	LTR8A
630	rice	5	SINE	0	known_main4	ORSiTEMT01100011
631	human	2	DNA	0	known_main4	MER44B
632	rice	5	SINE	1	known_main4	ORSiTEMT01100014
633	human	4	LTR	0	known_main4	MER4-int
634	human	3	LINE	4	known_main4	L2
635	rice	5	SINE	1	known_main4	ORSiTEMT01100008
636	human	4	LTR	0	known_main4	MER41E
637	rice	5	SINE	4	known_main4	ORSiTEMT01100008
638	human	2	DNA	2	known_main4	Charlie2a
639	rice	5	SINE	2	known_main4	k_22
640	human	4	LTR	1	known_main4	HERVH-int
641	human	3	LINE	1	known_main4	L1MD2
642	human	3	LINE	0	known_main4	L1MA8
643	human	2	DNA	2	known_main4	Ricksha_0
644	rice	5	SINE	3	known_main4	ORSiTEMT01100008
645	human	4	LTR	1	known_main4	MER4B
646	human	3	LINE	0	known_main4	L1PA2
647	rice	5	SINE	0	known_main4	ORSiTEMT01100010
648	human	2	DNA	0	known_main4	Tigger6a
649	human	4	LTR	1	known_main4	MER41D
650	human	3	LINE	1	known_main4	L1MC4
651	human	2	DNA	0	known_main4	Tigger1
652	human	3	LINE	0	known_main4	L1PA10
653	human	3	LINE	1	known_main4	L1PA14
654	human	4	LTR	4	known_main4	LTR1F2
655	human	4	LTR	4	known_main4	THE1B-int
656	human	3	LINE	0	known_main4	L1PA16
657	human	2	DNA	2	known_main4	MER45B
658	rice	5	SINE	2	known_main4	ORSiTEMT01100011
659	human	2	DNA	2	known_main4	Tigger3b
660	human	2	DNA	2	known_main4	EuthAT-2
661	human	2	DNA	0	known_main4	MER1A
662	human	4	LTR	4	known_main4	LTR5B
663	human	3	LINE	1	known_main4	L1PB3
664	rice	5	SINE	1	known_main4	k_22
665	human	2	DNA	1	known_main4	Tigger1
666	rice	5	SINE	2	known_main4	ORSiTERT004_777763
667	rice	5	SINE	0	known_main4	k_22
668	human	2	DNA	1	known_main4	Tigger3b
669	rice	5	SINE	1	known_main4	F524
670	human	2	DNA	0	known_main4	Tigger5
671	rice	5	SINE	2	known_main4	k_22
672	human	3	LINE	0	known_main4	L1PB3
673	rice	5	SINE	0	known_main4	ORSiTERT004_783775
674	human	2	DNA	1	known_main4	Tigger1
675	human	3	LINE	4	known_main4	L2a
676	human	2	DNA	4	known_main4	MER1A
677	human	4	LTR	4	known_main4	Harlequin-int
678	rice	5	SINE	1	known_main4	ORSiTEMT01100011
679	rice	5	SINE	3	known_main4	ORSiTEMT01100008
680	human	3	LINE	1	known_main4	L1PB4
681	human	2	DNA	0	known_main4	Tigger3
682	human	3	LINE	2	known_main4	L1MEg
683	human	4	LTR	1	known_main4	THE1B-int
684	human	3	LINE	0	known_main4	L1PA16
685	human	4	LTR	4	known_main4	LTR1B
686	human	4	LTR	4	known_main4	MER41B
687	human	2	DNA	2	known_main4	Charlie25
688	human	3	LINE	0	known_main4	L1M4
689	human	3	LINE	1	known_main4	L1PA7
690	rice	5	SINE	0	known_main4	k_22
691	rice	5	SINE	1	known_main4	ORSiTEMT01100008
692	rice	5	SINE	1	known_main4	k_24
693	human	2	DNA	2	known_main4	Tigger17a
694	human	3	LINE	1	known_main4	L1ME2z
695	human	2	DNA	2	known_main4	Zaphod4a
696	human	2	DNA	2	known_main4	Chap1a_Mam
697	human	4	LTR	1	known_main4	LTR8A
698	human	2	DNA	2	known_main4	Tigger13a
699	human	2	DNA	1	known_main4	Tigger1
700	human	4	LTR	1	known_main4	LTR6B
701	human	4	LTR	0	known_main4	MER4D1
702	human	2	DNA	2	known_main4	Arthur1
703	human	3	LINE	0	known_main4	L2a
704	human	3	LINE	1	known_main4	L1P4a
705	human	3	LINE	0	known_main4	L1PA4
706	human	2	DNA	0	known_main4	Tigger1
707	human	4	LTR	1	known_main4	ERV3-16A3_I-int
708	human	2	DNA	0	known_main4	Tigger1
709	human	3	LINE	0	known_main4	L1PA4
710	rice	5	SINE	4	known_main4	ORSiTEMT01100008
711	human	2	DNA	0	known_main4	Tigger1
712	human	3	LINE	0	known_main4	L1PA8
713	human	2	DNA	2	known_main4	Charlie1b
714	human	4	LTR	4	known_main4	MLT1D
715	human	3	LINE	4	known_main4	L1PA10
716	rice	5	SINE	4	known_main4	k_22
717	human	2	DNA	2	known_main4	Charlie2b
718	human	3	LINE	0	known_main4	L1PA4
719	human	4	LTR	4	known_main4	MER61E
720	human	4	LTR	4	known_main4	LTR8
721	rice	5	SINE	1	known_main4	ORSiTEMT01100010
722	human	3	LINE	2	known_main4	L1ME2
723	rice	5	SINE	0	known_main4	ORSiTEMT01100014
724	rice	5	SINE	0	known_main4	ORSiTEMT01100009
725	rice	5	SINE	2	known_main4	k_22
726	human	2	DNA	0	known_main4	Tigger1
727	rice	5	SINE	4	known_main4	ORSiTEMT01100014
728	human	3	LINE	2	known_main4	L1M4
729	human	4	LTR	4	known_main4	MLT2B4
730	human	4	LTR	4	known_main4	MER52A
731	human	3	LINE	1	known_main4	L1M6
732	rice	5	SINE	2	known_main4	ORSiTEMT01100008
733	human	2	DNA	1	known_main4	HSMAR2
734	human	4	LTR	4	known_main4	MLT1N2
735	human	2	DNA	1	known_main4	Tigger1
736	rice	5	SINE	0	known_main4	k_24
737	human	2	DNA	2	known_main4	Tigger2
738	rice	5	SINE	0	known_main4	k_22
739	rice	5	SINE	3	known_main4	ORSiTEMT01100008
740	human	3	LINE	1	known_main4	L1PB4
741	human	2	DNA	2	known_main4	Charlie17
742	human	2	DNA	2	known_main4	EuthAT-2
743	rice	5	SINE	1	known_main4	ORSiTEMT01100014
744	human	3	LINE	2	known_main4	L1ME3Cz
745	human	2	DNA	0	known_main4	BLACKJACK
746	human	4	LTR	4	known_main4	LTR8B
747	human	2	DNA	1	known_main4	Tigger1
748	human	4	LTR	4	known_main4	MER41A
749	human	3	LINE	1	known_main4	L1MA4A
750	human	3	LINE	1	known_main4	L2
751	human	2	DNA	1	known_main4	Tigger4
752	human	2	DNA	2	known_main4	Charlie2a
753	human	4	LTR	4	known_main4	LTR1C3
754	human	4	LTR	0	known_main4	THE1D-int
755	human	2	DNA	4	known_main4	Tigger17a
756	human	3	LINE	0	known_main4	L1M3
757	human	3	LINE	2	known_main4	L1MEg
758	human	4	LTR	0	known_main4	MamGypsy2-I
759	human	3	LINE	0	known_main4	L1PA10
760	human	2	DNA	2	known_main4	MER106B
761	human	4	LTR	4	known_main4	MER41B
762	human	2	DNA	1	known_main4	Tigger1
763	human	2	DNA	2	known_main4	Charlie2b
764	human	4	LTR	1	known_main4	LTR26D
765	human	2	DNA	1	known_main4	Tigger1
766	human	4	LTR	4	known_main4	THE1A-int
767	human	3	LINE	0	known_main4	L1MC5a
768	human	2	DNA	1	known_main4	Tigger2
769	human	2	DNA	2	known_main4	Tigger13a
770	human	3	LINE	0	known_main4	L1PA8
771	human	2	DNA	0	known_main4	Charlie1a
772	human	3	LINE	1	known_main4	L1PA7
773	human	4	LTR	1	known_main4	MER4B
774	human	3	LINE	0	known_main4	L1MEi
775	human	2	DNA	0	known_main4	HSMAR1
776	human	3	LINE	0	known_main4	L1MA2
777	human	2	DNA	2	known_main4	Kanga2_a
778	human	4	LTR	0	known_main4	MLT1L
779	human	3	LINE	1	known_main4	L1MD2
780	human	2	DNA	4	known_main4	Tigger1
781	human	4	LTR	4	known_main4	MLT2B4
782	human	2	DNA	4	known_main4	FordPrefect
783	human	4	LTR	1	known_main4	THE1A-int
784	human	2	DNA	2	known_main4	Tigger3b
785	human	3	LINE	0	known_main4	L2
786	human	2	DNA	2	known_main4	Charlie2b
787	human	4	LTR	4	known_main4	MER77
788	human	4	LTR	1	known_main4	LTR26E
789	human	2	DNA	2	known_main4	Charlie9
790	human	2	DNA	2	known_main4	EuthAT-2
791	human	3	LINE	0	known_main4	L1MC5a
792	human	3	LINE	0	known_main4	L1M5
793	human	2	DNA	1	known_main4	Tigger1
794	human	2	DNA	2	known_main4	BLACKJACK
795	human	2	DNA	2	known_main4	Tigger3b
796	human	4	LTR	4	known_main4	MER21C
797	human	3	LINE	1	known_main4	L2a
798	human	2	DNA	0	known_main4	Tigger15a
799	human	4	LTR	1	known_main4	MLT1A0-int
800	human	4	LTR	4	known_main4	MER39B
801	human	4	LTR	4	known_main4	MLT1E1A
802	human	2	DNA	0	known_main4	HSMAR2
803	human	4	LTR	2	known_main4	LOR1-int
804	human	3	LINE	1	known_main4	L1PA11
805	human	3	LINE	1	known_main4	L1MB3
806	human	4	LTR	4	known_main4	HERV4_I-int
807	human	2	DNA	4	known_main4	MER1A
808	human	4	LTR	4	known_main4	HERVL40-int
809	human	2	DNA	0	known_main4	HSMAR2
810	human	3	LINE	2	known_main4	L1ME2
811	human	4	LTR	4	known_main4	LTR9D
812	human	3	LINE	4	known_main4	L1ME3D
813	human	2	DNA	4	known_main4	MER1A
814	human	3	LINE	1	known_main4	L1MCc
815	human	2	DNA	4	known_main4	Ricksha_c
816	human	3	LINE	1	known_main4	L1MB7
817	human	2	DNA	1	known_main4	Tigger1
818	human	3	LINE	0	known_main4	L1MEc
819	human	3	LINE	0	known_main4	L1ME1
820	human	2	DNA	2	known_main4	Tigger2
821	human	3	LINE	0	known_main4	L1MEd
822	human	4	LTR	4	known_main4	LTR8
823	human	2	DNA	0	known_main4	Charlie3
824	human	2	DNA	2	known_main4	Charlie1a
825	human	4	LTR	4	known_main4	MER21C
826	human	4	LTR	0	known_main4	LTR6A
827	human	3	LINE	4	known_main4	L1P4a
828	human	3	LINE	2	known_main4	L1M5
829	human	4	LTR	4	known_main4	HERVE_a-int
830	human	3	LINE	1	known_main4	L2
831	human	2	DNA	0	known_main4	HSMAR2
832	human	2	DNA	0	known_main4	MER106B
833	human	2	DNA	1	known_main4	Charlie29a
834	human	2	DNA	0	known_main4	Charlie1a
835	human	4	LTR	1	known_main4	LTR48
836	human	3	LINE	2	known_main4	L1MC4a
837	human	2	DNA	0	known_main4	Tigger1
838	human	2	DNA	2	known_main4	Tigger3b
839	human	4	LTR	4	known_main4	MER41A
840	human	2	DNA	2	known_main4	Ricksha_0
841	human	3	LINE	1	known_main4	L2a
842	human	3	LINE	0	known_main4	L1PB4
843	human	2	DNA	4	known_main4	MER1A
844	human	4	LTR	4	known_main4	MLT1F2
845	human	3	LINE	1	known_main4	L1ME3A
846	human	4	LTR	0	known_main4	LTR62
847	human	4	LTR	1	known_main4	HERV1_LTRb
848	human	3	LINE	1	known_main4	L1MD2
849	human	3	LINE	1	known_main4	L1PA8
850	human	4	LTR	1	known_main4	MER4B
851	human	4	LTR	0	known_main4	MER41C
852	human	2	DNA	2	known_main4	Charlie25
853	human	4	LTR	4	known_main4	LTR49
854	human	2	DNA	2	known_main4	Charlie5
855	human	4	LTR	4	known_main4	LTR27D
856	human	4	LTR	4	known_main4	MLT1B-int
857	human	4	LTR	4	known_main4	HERVE_a-int
858	human	2	DNA	2	known_main4	Charlie2b
859	human	2	DNA	1	known_main4	Tigger17a
860	human	2	DNA	4	known_main4	MER1A
861	human	4	LTR	4	known_main4	MER39B
862	human	3	LINE	0	known_main4	L1PA3
863	human	4	LTR	0	known_main4	MER11C
864	human	3	LINE	0	known_main4	L1MA9
865	human	4	LTR	4	known_main4	HERVH-int
866	human	4	LTR	4	known_main4	HERVL-int
867	human	2	DNA	0	known_main4	Tigger1
868	human	3	LINE	1	known_main4	L1MA5
869	human	4	LTR	0	known_main4	LTR8B
870	human	4	LTR	4	known_main4	MLT1E1A
871	human	3	LINE	0	known_main4	L1MB4
872	human	4	LTR	4	known_main4	LTR40a
873	human	2	DNA	4	known_main4	MER1A
874	human	4	LTR	4	known_main4	MSTA-int
875	human	4	LTR	4	known_main4	LTR34
876	human	4	LTR	0	known_main4	LOR1-int
877	human	2	DNA	0	known_main4	Tigger1
878	human	2	DNA	0	known_main4	MER6
879	human	2	DNA	2	known_main4	Tigger13a
880	brachypodium	1	BG	3	background_strict_negative	background
881	sorghum	1	BG	1	background_strict_negative	background
882	x_laevis	1	BG	2	background_strict_negative	background
883	red_flour_beetle	1	BG	2	background_strict_negative	background
884	red_flour_beetle	1	BG	2	background_strict_negative	background
885	red_flour_beetle	1	BG	2	background_strict_negative	background
886	brachypodium	1	BG	4	background_strict_negative	background
887	human	1	BG	4	background_strict_negative	background
888	lizard	1	BG	1	background_strict_negative	background
889	western_honey_bee	1	BG	2	background_strict_negative	background
890	thale_cress	1	BG	0	background_strict_negative	background
891	thale_cress	1	BG	1	background_strict_negative	background
892	red_flour_beetle	1	BG	2	background_strict_negative	background
893	brachypodium	1	BG	4	background_strict_negative	background
894	western_honey_bee	1	BG	2	background_strict_negative	background
895	teosinte	1	BG	0	background_strict_negative	background
896	brachypodium	1	BG	0	background_strict_negative	background
897	western_honey_bee	1	BG	2	background_strict_negative	background
898	thale_cress	1	BG	2	background_strict_negative	background
899	red_flour_beetle	1	BG	0	background_strict_negative	background
900	red_flour_beetle	1	BG	2	background_strict_negative	background
901	brachypodium	1	BG	1	background_strict_negative	background
902	brachypodium	1	BG	1	background_strict_negative	background
903	soybean	1	BG	2	background_strict_negative	background
904	red_flour_beetle	1	BG	2	background_strict_negative	background
905	brachypodium	1	BG	3	background_strict_negative	background
906	western_honey_bee	1	BG	2	background_strict_negative	background
907	red_flour_beetle	1	BG	4	background_strict_negative	background
908	thale_cress	1	BG	2	background_strict_negative	background
909	red_flour_beetle	1	BG	2	background_strict_negative	background
910	western_honey_bee	1	BG	0	background_strict_negative	background
911	brachypodium	1	BG	1	background_strict_negative	background
912	red_flour_beetle	1	BG	2	background_strict_negative	background
913	red_flour_beetle	1	BG	2	background_strict_negative	background
914	c_elegans	1	BG	2	background_strict_negative	background
915	red_flour_beetle	1	BG	2	background_strict_negative	background
916	x_laevis	1	BG	2	background_strict_negative	background
917	x_laevis	1	BG	1	background_strict_negative	background
918	red_flour_beetle	1	BG	2	background_strict_negative	background
919	soybean	1	BG	1	background_strict_negative	background
920	thale_cress	1	BG	2	background_strict_negative	background
921	red_flour_beetle	1	BG	2	background_strict_negative	background
922	pig	1	BG	3	background_strict_negative	background
923	soybean	1	BG	0	background_strict_negative	background
924	western_honey_bee	1	BG	1	background_strict_negative	background
925	lizard	1	BG	2	background_strict_negative	background
926	western_honey_bee	1	BG	1	background_strict_negative	background
927	c_elegans	1	BG	2	background_strict_negative	background
928	western_honey_bee	1	BG	2	background_strict_negative	background
929	red_flour_beetle	1	BG	2	background_strict_negative	background
930	fruit_fly	1	BG	0	background_strict_negative	background
931	lizard	1	BG	0	background_strict_negative	background
932	brachypodium	1	BG	3	background_strict_negative	background
933	western_honey_bee	1	BG	2	background_strict_negative	background
934	red_flour_beetle	1	BG	2	background_strict_negative	background
935	western_honey_bee	1	BG	2	background_strict_negative	background
936	western_honey_bee	1	BG	2	background_strict_negative	background
937	x_laevis	1	BG	0	background_strict_negative	background
938	brachypodium	1	BG	3	background_strict_negative	background
939	red_flour_beetle	1	BG	1	background_strict_negative	background
940	western_honey_bee	1	BG	2	background_strict_negative	background
941	brachypodium	1	BG	1	background_strict_negative	background
942	western_honey_bee	1	BG	1	background_strict_negative	background
943	lizard	1	BG	1	background_strict_negative	background
944	western_honey_bee	1	BG	1	background_strict_negative	background
945	western_honey_bee	1	BG	2	background_strict_negative	background
946	western_honey_bee	1	BG	2	background_strict_negative	background
947	western_honey_bee	1	BG	2	background_strict_negative	background
948	brachypodium	1	BG	3	background_strict_negative	background
949	western_honey_bee	1	BG	2	background_strict_negative	background
950	red_flour_beetle	1	BG	1	background_strict_negative	background
951	western_honey_bee	1	BG	0	background_strict_negative	background
952	c_elegans	1	BG	2	background_strict_negative	background
953	teosinte	1	BG	0	background_strict_negative	background
954	red_flour_beetle	1	BG	2	background_strict_negative	background
955	red_flour_beetle	1	BG	0	background_strict_negative	background
956	red_flour_beetle	1	BG	2	background_strict_negative	background
957	thale_cress	1	BG	0	background_strict_negative	background
958	red_flour_beetle	1	BG	0	background_strict_negative	background
959	western_honey_bee	1	BG	2	background_strict_negative	background
960	thale_cress	1	BG	0	background_strict_negative	background
961	western_honey_bee	1	BG	0	background_strict_negative	background
962	red_flour_beetle	1	BG	2	background_strict_negative	background
963	red_flour_beetle	1	BG	1	background_strict_negative	background
964	brachypodium	1	BG	1	background_strict_negative	background
965	brachypodium	1	BG	1	background_strict_negative	background
966	western_honey_bee	1	BG	1	background_strict_negative	background
967	brachypodium	1	BG	0	background_strict_negative	background
968	western_honey_bee	1	BG	2	background_strict_negative	background
969	x_laevis	1	BG	1	background_strict_negative	background
970	western_honey_bee	1	BG	1	background_strict_negative	background
971	western_honey_bee	1	BG	0	background_strict_negative	background
972	red_flour_beetle	1	BG	0	background_strict_negative	background
973	lizard	1	BG	0	background_strict_negative	background
974	red_flour_beetle	1	BG	1	background_strict_negative	background
975	red_flour_beetle	1	BG	2	background_strict_negative	background
976	brachypodium	1	BG	3	background_strict_negative	background
977	western_honey_bee	1	BG	1	background_strict_negative	background
978	horse	1	BG	4	background_strict_negative	background
979	red_flour_beetle	1	BG	2	background_strict_negative	background
980	western_honey_bee	1	BG	2	background_strict_negative	background
981	thale_cress	1	BG	2	background_strict_negative	background
982	western_honey_bee	1	BG	1	background_strict_negative	background
983	fruit_fly	1	BG	1	background_strict_negative	background
984	red_flour_beetle	1	BG	1	background_strict_negative	background
985	western_honey_bee	1	BG	1	background_strict_negative	background
986	red_flour_beetle	1	BG	1	background_strict_negative	background
987	western_honey_bee	1	BG	3	background_strict_negative	background
988	sorghum	1	BG	1	background_strict_negative	background
989	red_flour_beetle	1	BG	4	background_strict_negative	background
990	western_honey_bee	1	BG	1	background_strict_negative	background
991	western_honey_bee	1	BG	1	background_strict_negative	background
992	red_flour_beetle	1	BG	0	background_strict_negative	background
993	brachypodium	1	BG	1	background_strict_negative	background
994	western_honey_bee	1	BG	2	background_strict_negative	background
995	western_honey_bee	1	BG	2	background_strict_negative	background
996	brachypodium	1	BG	4	background_strict_negative	background
997	brachypodium	1	BG	0	background_strict_negative	background
998	soybean	1	BG	2	background_strict_negative	background
999	brachypodium	1	BG	0	background_strict_negative	background
1000	thale_cress	1	BG	0	background_strict_negative	background
1001	human	1	BG	4	background_strict_negative	background
1002	red_flour_beetle	1	BG	2	background_strict_negative	background
1003	western_honey_bee	1	BG	2	background_strict_negative	background
1004	red_flour_beetle	1	BG	2	background_strict_negative	background
1005	brachypodium	1	BG	1	background_strict_negative	background
1006	x_laevis	1	BG	2	background_strict_negative	background
1007	soybean	1	BG	0	background_strict_negative	background
1008	sorghum	1	BG	3	background_strict_negative	background
1009	lizard	1	BG	2	background_strict_negative	background
1010	x_laevis	1	BG	1	background_strict_negative	background
1011	brachypodium	1	BG	4	background_strict_negative	background
1012	teosinte	1	BG	0	background_strict_negative	background
1013	red_flour_beetle	1	BG	0	background_strict_negative	background
1014	lizard	1	BG	0	background_strict_negative	background
1015	brachypodium	1	BG	1	background_strict_negative	background
1016	lizard	1	BG	0	background_strict_negative	background
1017	lizard	1	BG	0	background_strict_negative	background
1018	brachypodium	1	BG	1	background_strict_negative	background
1019	rice	1	BG	0	background_strict_negative	background
1020	western_honey_bee	1	BG	2	background_strict_negative	background
1021	red_flour_beetle	1	BG	2	background_strict_negative	background
1022	red_flour_beetle	1	BG	1	background_strict_negative	background
1023	brachypodium	1	BG	1	background_strict_negative	background
1024	lizard	1	BG	0	background_strict_negative	background
1025	c_elegans	1	BG	1	background_strict_negative	background
1026	teosinte	1	BG	0	background_strict_negative	background
1027	western_honey_bee	1	BG	1	background_strict_negative	background
1028	human	1	BG	4	background_strict_negative	background
1029	brachypodium	1	BG	2	background_strict_negative	background
1030	western_honey_bee	1	BG	2	background_strict_negative	background
1031	thale_cress	1	BG	2	background_strict_negative	background
1032	red_flour_beetle	1	BG	2	background_strict_negative	background
1033	red_flour_beetle	1	BG	2	background_strict_negative	background
1034	human	1	BG	4	background_strict_negative	background
1035	c_elegans	1	BG	2	background_strict_negative	background
1036	lizard	1	BG	1	background_strict_negative	background
1037	thale_cress	1	BG	0	background_strict_negative	background
1038	soybean	1	BG	2	background_strict_negative	background
1039	western_honey_bee	1	BG	2	background_strict_negative	background
1040	red_flour_beetle	1	BG	2	background_strict_negative	background
1041	brachypodium	1	BG	4	background_strict_negative	background
1042	western_honey_bee	1	BG	2	background_strict_negative	background
1043	soybean	1	BG	1	background_strict_negative	background
1044	teosinte	1	BG	0	background_strict_negative	background
1045	brachypodium	1	BG	0	background_strict_negative	background
1046	red_flour_beetle	1	BG	2	background_strict_negative	background
1047	western_honey_bee	1	BG	1	background_strict_negative	background
1048	x_laevis	1	BG	0	background_strict_negative	background
1049	brachypodium	1	BG	1	background_strict_negative	background
1050	thale_cress	1	BG	1	background_strict_negative	background
1051	red_flour_beetle	1	BG	0	background_strict_negative	background
1052	brachypodium	1	BG	3	background_strict_negative	background
1053	western_honey_bee	1	BG	1	background_strict_negative	background
1054	lizard	1	BG	2	background_strict_negative	background
1055	red_flour_beetle	1	BG	2	background_strict_negative	background
1056	western_honey_bee	1	BG	2	background_strict_negative	background
1057	red_flour_beetle	1	BG	0	background_strict_negative	background
1058	x_laevis	1	BG	0	background_strict_negative	background
1059	western_honey_bee	1	BG	2	background_strict_negative	background
1060	western_honey_bee	1	BG	2	background_strict_negative	background
1061	brachypodium	1	BG	3	background_strict_negative	background
1062	lizard	1	BG	0	background_strict_negative	background
1063	brachypodium	1	BG	1	background_strict_negative	background
1064	brachypodium	1	BG	3	background_strict_negative	background
1065	red_flour_beetle	1	BG	2	background_strict_negative	background
1066	maize	1	BG	0	background_strict_negative	background
1067	lizard	1	BG	1	background_strict_negative	background
1068	red_flour_beetle	1	BG	2	background_strict_negative	background
1069	western_honey_bee	1	BG	1	background_strict_negative	background
1070	western_honey_bee	1	BG	2	background_strict_negative	background
1071	western_honey_bee	1	BG	2	background_strict_negative	background
1072	western_honey_bee	1	BG	1	background_strict_negative	background
1073	western_honey_bee	1	BG	2	background_strict_negative	background
1074	teosinte	1	BG	0	background_strict_negative	background
1075	red_flour_beetle	1	BG	0	background_strict_negative	background
1076	rice	1	BG	1	background_strict_negative	background
1077	brachypodium	1	BG	1	background_strict_negative	background
1078	western_honey_bee	1	BG	2	background_strict_negative	background
1079	teosinte	1	BG	0	background_strict_negative	background
1080	red_flour_beetle	1	BG	2	background_strict_negative	background
1081	red_flour_beetle	1	BG	2	background_strict_negative	background
1082	soybean	1	BG	4	background_strict_negative	background
1083	brachypodium	1	BG	3	background_strict_negative	background
1084	western_honey_bee	1	BG	2	background_strict_negative	background
1085	thale_cress	1	BG	0	background_strict_negative	background
1086	western_honey_bee	1	BG	0	background_strict_negative	background
1087	red_flour_beetle	1	BG	1	background_strict_negative	background
1088	x_laevis	1	BG	2	background_strict_negative	background
1089	lizard	1	BG	0	background_strict_negative	background
1090	western_honey_bee	1	BG	0	background_strict_negative	background
1091	red_flour_beetle	1	BG	2	background_strict_negative	background
1092	sorghum	1	BG	0	background_strict_negative	background
1093	teosinte	1	BG	0	background_strict_negative	background
1094	soybean	1	BG	2	background_strict_negative	background
1095	soybean	1	BG	0	background_strict_negative	background
1096	thale_cress	1	BG	1	background_strict_negative	background
1097	brachypodium	1	BG	1	background_strict_negative	background
1098	western_honey_bee	1	BG	2	background_strict_negative	background
1099	western_honey_bee	1	BG	0	background_strict_negative	background
1100	lizard	1	BG	0	background_strict_negative	background
1101	western_honey_bee	1	BG	2	background_strict_negative	background
1102	western_honey_bee	1	BG	2	background_strict_negative	background
1103	human	1	BG	4	background_strict_negative	background
1104	horse	1	BG	4	background_strict_negative	background
1105	red_flour_beetle	1	BG	1	background_strict_negative	background
1106	lizard	1	BG	0	background_strict_negative	background
1107	soybean	1	BG	2	background_strict_negative	background
1108	soybean	1	BG	0	background_strict_negative	background
1109	western_honey_bee	1	BG	2	background_strict_negative	background
1110	western_honey_bee	1	BG	1	background_strict_negative	background
1111	lizard	1	BG	1	background_strict_negative	background
1112	brachypodium	1	BG	0	background_strict_negative	background
1113	western_honey_bee	1	BG	2	background_strict_negative	background
1114	western_honey_bee	1	BG	2	background_strict_negative	background
1115	red_flour_beetle	1	BG	1	background_strict_negative	background
1116	thale_cress	1	BG	0	background_strict_negative	background
1117	brachypodium	1	BG	1	background_strict_negative	background
1118	red_flour_beetle	1	BG	2	background_strict_negative	background
1119	red_flour_beetle	1	BG	2	background_strict_negative	background
1120	soybean	1	BG	2	background_strict_negative	background
1121	thale_cress	1	BG	0	background_strict_negative	background
1122	sorghum	1	BG	0	background_strict_negative	background
1123	brachypodium	1	BG	1	background_strict_negative	background
1124	soybean	1	BG	0	background_strict_negative	background
1125	soybean	1	BG	2	background_strict_negative	background
1126	western_honey_bee	1	BG	2	background_strict_negative	background
1127	soybean	1	BG	2	background_strict_negative	background
1128	brachypodium	1	BG	1	background_strict_negative	background
1129	red_flour_beetle	1	BG	2	background_strict_negative	background
1130	teosinte	1	BG	0	background_strict_negative	background
1131	soybean	1	BG	1	background_strict_negative	background
1132	lizard	1	BG	2	background_strict_negative	background
1133	lizard	1	BG	4	background_strict_negative	background
1134	soybean	1	BG	2	background_strict_negative	background
1135	red_flour_beetle	1	BG	0	background_strict_negative	background
1136	teosinte	1	BG	0	background_strict_negative	background
1137	brachypodium	1	BG	1	background_strict_negative	background
1138	teosinte	1	BG	0	background_strict_negative	background
1139	teosinte	1	BG	4	background_strict_negative	background
