panel	variant	true_len_bin	true_segments_bin	missed_true_rate_bin	split_true_rate_bin	mean_fragments_per_true_bin
human_test	raw_t0.20	lt80	56	0.5357142857142857	0.125	0.75
human_test	raw_t0.20	80_300	129	0.2248062015503876	0.14728682170542637	1.1317829457364341
human_test	raw_t0.20	300_1000	54	0.05555555555555555	0.14814814814814814	1.3888888888888888
human_test	raw_t0.20	ge1000	5	0.0	0.6	24.0
human_test	gap25_min40_t0.20	lt80	56	0.5535714285714286	0.0	0.44642857142857145
human_test	gap25_min40_t0.20	80_300	129	0.23255813953488372	0.015503875968992248	0.7829457364341085
human_test	gap25_min40_t0.20	300_1000	54	0.05555555555555555	0.018518518518518517	0.9629629629629629
human_test	gap25_min40_t0.20	ge1000	5	0.0	0.2	2.4
human_test	gap50_min80_t0.20	lt80	56	0.5535714285714286	0.0	0.44642857142857145
human_test	gap50_min80_t0.20	80_300	129	0.24806201550387597	0.0	0.751937984496124
human_test	gap50_min80_t0.20	300_1000	54	0.05555555555555555	0.018518518518518517	0.9629629629629629
human_test	gap50_min80_t0.20	ge1000	5	0.0	0.2	1.8
human_test	gap100_min100_t0.20	lt80	56	0.5892857142857143	0.0	0.4107142857142857
human_test	gap100_min100_t0.20	80_300	129	0.26356589147286824	0.0	0.7364341085271318
human_test	gap100_min100_t0.20	300_1000	54	0.05555555555555555	0.018518518518518517	0.9629629629629629
human_test	gap100_min100_t0.20	ge1000	5	0.0	0.2	1.4
human_test	raw_t0.30	lt80	56	0.5714285714285714	0.08928571428571429	0.6607142857142857
human_test	raw_t0.30	80_300	129	0.24031007751937986	0.16279069767441862	1.0852713178294573
human_test	raw_t0.30	300_1000	54	0.05555555555555555	0.12962962962962962	1.4814814814814814
human_test	raw_t0.30	ge1000	5	0.0	0.6	41.2
human_test	gap25_min40_t0.30	lt80	56	0.6071428571428571	0.0	0.39285714285714285
human_test	gap25_min40_t0.30	80_300	129	0.24031007751937986	0.015503875968992248	0.7751937984496124
human_test	gap25_min40_t0.30	300_1000	54	0.05555555555555555	0.018518518518518517	0.9814814814814815
human_test	gap25_min40_t0.30	ge1000	5	0.0	0.2	3.2
human_test	gap50_min80_t0.30	lt80	56	0.5892857142857143	0.0	0.4107142857142857
human_test	gap50_min80_t0.30	80_300	129	0.2558139534883721	0.007751937984496124	0.751937984496124
human_test	gap50_min80_t0.30	300_1000	54	0.05555555555555555	0.018518518518518517	0.9629629629629629
human_test	gap50_min80_t0.30	ge1000	5	0.0	0.2	2.0
human_test	gap100_min100_t0.30	lt80	56	0.625	0.0	0.375
human_test	gap100_min100_t0.30	80_300	129	0.27906976744186046	0.0	0.7209302325581395
human_test	gap100_min100_t0.30	300_1000	54	0.05555555555555555	0.018518518518518517	0.9629629629629629
human_test	gap100_min100_t0.30	ge1000	5	0.0	0.2	1.4
human_test	raw_t0.40	lt80	56	0.6071428571428571	0.08928571428571429	0.6607142857142857
human_test	raw_t0.40	80_300	129	0.24806201550387597	0.15503875968992248	1.1317829457364341
human_test	raw_t0.40	300_1000	54	0.05555555555555555	0.16666666666666666	1.3888888888888888
human_test	raw_t0.40	ge1000	5	0.0	0.6	96.0
human_test	gap25_min40_t0.40	lt80	56	0.625	0.0	0.375
human_test	gap25_min40_t0.40	80_300	129	0.24806201550387597	0.007751937984496124	0.7596899224806202
human_test	gap25_min40_t0.40	300_1000	54	0.05555555555555555	0.037037037037037035	0.9814814814814815
human_test	gap25_min40_t0.40	ge1000	5	0.0	0.2	3.6
human_test	gap50_min80_t0.40	lt80	56	0.625	0.0	0.375
human_test	gap50_min80_t0.40	80_300	129	0.26356589147286824	0.007751937984496124	0.7441860465116279
human_test	gap50_min80_t0.40	300_1000	54	0.05555555555555555	0.0	0.9444444444444444
human_test	gap50_min80_t0.40	ge1000	5	0.0	0.2	2.6
human_test	gap100_min100_t0.40	lt80	56	0.6785714285714286	0.0	0.32142857142857145
human_test	gap100_min100_t0.40	80_300	129	0.2868217054263566	0.0	0.7131782945736435
human_test	gap100_min100_t0.40	300_1000	54	0.05555555555555555	0.0	0.9444444444444444
human_test	gap100_min100_t0.40	ge1000	5	0.0	0.2	1.8
human_test	raw_t0.50	lt80	56	0.625	0.08928571428571429	0.5892857142857143
human_test	raw_t0.50	80_300	129	0.24806201550387597	0.1937984496124031	1.1395348837209303
human_test	raw_t0.50	300_1000	54	0.05555555555555555	0.2037037037037037	1.7592592592592593
human_test	raw_t0.50	ge1000	5	0.0	0.8	141.0
human_test	gap25_min40_t0.50	lt80	56	0.6428571428571429	0.0	0.35714285714285715
human_test	gap25_min40_t0.50	80_300	129	0.2558139534883721	0.007751937984496124	0.751937984496124
human_test	gap25_min40_t0.50	300_1000	54	0.05555555555555555	0.037037037037037035	0.9814814814814815
human_test	gap25_min40_t0.50	ge1000	5	0.0	0.2	5.2
human_test	gap50_min80_t0.50	lt80	56	0.6785714285714286	0.0	0.32142857142857145
human_test	gap50_min80_t0.50	80_300	129	0.27906976744186046	0.007751937984496124	0.7286821705426356
human_test	gap50_min80_t0.50	300_1000	54	0.05555555555555555	0.0	0.9444444444444444
human_test	gap50_min80_t0.50	ge1000	5	0.0	0.2	3.4
human_test	gap100_min100_t0.50	lt80	56	0.6964285714285714	0.0	0.30357142857142855
human_test	gap100_min100_t0.50	80_300	129	0.2868217054263566	0.0	0.7131782945736435
human_test	gap100_min100_t0.50	300_1000	54	0.05555555555555555	0.0	0.9444444444444444
human_test	gap100_min100_t0.50	ge1000	5	0.0	0.2	2.4
human_test	raw_t0.60	lt80	56	0.6428571428571429	0.07142857142857142	0.5714285714285714
human_test	raw_t0.60	80_300	129	0.24806201550387597	0.20930232558139536	1.1395348837209303
human_test	raw_t0.60	300_1000	54	0.05555555555555555	0.24074074074074073	1.7407407407407407
human_test	raw_t0.60	ge1000	5	0.0	0.8	148.8
human_test	gap25_min40_t0.60	lt80	56	0.6607142857142857	0.0	0.3392857142857143
human_test	gap25_min40_t0.60	80_300	129	0.2558139534883721	0.007751937984496124	0.751937984496124
human_test	gap25_min40_t0.60	300_1000	54	0.05555555555555555	0.018518518518518517	0.9629629629629629
human_test	gap25_min40_t0.60	ge1000	5	0.0	0.2	6.0
human_test	gap50_min80_t0.60	lt80	56	0.7321428571428571	0.0	0.26785714285714285
human_test	gap50_min80_t0.60	80_300	129	0.27906976744186046	0.007751937984496124	0.7286821705426356
human_test	gap50_min80_t0.60	300_1000	54	0.05555555555555555	0.0	0.9444444444444444
human_test	gap50_min80_t0.60	ge1000	5	0.0	0.2	3.6
human_test	gap100_min100_t0.60	lt80	56	0.7678571428571429	0.0	0.23214285714285715
human_test	gap100_min100_t0.60	80_300	129	0.29457364341085274	0.0	0.7054263565891473
human_test	gap100_min100_t0.60	300_1000	54	0.05555555555555555	0.0	0.9444444444444444
human_test	gap100_min100_t0.60	ge1000	5	0.0	0.2	3.0
human_test	raw_t0.70	lt80	56	0.6607142857142857	0.10714285714285714	0.5714285714285714
human_test	raw_t0.70	80_300	129	0.26356589147286824	0.20930232558139536	1.1317829457364341
human_test	raw_t0.70	300_1000	54	0.05555555555555555	0.2222222222222222	1.4444444444444444
human_test	raw_t0.70	ge1000	5	0.0	1.0	127.2
human_test	gap25_min40_t0.70	lt80	56	0.6785714285714286	0.0	0.32142857142857145
human_test	gap25_min40_t0.70	80_300	129	0.2713178294573643	0.007751937984496124	0.7364341085271318
human_test	gap25_min40_t0.70	300_1000	54	0.05555555555555555	0.018518518518518517	0.9629629629629629
human_test	gap25_min40_t0.70	ge1000	5	0.0	0.4	4.8
human_test	gap50_min80_t0.70	lt80	56	0.7857142857142857	0.0	0.21428571428571427
human_test	gap50_min80_t0.70	80_300	129	0.29457364341085274	0.007751937984496124	0.7131782945736435
human_test	gap50_min80_t0.70	300_1000	54	0.05555555555555555	0.018518518518518517	0.9629629629629629
human_test	gap50_min80_t0.70	ge1000	5	0.0	0.2	3.4
human_test	gap100_min100_t0.70	lt80	56	0.7857142857142857	0.0	0.21428571428571427
human_test	gap100_min100_t0.70	80_300	129	0.32558139534883723	0.0	0.6744186046511628
human_test	gap100_min100_t0.70	300_1000	54	0.05555555555555555	0.0	0.9444444444444444
human_test	gap100_min100_t0.70	ge1000	5	0.0	0.2	3.0
human_test	raw_t0.80	lt80	56	0.6964285714285714	0.03571428571428571	0.375
human_test	raw_t0.80	80_300	129	0.2713178294573643	0.27906976744186046	1.3410852713178294
human_test	raw_t0.80	300_1000	54	0.05555555555555555	0.3148148148148148	1.5
human_test	raw_t0.80	ge1000	5	0.0	1.0	71.4
human_test	gap25_min40_t0.80	lt80	56	0.7142857142857143	0.0	0.2857142857142857
human_test	gap25_min40_t0.80	80_300	129	0.2713178294573643	0.007751937984496124	0.7364341085271318
human_test	gap25_min40_t0.80	300_1000	54	0.05555555555555555	0.018518518518518517	0.9629629629629629
human_test	gap25_min40_t0.80	ge1000	5	0.0	0.6	6.2
human_test	gap50_min80_t0.80	lt80	56	0.8392857142857143	0.0	0.16071428571428573
human_test	gap50_min80_t0.80	80_300	129	0.3023255813953488	0.007751937984496124	0.7054263565891473
human_test	gap50_min80_t0.80	300_1000	54	0.07407407407407407	0.018518518518518517	0.9444444444444444
human_test	gap50_min80_t0.80	ge1000	5	0.0	0.4	3.0
human_test	gap100_min100_t0.80	lt80	56	0.8392857142857143	0.0	0.16071428571428573
human_test	gap100_min100_t0.80	80_300	129	0.3333333333333333	0.0	0.6666666666666666
human_test	gap100_min100_t0.80	300_1000	54	0.07407407407407407	0.0	0.9259259259259259
human_test	gap100_min100_t0.80	ge1000	5	0.0	0.2	2.4
human_test	hmm_p1	lt80	56	0.625	0.0	0.375
human_test	hmm_p1	80_300	129	0.2558139534883721	0.023255813953488372	0.7674418604651163
human_test	hmm_p1	300_1000	54	0.05555555555555555	0.05555555555555555	1.0185185185185186
human_test	hmm_p1	ge1000	5	0.0	0.4	7.6
human_test	hmm_p1_rescue_t0.50_max80	lt80	56	0.625	0.05357142857142857	0.4642857142857143
human_test	hmm_p1_rescue_t0.50_max80	80_300	129	0.24806201550387597	0.10077519379844961	0.9224806201550387
human_test	hmm_p1_rescue_t0.50_max80	300_1000	54	0.05555555555555555	0.05555555555555555	1.0925925925925926
human_test	hmm_p1_rescue_t0.50_max80	ge1000	5	0.0	0.4	67.4
human_test	hmm_p1_rescue_t0.50_max150	lt80	56	0.625	0.05357142857142857	0.4642857142857143
human_test	hmm_p1_rescue_t0.50_max150	80_300	129	0.24806201550387597	0.10077519379844961	0.9224806201550387
human_test	hmm_p1_rescue_t0.50_max150	300_1000	54	0.05555555555555555	0.05555555555555555	1.0925925925925926
human_test	hmm_p1_rescue_t0.50_max150	ge1000	5	0.0	0.4	67.4
human_test	hmm_p1_rescue_t0.50_max300	lt80	56	0.625	0.05357142857142857	0.4642857142857143
human_test	hmm_p1_rescue_t0.50_max300	80_300	129	0.24806201550387597	0.10077519379844961	0.9224806201550387
human_test	hmm_p1_rescue_t0.50_max300	300_1000	54	0.05555555555555555	0.05555555555555555	1.0925925925925926
human_test	hmm_p1_rescue_t0.50_max300	ge1000	5	0.0	0.4	67.4
human_test	hmm_p1_rescue_t0.60_max80	lt80	56	0.625	0.0	0.375
human_test	hmm_p1_rescue_t0.60_max80	80_300	129	0.24806201550387597	0.03875968992248062	0.7906976744186046
human_test	hmm_p1_rescue_t0.60_max80	300_1000	54	0.05555555555555555	0.05555555555555555	1.0185185185185186
human_test	hmm_p1_rescue_t0.60_max80	ge1000	5	0.0	0.4	11.0
human_test	hmm_p1_rescue_t0.60_max150	lt80	56	0.625	0.0	0.375
human_test	hmm_p1_rescue_t0.60_max150	80_300	129	0.24806201550387597	0.03875968992248062	0.7906976744186046
human_test	hmm_p1_rescue_t0.60_max150	300_1000	54	0.05555555555555555	0.05555555555555555	1.0185185185185186
human_test	hmm_p1_rescue_t0.60_max150	ge1000	5	0.0	0.4	11.0
human_test	hmm_p1_rescue_t0.60_max300	lt80	56	0.625	0.0	0.375
human_test	hmm_p1_rescue_t0.60_max300	80_300	129	0.24806201550387597	0.03875968992248062	0.7906976744186046
human_test	hmm_p1_rescue_t0.60_max300	300_1000	54	0.05555555555555555	0.05555555555555555	1.0185185185185186
human_test	hmm_p1_rescue_t0.60_max300	ge1000	5	0.0	0.4	11.0
human_test	hmm_p1_rescue_t0.70_max80	lt80	56	0.625	0.0	0.375
human_test	hmm_p1_rescue_t0.70_max80	80_300	129	0.2558139534883721	0.023255813953488372	0.7674418604651163
human_test	hmm_p1_rescue_t0.70_max80	300_1000	54	0.05555555555555555	0.05555555555555555	1.0185185185185186
human_test	hmm_p1_rescue_t0.70_max80	ge1000	5	0.0	0.4	7.8
human_test	hmm_p1_rescue_t0.70_max150	lt80	56	0.625	0.0	0.375
human_test	hmm_p1_rescue_t0.70_max150	80_300	129	0.2558139534883721	0.023255813953488372	0.7674418604651163
human_test	hmm_p1_rescue_t0.70_max150	300_1000	54	0.05555555555555555	0.05555555555555555	1.0185185185185186
human_test	hmm_p1_rescue_t0.70_max150	ge1000	5	0.0	0.4	7.8
human_test	hmm_p1_rescue_t0.70_max300	lt80	56	0.625	0.0	0.375
human_test	hmm_p1_rescue_t0.70_max300	80_300	129	0.2558139534883721	0.023255813953488372	0.7674418604651163
human_test	hmm_p1_rescue_t0.70_max300	300_1000	54	0.05555555555555555	0.05555555555555555	1.0185185185185186
human_test	hmm_p1_rescue_t0.70_max300	ge1000	5	0.0	0.4	7.8
human_test	lenadaptive_raw0.20_hmm1_cut80	lt80	56	0.6071428571428571	0.10714285714285714	0.625
human_test	lenadaptive_raw0.20_hmm1_cut80	80_300	129	0.2248062015503876	0.14728682170542637	1.1007751937984496
human_test	lenadaptive_raw0.20_hmm1_cut80	300_1000	54	0.05555555555555555	0.12962962962962962	1.3703703703703705
human_test	lenadaptive_raw0.20_hmm1_cut80	ge1000	5	0.0	0.6	25.2
human_test	lenadaptive_raw0.20_hmm1_cut150	lt80	56	0.5892857142857143	0.10714285714285714	0.6428571428571429
human_test	lenadaptive_raw0.20_hmm1_cut150	80_300	129	0.2713178294573643	0.13953488372093023	1.054263565891473
human_test	lenadaptive_raw0.20_hmm1_cut150	300_1000	54	0.07407407407407407	0.1111111111111111	1.3333333333333333
human_test	lenadaptive_raw0.20_hmm1_cut150	ge1000	5	0.0	0.6	25.4
human_test	lenadaptive_raw0.20_hmm1_cut300	lt80	56	0.5714285714285714	0.10714285714285714	0.6607142857142857
human_test	lenadaptive_raw0.20_hmm1_cut300	80_300	129	0.27906976744186046	0.14728682170542637	1.062015503875969
human_test	lenadaptive_raw0.20_hmm1_cut300	300_1000	54	0.09259259259259259	0.12962962962962962	1.3333333333333333
human_test	lenadaptive_raw0.20_hmm1_cut300	ge1000	5	0.0	0.6	24.8
human_test	lenadaptive_raw0.30_hmm1_cut80	lt80	56	0.625	0.08928571428571429	0.5892857142857143
human_test	lenadaptive_raw0.30_hmm1_cut80	80_300	129	0.24031007751937986	0.16279069767441862	1.0852713178294573
human_test	lenadaptive_raw0.30_hmm1_cut80	300_1000	54	0.05555555555555555	0.1111111111111111	1.462962962962963
human_test	lenadaptive_raw0.30_hmm1_cut80	ge1000	5	0.0	0.4	40.8
human_test	lenadaptive_raw0.30_hmm1_cut150	lt80	56	0.5714285714285714	0.08928571428571429	0.6428571428571429
human_test	lenadaptive_raw0.30_hmm1_cut150	80_300	129	0.2713178294573643	0.15503875968992248	1.0465116279069768
human_test	lenadaptive_raw0.30_hmm1_cut150	300_1000	54	0.05555555555555555	0.1111111111111111	1.462962962962963
human_test	lenadaptive_raw0.30_hmm1_cut150	ge1000	5	0.0	0.4	41.0
human_test	lenadaptive_raw0.30_hmm1_cut300	lt80	56	0.5714285714285714	0.08928571428571429	0.6428571428571429
human_test	lenadaptive_raw0.30_hmm1_cut300	80_300	129	0.2558139534883721	0.16279069767441862	1.069767441860465
human_test	lenadaptive_raw0.30_hmm1_cut300	300_1000	54	0.07407407407407407	0.12962962962962962	1.462962962962963
human_test	lenadaptive_raw0.30_hmm1_cut300	ge1000	5	0.0	0.4	41.0
human_test	lenadaptive_raw0.40_hmm1_cut80	lt80	56	0.6428571428571429	0.08928571428571429	0.5892857142857143
human_test	lenadaptive_raw0.40_hmm1_cut80	80_300	129	0.24806201550387597	0.13178294573643412	1.0852713178294573
human_test	lenadaptive_raw0.40_hmm1_cut80	300_1000	54	0.05555555555555555	0.14814814814814814	1.3333333333333333
human_test	lenadaptive_raw0.40_hmm1_cut80	ge1000	5	0.0	0.6	95.0
human_test	lenadaptive_raw0.40_hmm1_cut150	lt80	56	0.625	0.08928571428571429	0.6428571428571429
human_test	lenadaptive_raw0.40_hmm1_cut150	80_300	129	0.2558139534883721	0.13953488372093023	1.069767441860465
human_test	lenadaptive_raw0.40_hmm1_cut150	300_1000	54	0.05555555555555555	0.14814814814814814	1.3333333333333333
human_test	lenadaptive_raw0.40_hmm1_cut150	ge1000	5	0.0	0.6	95.2
human_test	lenadaptive_raw0.40_hmm1_cut300	lt80	56	0.625	0.08928571428571429	0.6428571428571429
human_test	lenadaptive_raw0.40_hmm1_cut300	80_300	129	0.24806201550387597	0.14728682170542637	1.1085271317829457
human_test	lenadaptive_raw0.40_hmm1_cut300	300_1000	54	0.07407407407407407	0.14814814814814814	1.3148148148148149
human_test	lenadaptive_raw0.40_hmm1_cut300	ge1000	5	0.0	0.6	94.8
human_test	lenadaptive_raw0.50_hmm1_cut80	lt80	56	0.625	0.07142857142857142	0.5
human_test	lenadaptive_raw0.50_hmm1_cut80	80_300	129	0.24806201550387597	0.10852713178294573	0.9612403100775194
human_test	lenadaptive_raw0.50_hmm1_cut80	300_1000	54	0.05555555555555555	0.05555555555555555	1.1481481481481481
human_test	lenadaptive_raw0.50_hmm1_cut80	ge1000	5	0.0	0.4	80.0
human_test	lenadaptive_raw0.50_hmm1_cut150	lt80	56	0.625	0.07142857142857142	0.5535714285714286
human_test	lenadaptive_raw0.50_hmm1_cut150	80_300	129	0.24806201550387597	0.13953488372093023	1.0077519379844961
human_test	lenadaptive_raw0.50_hmm1_cut150	300_1000	54	0.05555555555555555	0.05555555555555555	1.2222222222222223
human_test	lenadaptive_raw0.50_hmm1_cut150	ge1000	5	0.0	0.4	82.2
human_test	lenadaptive_raw0.50_hmm1_cut300	lt80	56	0.625	0.07142857142857142	0.5535714285714286
human_test	lenadaptive_raw0.50_hmm1_cut300	80_300	129	0.24806201550387597	0.17829457364341086	1.0852713178294573
human_test	lenadaptive_raw0.50_hmm1_cut300	300_1000	54	0.05555555555555555	0.05555555555555555	1.2222222222222223
human_test	lenadaptive_raw0.50_hmm1_cut300	ge1000	5	0.0	0.4	89.8
human_test	lenadaptive_raw0.60_hmm1_cut80	lt80	56	0.625	0.03571428571428571	0.48214285714285715
human_test	lenadaptive_raw0.60_hmm1_cut80	80_300	129	0.24806201550387597	0.05426356589147287	0.8294573643410853
human_test	lenadaptive_raw0.60_hmm1_cut80	300_1000	54	0.05555555555555555	0.05555555555555555	1.1296296296296295
human_test	lenadaptive_raw0.60_hmm1_cut80	ge1000	5	0.0	0.4	16.6
human_test	lenadaptive_raw0.60_hmm1_cut150	lt80	56	0.625	0.05357142857142857	0.5714285714285714
human_test	lenadaptive_raw0.60_hmm1_cut150	80_300	129	0.24806201550387597	0.10852713178294573	0.9457364341085271
human_test	lenadaptive_raw0.60_hmm1_cut150	300_1000	54	0.05555555555555555	0.05555555555555555	1.2037037037037037
human_test	lenadaptive_raw0.60_hmm1_cut150	ge1000	5	0.0	0.4	16.8
human_test	lenadaptive_raw0.60_hmm1_cut300	lt80	56	0.625	0.05357142857142857	0.5714285714285714
human_test	lenadaptive_raw0.60_hmm1_cut300	80_300	129	0.24806201550387597	0.20155038759689922	1.0930232558139534
human_test	lenadaptive_raw0.60_hmm1_cut300	300_1000	54	0.05555555555555555	0.05555555555555555	1.2222222222222223
human_test	lenadaptive_raw0.60_hmm1_cut300	ge1000	5	0.0	0.4	30.8
human_test	lenadaptive_raw0.70_hmm1_cut80	lt80	56	0.625	0.03571428571428571	0.4642857142857143
human_test	lenadaptive_raw0.70_hmm1_cut80	80_300	129	0.2558139534883721	0.031007751937984496	0.7984496124031008
human_test	lenadaptive_raw0.70_hmm1_cut80	300_1000	54	0.05555555555555555	0.05555555555555555	1.037037037037037
human_test	lenadaptive_raw0.70_hmm1_cut80	ge1000	5	0.0	0.4	8.6
human_test	lenadaptive_raw0.70_hmm1_cut150	lt80	56	0.625	0.07142857142857142	0.5357142857142857
human_test	lenadaptive_raw0.70_hmm1_cut150	80_300	129	0.2558139534883721	0.10852713178294573	0.9069767441860465
human_test	lenadaptive_raw0.70_hmm1_cut150	300_1000	54	0.05555555555555555	0.05555555555555555	1.0925925925925926
human_test	lenadaptive_raw0.70_hmm1_cut150	ge1000	5	0.0	0.4	8.6
human_test	lenadaptive_raw0.70_hmm1_cut300	lt80	56	0.625	0.07142857142857142	0.5357142857142857
human_test	lenadaptive_raw0.70_hmm1_cut300	80_300	129	0.2558139534883721	0.20155038759689922	1.1007751937984496
human_test	lenadaptive_raw0.70_hmm1_cut300	300_1000	54	0.05555555555555555	0.05555555555555555	1.1111111111111112
human_test	lenadaptive_raw0.70_hmm1_cut300	ge1000	5	0.0	0.4	11.4
human_test	lenadaptive_raw0.80_hmm1_cut80	lt80	56	0.6428571428571429	0.0	0.35714285714285715
human_test	lenadaptive_raw0.80_hmm1_cut80	80_300	129	0.26356589147286824	0.031007751937984496	0.813953488372093
human_test	lenadaptive_raw0.80_hmm1_cut80	300_1000	54	0.05555555555555555	0.018518518518518517	0.9629629629629629
human_test	lenadaptive_raw0.80_hmm1_cut80	ge1000	5	0.0	0.4	7.6
human_test	lenadaptive_raw0.80_hmm1_cut150	lt80	56	0.6428571428571429	0.0	0.35714285714285715
human_test	lenadaptive_raw0.80_hmm1_cut150	80_300	129	0.26356589147286824	0.13178294573643412	0.9767441860465116
human_test	lenadaptive_raw0.80_hmm1_cut150	300_1000	54	0.05555555555555555	0.037037037037037035	0.9814814814814815
human_test	lenadaptive_raw0.80_hmm1_cut150	ge1000	5	0.0	0.4	7.8
human_test	lenadaptive_raw0.80_hmm1_cut300	lt80	56	0.6428571428571429	0.0	0.35714285714285715
human_test	lenadaptive_raw0.80_hmm1_cut300	80_300	129	0.26356589147286824	0.2713178294573643	1.310077519379845
human_test	lenadaptive_raw0.80_hmm1_cut300	300_1000	54	0.05555555555555555	0.05555555555555555	1.0
human_test	lenadaptive_raw0.80_hmm1_cut300	ge1000	5	0.0	0.4	7.2
human_test	hmm_p2	lt80	56	0.625	0.0	0.375
human_test	hmm_p2	80_300	129	0.2558139534883721	0.015503875968992248	0.7596899224806202
human_test	hmm_p2	300_1000	54	0.05555555555555555	0.05555555555555555	1.0
human_test	hmm_p2	ge1000	5	0.0	0.4	6.0
human_test	hmm_p2_rescue_t0.50_max80	lt80	56	0.625	0.05357142857142857	0.4642857142857143
human_test	hmm_p2_rescue_t0.50_max80	80_300	129	0.24806201550387597	0.10077519379844961	0.9457364341085271
human_test	hmm_p2_rescue_t0.50_max80	300_1000	54	0.05555555555555555	0.05555555555555555	1.0555555555555556
human_test	hmm_p2_rescue_t0.50_max80	ge1000	5	0.0	0.4	67.6
human_test	hmm_p2_rescue_t0.50_max150	lt80	56	0.625	0.05357142857142857	0.4642857142857143
human_test	hmm_p2_rescue_t0.50_max150	80_300	129	0.24806201550387597	0.10077519379844961	0.9457364341085271
human_test	hmm_p2_rescue_t0.50_max150	300_1000	54	0.05555555555555555	0.05555555555555555	1.0555555555555556
human_test	hmm_p2_rescue_t0.50_max150	ge1000	5	0.0	0.4	67.6
human_test	hmm_p2_rescue_t0.50_max300	lt80	56	0.625	0.05357142857142857	0.4642857142857143
human_test	hmm_p2_rescue_t0.50_max300	80_300	129	0.24806201550387597	0.10077519379844961	0.9457364341085271
human_test	hmm_p2_rescue_t0.50_max300	300_1000	54	0.05555555555555555	0.05555555555555555	1.0555555555555556
human_test	hmm_p2_rescue_t0.50_max300	ge1000	5	0.0	0.4	67.6
human_test	hmm_p2_rescue_t0.60_max80	lt80	56	0.625	0.0	0.375
human_test	hmm_p2_rescue_t0.60_max80	80_300	129	0.24806201550387597	0.03875968992248062	0.7906976744186046
human_test	hmm_p2_rescue_t0.60_max80	300_1000	54	0.05555555555555555	0.05555555555555555	1.0
human_test	hmm_p2_rescue_t0.60_max80	ge1000	5	0.0	0.4	10.0
human_test	hmm_p2_rescue_t0.60_max150	lt80	56	0.625	0.0	0.375
human_test	hmm_p2_rescue_t0.60_max150	80_300	129	0.24806201550387597	0.03875968992248062	0.7906976744186046
human_test	hmm_p2_rescue_t0.60_max150	300_1000	54	0.05555555555555555	0.05555555555555555	1.0
human_test	hmm_p2_rescue_t0.60_max150	ge1000	5	0.0	0.4	10.0
human_test	hmm_p2_rescue_t0.60_max300	lt80	56	0.625	0.0	0.375
human_test	hmm_p2_rescue_t0.60_max300	80_300	129	0.24806201550387597	0.03875968992248062	0.7906976744186046
human_test	hmm_p2_rescue_t0.60_max300	300_1000	54	0.05555555555555555	0.05555555555555555	1.0
human_test	hmm_p2_rescue_t0.60_max300	ge1000	5	0.0	0.4	10.0
human_test	hmm_p2_rescue_t0.70_max80	lt80	56	0.625	0.0	0.375
human_test	hmm_p2_rescue_t0.70_max80	80_300	129	0.2558139534883721	0.015503875968992248	0.7596899224806202
human_test	hmm_p2_rescue_t0.70_max80	300_1000	54	0.05555555555555555	0.05555555555555555	1.0
human_test	hmm_p2_rescue_t0.70_max80	ge1000	5	0.0	0.4	6.2
human_test	hmm_p2_rescue_t0.70_max150	lt80	56	0.625	0.0	0.375
human_test	hmm_p2_rescue_t0.70_max150	80_300	129	0.2558139534883721	0.015503875968992248	0.7596899224806202
human_test	hmm_p2_rescue_t0.70_max150	300_1000	54	0.05555555555555555	0.05555555555555555	1.0
human_test	hmm_p2_rescue_t0.70_max150	ge1000	5	0.0	0.4	6.2
human_test	hmm_p2_rescue_t0.70_max300	lt80	56	0.625	0.0	0.375
human_test	hmm_p2_rescue_t0.70_max300	80_300	129	0.2558139534883721	0.015503875968992248	0.7596899224806202
human_test	hmm_p2_rescue_t0.70_max300	300_1000	54	0.05555555555555555	0.05555555555555555	1.0
human_test	hmm_p2_rescue_t0.70_max300	ge1000	5	0.0	0.4	6.2
human_test	lenadaptive_raw0.20_hmm2_cut80	lt80	56	0.6071428571428571	0.10714285714285714	0.625
human_test	lenadaptive_raw0.20_hmm2_cut80	80_300	129	0.2248062015503876	0.14728682170542637	1.1007751937984496
human_test	lenadaptive_raw0.20_hmm2_cut80	300_1000	54	0.05555555555555555	0.12962962962962962	1.3703703703703705
human_test	lenadaptive_raw0.20_hmm2_cut80	ge1000	5	0.0	0.6	25.0
human_test	lenadaptive_raw0.20_hmm2_cut150	lt80	56	0.5892857142857143	0.10714285714285714	0.6428571428571429
human_test	lenadaptive_raw0.20_hmm2_cut150	80_300	129	0.26356589147286824	0.13953488372093023	1.062015503875969
human_test	lenadaptive_raw0.20_hmm2_cut150	300_1000	54	0.07407407407407407	0.1111111111111111	1.3333333333333333
human_test	lenadaptive_raw0.20_hmm2_cut150	ge1000	5	0.0	0.6	25.2
human_test	lenadaptive_raw0.20_hmm2_cut300	lt80	56	0.5714285714285714	0.10714285714285714	0.6607142857142857
human_test	lenadaptive_raw0.20_hmm2_cut300	80_300	129	0.26356589147286824	0.14728682170542637	1.0775193798449612
human_test	lenadaptive_raw0.20_hmm2_cut300	300_1000	54	0.09259259259259259	0.12962962962962962	1.3333333333333333
human_test	lenadaptive_raw0.20_hmm2_cut300	ge1000	5	0.0	0.6	24.8
human_test	lenadaptive_raw0.30_hmm2_cut80	lt80	56	0.625	0.08928571428571429	0.5892857142857143
human_test	lenadaptive_raw0.30_hmm2_cut80	80_300	129	0.24031007751937986	0.16279069767441862	1.0852713178294573
human_test	lenadaptive_raw0.30_hmm2_cut80	300_1000	54	0.05555555555555555	0.1111111111111111	1.462962962962963
human_test	lenadaptive_raw0.30_hmm2_cut80	ge1000	5	0.0	0.4	40.6
human_test	lenadaptive_raw0.30_hmm2_cut150	lt80	56	0.5714285714285714	0.08928571428571429	0.6428571428571429
human_test	lenadaptive_raw0.30_hmm2_cut150	80_300	129	0.2713178294573643	0.15503875968992248	1.0465116279069768
human_test	lenadaptive_raw0.30_hmm2_cut150	300_1000	54	0.05555555555555555	0.1111111111111111	1.462962962962963
human_test	lenadaptive_raw0.30_hmm2_cut150	ge1000	5	0.0	0.4	40.8
human_test	lenadaptive_raw0.30_hmm2_cut300	lt80	56	0.5714285714285714	0.08928571428571429	0.6428571428571429
human_test	lenadaptive_raw0.30_hmm2_cut300	80_300	129	0.24806201550387597	0.16279069767441862	1.0775193798449612
human_test	lenadaptive_raw0.30_hmm2_cut300	300_1000	54	0.07407407407407407	0.12962962962962962	1.462962962962963
human_test	lenadaptive_raw0.30_hmm2_cut300	ge1000	5	0.0	0.4	41.0
human_test	lenadaptive_raw0.40_hmm2_cut80	lt80	56	0.6428571428571429	0.08928571428571429	0.5892857142857143
human_test	lenadaptive_raw0.40_hmm2_cut80	80_300	129	0.24806201550387597	0.13178294573643412	1.0852713178294573
human_test	lenadaptive_raw0.40_hmm2_cut80	300_1000	54	0.05555555555555555	0.14814814814814814	1.3333333333333333
human_test	lenadaptive_raw0.40_hmm2_cut80	ge1000	5	0.0	0.6	94.2
human_test	lenadaptive_raw0.40_hmm2_cut150	lt80	56	0.625	0.08928571428571429	0.6428571428571429
human_test	lenadaptive_raw0.40_hmm2_cut150	80_300	129	0.2558139534883721	0.13953488372093023	1.069767441860465
human_test	lenadaptive_raw0.40_hmm2_cut150	300_1000	54	0.05555555555555555	0.14814814814814814	1.3333333333333333
human_test	lenadaptive_raw0.40_hmm2_cut150	ge1000	5	0.0	0.6	94.4
human_test	lenadaptive_raw0.40_hmm2_cut300	lt80	56	0.625	0.08928571428571429	0.6428571428571429
human_test	lenadaptive_raw0.40_hmm2_cut300	80_300	129	0.24806201550387597	0.14728682170542637	1.1085271317829457
human_test	lenadaptive_raw0.40_hmm2_cut300	300_1000	54	0.07407407407407407	0.14814814814814814	1.3148148148148149
human_test	lenadaptive_raw0.40_hmm2_cut300	ge1000	5	0.0	0.6	94.2
human_test	lenadaptive_raw0.50_hmm2_cut80	lt80	56	0.625	0.07142857142857142	0.5
human_test	lenadaptive_raw0.50_hmm2_cut80	80_300	129	0.24806201550387597	0.10852713178294573	0.9612403100775194
human_test	lenadaptive_raw0.50_hmm2_cut80	300_1000	54	0.05555555555555555	0.05555555555555555	1.1481481481481481
human_test	lenadaptive_raw0.50_hmm2_cut80	ge1000	5	0.0	0.4	74.0
human_test	lenadaptive_raw0.50_hmm2_cut150	lt80	56	0.625	0.07142857142857142	0.5535714285714286
human_test	lenadaptive_raw0.50_hmm2_cut150	80_300	129	0.24806201550387597	0.13953488372093023	1.0077519379844961
human_test	lenadaptive_raw0.50_hmm2_cut150	300_1000	54	0.05555555555555555	0.05555555555555555	1.2222222222222223
human_test	lenadaptive_raw0.50_hmm2_cut150	ge1000	5	0.0	0.4	76.2
human_test	lenadaptive_raw0.50_hmm2_cut300	lt80	56	0.625	0.07142857142857142	0.5535714285714286
human_test	lenadaptive_raw0.50_hmm2_cut300	80_300	129	0.24806201550387597	0.17829457364341086	1.0852713178294573
human_test	lenadaptive_raw0.50_hmm2_cut300	300_1000	54	0.05555555555555555	0.05555555555555555	1.2222222222222223
human_test	lenadaptive_raw0.50_hmm2_cut300	ge1000	5	0.0	0.4	80.4
human_test	lenadaptive_raw0.60_hmm2_cut80	lt80	56	0.625	0.03571428571428571	0.48214285714285715
human_test	lenadaptive_raw0.60_hmm2_cut80	80_300	129	0.24806201550387597	0.05426356589147287	0.8294573643410853
human_test	lenadaptive_raw0.60_hmm2_cut80	300_1000	54	0.05555555555555555	0.05555555555555555	1.1296296296296295
human_test	lenadaptive_raw0.60_hmm2_cut80	ge1000	5	0.0	0.4	15.0
human_test	lenadaptive_raw0.60_hmm2_cut150	lt80	56	0.625	0.05357142857142857	0.5714285714285714
human_test	lenadaptive_raw0.60_hmm2_cut150	80_300	129	0.24806201550387597	0.10852713178294573	0.9457364341085271
human_test	lenadaptive_raw0.60_hmm2_cut150	300_1000	54	0.05555555555555555	0.05555555555555555	1.2037037037037037
human_test	lenadaptive_raw0.60_hmm2_cut150	ge1000	5	0.0	0.4	15.2
human_test	lenadaptive_raw0.60_hmm2_cut300	lt80	56	0.625	0.05357142857142857	0.5714285714285714
human_test	lenadaptive_raw0.60_hmm2_cut300	80_300	129	0.24806201550387597	0.20155038759689922	1.0930232558139534
human_test	lenadaptive_raw0.60_hmm2_cut300	300_1000	54	0.05555555555555555	0.05555555555555555	1.2222222222222223
human_test	lenadaptive_raw0.60_hmm2_cut300	ge1000	5	0.0	0.4	25.4
human_test	lenadaptive_raw0.70_hmm2_cut80	lt80	56	0.625	0.03571428571428571	0.4642857142857143
human_test	lenadaptive_raw0.70_hmm2_cut80	80_300	129	0.2558139534883721	0.031007751937984496	0.7984496124031008
human_test	lenadaptive_raw0.70_hmm2_cut80	300_1000	54	0.05555555555555555	0.05555555555555555	1.037037037037037
human_test	lenadaptive_raw0.70_hmm2_cut80	ge1000	5	0.0	0.4	8.4
human_test	lenadaptive_raw0.70_hmm2_cut150	lt80	56	0.625	0.07142857142857142	0.5357142857142857
human_test	lenadaptive_raw0.70_hmm2_cut150	80_300	129	0.2558139534883721	0.10852713178294573	0.9069767441860465
human_test	lenadaptive_raw0.70_hmm2_cut150	300_1000	54	0.05555555555555555	0.05555555555555555	1.0925925925925926
human_test	lenadaptive_raw0.70_hmm2_cut150	ge1000	5	0.0	0.4	8.4
human_test	lenadaptive_raw0.70_hmm2_cut300	lt80	56	0.625	0.07142857142857142	0.5357142857142857
human_test	lenadaptive_raw0.70_hmm2_cut300	80_300	129	0.2558139534883721	0.1937984496124031	1.0852713178294573
human_test	lenadaptive_raw0.70_hmm2_cut300	300_1000	54	0.05555555555555555	0.05555555555555555	1.1111111111111112
human_test	lenadaptive_raw0.70_hmm2_cut300	ge1000	5	0.0	0.4	11.2
human_test	lenadaptive_raw0.80_hmm2_cut80	lt80	56	0.6428571428571429	0.0	0.35714285714285715
human_test	lenadaptive_raw0.80_hmm2_cut80	80_300	129	0.26356589147286824	0.031007751937984496	0.813953488372093
human_test	lenadaptive_raw0.80_hmm2_cut80	300_1000	54	0.05555555555555555	0.018518518518518517	0.9629629629629629
human_test	lenadaptive_raw0.80_hmm2_cut80	ge1000	5	0.0	0.4	7.4
human_test	lenadaptive_raw0.80_hmm2_cut150	lt80	56	0.6428571428571429	0.0	0.35714285714285715
human_test	lenadaptive_raw0.80_hmm2_cut150	80_300	129	0.26356589147286824	0.12403100775193798	0.9689922480620154
human_test	lenadaptive_raw0.80_hmm2_cut150	300_1000	54	0.05555555555555555	0.037037037037037035	0.9814814814814815
human_test	lenadaptive_raw0.80_hmm2_cut150	ge1000	5	0.0	0.4	7.6
human_test	lenadaptive_raw0.80_hmm2_cut300	lt80	56	0.6428571428571429	0.0	0.35714285714285715
human_test	lenadaptive_raw0.80_hmm2_cut300	80_300	129	0.26356589147286824	0.2558139534883721	1.248062015503876
human_test	lenadaptive_raw0.80_hmm2_cut300	300_1000	54	0.05555555555555555	0.05555555555555555	1.0
human_test	lenadaptive_raw0.80_hmm2_cut300	ge1000	5	0.0	0.4	7.2
human_test	hmm_p4	lt80	56	0.625	0.0	0.375
human_test	hmm_p4	80_300	129	0.2558139534883721	0.015503875968992248	0.7596899224806202
human_test	hmm_p4	300_1000	54	0.05555555555555555	0.037037037037037035	0.9814814814814815
human_test	hmm_p4	ge1000	5	0.0	0.4	4.8
human_test	hmm_p4_rescue_t0.50_max80	lt80	56	0.625	0.05357142857142857	0.4642857142857143
human_test	hmm_p4_rescue_t0.50_max80	80_300	129	0.24806201550387597	0.10077519379844961	0.9457364341085271
human_test	hmm_p4_rescue_t0.50_max80	300_1000	54	0.05555555555555555	0.037037037037037035	1.0185185185185186
human_test	hmm_p4_rescue_t0.50_max80	ge1000	5	0.0	0.4	71.0
human_test	hmm_p4_rescue_t0.50_max150	lt80	56	0.625	0.05357142857142857	0.4642857142857143
human_test	hmm_p4_rescue_t0.50_max150	80_300	129	0.24806201550387597	0.10077519379844961	0.9457364341085271
human_test	hmm_p4_rescue_t0.50_max150	300_1000	54	0.05555555555555555	0.037037037037037035	1.0185185185185186
human_test	hmm_p4_rescue_t0.50_max150	ge1000	5	0.0	0.4	71.0
human_test	hmm_p4_rescue_t0.50_max300	lt80	56	0.625	0.05357142857142857	0.4642857142857143
human_test	hmm_p4_rescue_t0.50_max300	80_300	129	0.24806201550387597	0.10077519379844961	0.9457364341085271
human_test	hmm_p4_rescue_t0.50_max300	300_1000	54	0.05555555555555555	0.037037037037037035	1.0185185185185186
human_test	hmm_p4_rescue_t0.50_max300	ge1000	5	0.0	0.4	71.0
human_test	hmm_p4_rescue_t0.60_max80	lt80	56	0.625	0.0	0.375
human_test	hmm_p4_rescue_t0.60_max80	80_300	129	0.24806201550387597	0.03875968992248062	0.7906976744186046
human_test	hmm_p4_rescue_t0.60_max80	300_1000	54	0.05555555555555555	0.037037037037037035	0.9814814814814815
human_test	hmm_p4_rescue_t0.60_max80	ge1000	5	0.0	0.4	11.6
human_test	hmm_p4_rescue_t0.60_max150	lt80	56	0.625	0.0	0.375
human_test	hmm_p4_rescue_t0.60_max150	80_300	129	0.24806201550387597	0.03875968992248062	0.7906976744186046
human_test	hmm_p4_rescue_t0.60_max150	300_1000	54	0.05555555555555555	0.037037037037037035	0.9814814814814815
human_test	hmm_p4_rescue_t0.60_max150	ge1000	5	0.0	0.4	11.6
human_test	hmm_p4_rescue_t0.60_max300	lt80	56	0.625	0.0	0.375
human_test	hmm_p4_rescue_t0.60_max300	80_300	129	0.24806201550387597	0.03875968992248062	0.7906976744186046
human_test	hmm_p4_rescue_t0.60_max300	300_1000	54	0.05555555555555555	0.037037037037037035	0.9814814814814815
human_test	hmm_p4_rescue_t0.60_max300	ge1000	5	0.0	0.4	11.6
human_test	hmm_p4_rescue_t0.70_max80	lt80	56	0.625	0.0	0.375
human_test	hmm_p4_rescue_t0.70_max80	80_300	129	0.2558139534883721	0.015503875968992248	0.7596899224806202
human_test	hmm_p4_rescue_t0.70_max80	300_1000	54	0.05555555555555555	0.037037037037037035	0.9814814814814815
human_test	hmm_p4_rescue_t0.70_max80	ge1000	5	0.0	0.4	5.4
human_test	hmm_p4_rescue_t0.70_max150	lt80	56	0.625	0.0	0.375
human_test	hmm_p4_rescue_t0.70_max150	80_300	129	0.2558139534883721	0.015503875968992248	0.7596899224806202
human_test	hmm_p4_rescue_t0.70_max150	300_1000	54	0.05555555555555555	0.037037037037037035	0.9814814814814815
human_test	hmm_p4_rescue_t0.70_max150	ge1000	5	0.0	0.4	5.4
human_test	hmm_p4_rescue_t0.70_max300	lt80	56	0.625	0.0	0.375
human_test	hmm_p4_rescue_t0.70_max300	80_300	129	0.2558139534883721	0.015503875968992248	0.7596899224806202
human_test	hmm_p4_rescue_t0.70_max300	300_1000	54	0.05555555555555555	0.037037037037037035	0.9814814814814815
human_test	hmm_p4_rescue_t0.70_max300	ge1000	5	0.0	0.4	5.4
human_test	lenadaptive_raw0.20_hmm4_cut80	lt80	56	0.5892857142857143	0.10714285714285714	0.6428571428571429
human_test	lenadaptive_raw0.20_hmm4_cut80	80_300	129	0.2248062015503876	0.14728682170542637	1.1007751937984496
human_test	lenadaptive_raw0.20_hmm4_cut80	300_1000	54	0.05555555555555555	0.12962962962962962	1.3703703703703705
human_test	lenadaptive_raw0.20_hmm4_cut80	ge1000	5	0.0	0.6	24.6
human_test	lenadaptive_raw0.20_hmm4_cut150	lt80	56	0.5714285714285714	0.10714285714285714	0.6607142857142857
human_test	lenadaptive_raw0.20_hmm4_cut150	80_300	129	0.26356589147286824	0.13953488372093023	1.062015503875969
human_test	lenadaptive_raw0.20_hmm4_cut150	300_1000	54	0.07407407407407407	0.1111111111111111	1.3333333333333333
human_test	lenadaptive_raw0.20_hmm4_cut150	ge1000	5	0.0	0.6	25.0
human_test	lenadaptive_raw0.20_hmm4_cut300	lt80	56	0.5535714285714286	0.10714285714285714	0.6785714285714286
human_test	lenadaptive_raw0.20_hmm4_cut300	80_300	129	0.26356589147286824	0.14728682170542637	1.0775193798449612
human_test	lenadaptive_raw0.20_hmm4_cut300	300_1000	54	0.09259259259259259	0.12962962962962962	1.3333333333333333
human_test	lenadaptive_raw0.20_hmm4_cut300	ge1000	5	0.0	0.6	24.6
human_test	lenadaptive_raw0.30_hmm4_cut80	lt80	56	0.625	0.08928571428571429	0.5892857142857143
human_test	lenadaptive_raw0.30_hmm4_cut80	80_300	129	0.24031007751937986	0.16279069767441862	1.0852713178294573
human_test	lenadaptive_raw0.30_hmm4_cut80	300_1000	54	0.05555555555555555	0.1111111111111111	1.4074074074074074
human_test	lenadaptive_raw0.30_hmm4_cut80	ge1000	5	0.0	0.4	40.2
human_test	lenadaptive_raw0.30_hmm4_cut150	lt80	56	0.5714285714285714	0.08928571428571429	0.6428571428571429
human_test	lenadaptive_raw0.30_hmm4_cut150	80_300	129	0.2713178294573643	0.15503875968992248	1.0465116279069768
human_test	lenadaptive_raw0.30_hmm4_cut150	300_1000	54	0.05555555555555555	0.1111111111111111	1.462962962962963
human_test	lenadaptive_raw0.30_hmm4_cut150	ge1000	5	0.0	0.4	40.6
human_test	lenadaptive_raw0.30_hmm4_cut300	lt80	56	0.5714285714285714	0.08928571428571429	0.6428571428571429
human_test	lenadaptive_raw0.30_hmm4_cut300	80_300	129	0.24806201550387597	0.16279069767441862	1.0775193798449612
human_test	lenadaptive_raw0.30_hmm4_cut300	300_1000	54	0.07407407407407407	0.1111111111111111	1.4444444444444444
human_test	lenadaptive_raw0.30_hmm4_cut300	ge1000	5	0.0	0.4	40.8
human_test	lenadaptive_raw0.40_hmm4_cut80	lt80	56	0.6428571428571429	0.08928571428571429	0.5892857142857143
human_test	lenadaptive_raw0.40_hmm4_cut80	80_300	129	0.24806201550387597	0.13178294573643412	1.0852713178294573
human_test	lenadaptive_raw0.40_hmm4_cut80	300_1000	54	0.05555555555555555	0.14814814814814814	1.2777777777777777
human_test	lenadaptive_raw0.40_hmm4_cut80	ge1000	5	0.0	0.4	93.4
human_test	lenadaptive_raw0.40_hmm4_cut150	lt80	56	0.625	0.08928571428571429	0.6428571428571429
human_test	lenadaptive_raw0.40_hmm4_cut150	80_300	129	0.2558139534883721	0.13953488372093023	1.069767441860465
human_test	lenadaptive_raw0.40_hmm4_cut150	300_1000	54	0.05555555555555555	0.14814814814814814	1.3333333333333333
human_test	lenadaptive_raw0.40_hmm4_cut150	ge1000	5	0.0	0.4	93.8
human_test	lenadaptive_raw0.40_hmm4_cut300	lt80	56	0.625	0.08928571428571429	0.6428571428571429
human_test	lenadaptive_raw0.40_hmm4_cut300	80_300	129	0.24806201550387597	0.14728682170542637	1.1085271317829457
human_test	lenadaptive_raw0.40_hmm4_cut300	300_1000	54	0.07407407407407407	0.14814814814814814	1.3148148148148149
human_test	lenadaptive_raw0.40_hmm4_cut300	ge1000	5	0.0	0.4	93.6
human_test	lenadaptive_raw0.50_hmm4_cut80	lt80	56	0.625	0.07142857142857142	0.5
human_test	lenadaptive_raw0.50_hmm4_cut80	80_300	129	0.24806201550387597	0.10852713178294573	0.9612403100775194
human_test	lenadaptive_raw0.50_hmm4_cut80	300_1000	54	0.05555555555555555	0.037037037037037035	1.0555555555555556
human_test	lenadaptive_raw0.50_hmm4_cut80	ge1000	5	0.0	0.4	74.2
human_test	lenadaptive_raw0.50_hmm4_cut150	lt80	56	0.625	0.07142857142857142	0.5535714285714286
human_test	lenadaptive_raw0.50_hmm4_cut150	80_300	129	0.24806201550387597	0.13953488372093023	1.0077519379844961
human_test	lenadaptive_raw0.50_hmm4_cut150	300_1000	54	0.05555555555555555	0.05555555555555555	1.2222222222222223
human_test	lenadaptive_raw0.50_hmm4_cut150	ge1000	5	0.0	0.4	74.2
human_test	lenadaptive_raw0.50_hmm4_cut300	lt80	56	0.625	0.07142857142857142	0.5535714285714286
human_test	lenadaptive_raw0.50_hmm4_cut300	80_300	129	0.24806201550387597	0.17829457364341086	1.0852713178294573
human_test	lenadaptive_raw0.50_hmm4_cut300	300_1000	54	0.05555555555555555	0.05555555555555555	1.2222222222222223
human_test	lenadaptive_raw0.50_hmm4_cut300	ge1000	5	0.0	0.4	78.4
human_test	lenadaptive_raw0.60_hmm4_cut80	lt80	56	0.625	0.03571428571428571	0.48214285714285715
human_test	lenadaptive_raw0.60_hmm4_cut80	80_300	129	0.24806201550387597	0.05426356589147287	0.8294573643410853
human_test	lenadaptive_raw0.60_hmm4_cut80	300_1000	54	0.05555555555555555	0.037037037037037035	1.0555555555555556
human_test	lenadaptive_raw0.60_hmm4_cut80	ge1000	5	0.0	0.4	15.0
human_test	lenadaptive_raw0.60_hmm4_cut150	lt80	56	0.625	0.05357142857142857	0.5714285714285714
human_test	lenadaptive_raw0.60_hmm4_cut150	80_300	129	0.24806201550387597	0.10852713178294573	0.9457364341085271
human_test	lenadaptive_raw0.60_hmm4_cut150	300_1000	54	0.05555555555555555	0.05555555555555555	1.2037037037037037
human_test	lenadaptive_raw0.60_hmm4_cut150	ge1000	5	0.0	0.4	15.0
human_test	lenadaptive_raw0.60_hmm4_cut300	lt80	56	0.625	0.05357142857142857	0.5714285714285714
human_test	lenadaptive_raw0.60_hmm4_cut300	80_300	129	0.24806201550387597	0.20155038759689922	1.0930232558139534
human_test	lenadaptive_raw0.60_hmm4_cut300	300_1000	54	0.05555555555555555	0.05555555555555555	1.2222222222222223
human_test	lenadaptive_raw0.60_hmm4_cut300	ge1000	5	0.0	0.4	25.2
human_test	lenadaptive_raw0.70_hmm4_cut80	lt80	56	0.625	0.03571428571428571	0.4642857142857143
human_test	lenadaptive_raw0.70_hmm4_cut80	80_300	129	0.2558139534883721	0.031007751937984496	0.7984496124031008
human_test	lenadaptive_raw0.70_hmm4_cut80	300_1000	54	0.05555555555555555	0.037037037037037035	1.0
human_test	lenadaptive_raw0.70_hmm4_cut80	ge1000	5	0.0	0.4	8.0
human_test	lenadaptive_raw0.70_hmm4_cut150	lt80	56	0.625	0.07142857142857142	0.5357142857142857
human_test	lenadaptive_raw0.70_hmm4_cut150	80_300	129	0.2558139534883721	0.10077519379844961	0.8992248062015504
human_test	lenadaptive_raw0.70_hmm4_cut150	300_1000	54	0.05555555555555555	0.05555555555555555	1.0925925925925926
human_test	lenadaptive_raw0.70_hmm4_cut150	ge1000	5	0.0	0.4	8.2
human_test	lenadaptive_raw0.70_hmm4_cut300	lt80	56	0.625	0.07142857142857142	0.5357142857142857
human_test	lenadaptive_raw0.70_hmm4_cut300	80_300	129	0.2558139534883721	0.1937984496124031	1.0852713178294573
human_test	lenadaptive_raw0.70_hmm4_cut300	300_1000	54	0.05555555555555555	0.05555555555555555	1.1111111111111112
human_test	lenadaptive_raw0.70_hmm4_cut300	ge1000	5	0.0	0.4	11.0
human_test	lenadaptive_raw0.80_hmm4_cut80	lt80	56	0.6428571428571429	0.0	0.35714285714285715
human_test	lenadaptive_raw0.80_hmm4_cut80	80_300	129	0.26356589147286824	0.031007751937984496	0.813953488372093
human_test	lenadaptive_raw0.80_hmm4_cut80	300_1000	54	0.05555555555555555	0.018518518518518517	0.9629629629629629
human_test	lenadaptive_raw0.80_hmm4_cut80	ge1000	5	0.0	0.4	7.0
human_test	lenadaptive_raw0.80_hmm4_cut150	lt80	56	0.6428571428571429	0.0	0.35714285714285715
human_test	lenadaptive_raw0.80_hmm4_cut150	80_300	129	0.26356589147286824	0.11627906976744186	0.9612403100775194
human_test	lenadaptive_raw0.80_hmm4_cut150	300_1000	54	0.05555555555555555	0.037037037037037035	0.9814814814814815
human_test	lenadaptive_raw0.80_hmm4_cut150	ge1000	5	0.0	0.4	7.4
human_test	lenadaptive_raw0.80_hmm4_cut300	lt80	56	0.6428571428571429	0.0	0.35714285714285715
human_test	lenadaptive_raw0.80_hmm4_cut300	80_300	129	0.26356589147286824	0.2558139534883721	1.248062015503876
human_test	lenadaptive_raw0.80_hmm4_cut300	300_1000	54	0.05555555555555555	0.05555555555555555	1.0
human_test	lenadaptive_raw0.80_hmm4_cut300	ge1000	5	0.0	0.4	7.0
mouse_quick	raw_t0.20	lt80	18	0.3333333333333333	0.0	0.6666666666666666
mouse_quick	raw_t0.20	80_300	95	0.05263157894736842	0.11578947368421053	1.305263157894737
mouse_quick	raw_t0.20	300_1000	34	0.11764705882352941	0.4117647058823529	6.029411764705882
mouse_quick	raw_t0.20	ge1000	3	0.0	0.6666666666666666	23.666666666666668
mouse_quick	gap25_min40_t0.20	lt80	18	0.3333333333333333	0.0	0.6666666666666666
mouse_quick	gap25_min40_t0.20	80_300	95	0.05263157894736842	0.010526315789473684	0.9578947368421052
mouse_quick	gap25_min40_t0.20	300_1000	34	0.11764705882352941	0.08823529411764706	1.0294117647058822
mouse_quick	gap25_min40_t0.20	ge1000	3	0.0	0.3333333333333333	1.6666666666666667
mouse_quick	gap50_min80_t0.20	lt80	18	0.3888888888888889	0.0	0.6111111111111112
mouse_quick	gap50_min80_t0.20	80_300	95	0.06315789473684211	0.0	0.9368421052631579
mouse_quick	gap50_min80_t0.20	300_1000	34	0.11764705882352941	0.08823529411764706	1.0
mouse_quick	gap50_min80_t0.20	ge1000	3	0.0	0.3333333333333333	1.3333333333333333
mouse_quick	gap100_min100_t0.20	lt80	18	0.3888888888888889	0.0	0.6111111111111112
mouse_quick	gap100_min100_t0.20	80_300	95	0.05263157894736842	0.0	0.9473684210526315
mouse_quick	gap100_min100_t0.20	300_1000	34	0.11764705882352941	0.029411764705882353	0.9117647058823529
mouse_quick	gap100_min100_t0.20	ge1000	3	0.0	0.3333333333333333	1.3333333333333333
mouse_quick	raw_t0.30	lt80	18	0.3333333333333333	0.0	0.6666666666666666
mouse_quick	raw_t0.30	80_300	95	0.05263157894736842	0.16842105263157894	1.431578947368421
mouse_quick	raw_t0.30	300_1000	34	0.14705882352941177	0.47058823529411764	6.764705882352941
mouse_quick	raw_t0.30	ge1000	3	0.0	0.6666666666666666	37.666666666666664
mouse_quick	gap25_min40_t0.30	lt80	18	0.3333333333333333	0.0	0.6666666666666666
mouse_quick	gap25_min40_t0.30	80_300	95	0.05263157894736842	0.010526315789473684	0.9578947368421052
mouse_quick	gap25_min40_t0.30	300_1000	34	0.14705882352941177	0.14705882352941177	1.0294117647058822
mouse_quick	gap25_min40_t0.30	ge1000	3	0.0	0.3333333333333333	1.3333333333333333
mouse_quick	gap50_min80_t0.30	lt80	18	0.4444444444444444	0.0	0.5555555555555556
mouse_quick	gap50_min80_t0.30	80_300	95	0.06315789473684211	0.0	0.9368421052631579
mouse_quick	gap50_min80_t0.30	300_1000	34	0.14705882352941177	0.11764705882352941	1.0
mouse_quick	gap50_min80_t0.30	ge1000	3	0.0	0.3333333333333333	1.3333333333333333
mouse_quick	gap100_min100_t0.30	lt80	18	0.3888888888888889	0.0	0.6111111111111112
mouse_quick	gap100_min100_t0.30	80_300	95	0.05263157894736842	0.0	0.9473684210526315
mouse_quick	gap100_min100_t0.30	300_1000	34	0.14705882352941177	0.08823529411764706	0.9411764705882353
mouse_quick	gap100_min100_t0.30	ge1000	3	0.0	0.3333333333333333	1.3333333333333333
mouse_quick	raw_t0.40	lt80	18	0.3333333333333333	0.0	0.6666666666666666
mouse_quick	raw_t0.40	80_300	95	0.06315789473684211	0.16842105263157894	1.3368421052631578
mouse_quick	raw_t0.40	300_1000	34	0.14705882352941177	0.5	7.323529411764706
mouse_quick	raw_t0.40	ge1000	3	0.0	0.6666666666666666	51.0
mouse_quick	gap25_min40_t0.40	lt80	18	0.3333333333333333	0.0	0.6666666666666666
mouse_quick	gap25_min40_t0.40	80_300	95	0.06315789473684211	0.010526315789473684	0.9473684210526315
mouse_quick	gap25_min40_t0.40	300_1000	34	0.14705882352941177	0.08823529411764706	1.0
mouse_quick	gap25_min40_t0.40	ge1000	3	0.0	0.6666666666666666	2.0
mouse_quick	gap50_min80_t0.40	lt80	18	0.4444444444444444	0.0	0.5555555555555556
mouse_quick	gap50_min80_t0.40	80_300	95	0.07368421052631578	0.0	0.9263157894736842
mouse_quick	gap50_min80_t0.40	300_1000	34	0.14705882352941177	0.08823529411764706	0.9705882352941176
mouse_quick	gap50_min80_t0.40	ge1000	3	0.0	0.3333333333333333	1.3333333333333333
mouse_quick	gap100_min100_t0.40	lt80	18	0.3888888888888889	0.0	0.6111111111111112
mouse_quick	gap100_min100_t0.40	80_300	95	0.06315789473684211	0.0	0.9368421052631579
mouse_quick	gap100_min100_t0.40	300_1000	34	0.14705882352941177	0.058823529411764705	0.9117647058823529
mouse_quick	gap100_min100_t0.40	ge1000	3	0.0	0.3333333333333333	1.3333333333333333
mouse_quick	raw_t0.50	lt80	18	0.3333333333333333	0.0	0.6666666666666666
mouse_quick	raw_t0.50	80_300	95	0.06315789473684211	0.23157894736842105	1.4947368421052631
mouse_quick	raw_t0.50	300_1000	34	0.14705882352941177	0.5588235294117647	8.617647058823529
mouse_quick	raw_t0.50	ge1000	3	0.0	1.0	64.66666666666667
mouse_quick	gap25_min40_t0.50	lt80	18	0.3333333333333333	0.0	0.6666666666666666
mouse_quick	gap25_min40_t0.50	80_300	95	0.06315789473684211	0.010526315789473684	0.9473684210526315
mouse_quick	gap25_min40_t0.50	300_1000	34	0.14705882352941177	0.11764705882352941	1.0
mouse_quick	gap25_min40_t0.50	ge1000	3	0.0	0.6666666666666666	2.6666666666666665
mouse_quick	gap50_min80_t0.50	lt80	18	0.4444444444444444	0.0	0.5555555555555556
mouse_quick	gap50_min80_t0.50	80_300	95	0.07368421052631578	0.0	0.9263157894736842
mouse_quick	gap50_min80_t0.50	300_1000	34	0.14705882352941177	0.08823529411764706	0.9411764705882353
mouse_quick	gap50_min80_t0.50	ge1000	3	0.0	0.3333333333333333	1.6666666666666667
mouse_quick	gap100_min100_t0.50	lt80	18	0.3888888888888889	0.0	0.6111111111111112
mouse_quick	gap100_min100_t0.50	80_300	95	0.08421052631578947	0.0	0.9157894736842105
mouse_quick	gap100_min100_t0.50	300_1000	34	0.14705882352941177	0.058823529411764705	0.9117647058823529
mouse_quick	gap100_min100_t0.50	ge1000	3	0.0	0.3333333333333333	1.3333333333333333
mouse_quick	raw_t0.60	lt80	18	0.3333333333333333	0.05555555555555555	0.7222222222222222
mouse_quick	raw_t0.60	80_300	95	0.06315789473684211	0.2631578947368421	1.694736842105263
mouse_quick	raw_t0.60	300_1000	34	0.14705882352941177	0.5882352941176471	11.029411764705882
mouse_quick	raw_t0.60	ge1000	3	0.0	1.0	89.66666666666667
mouse_quick	gap25_min40_t0.60	lt80	18	0.3333333333333333	0.0	0.6666666666666666
mouse_quick	gap25_min40_t0.60	80_300	95	0.06315789473684211	0.021052631578947368	0.9578947368421052
mouse_quick	gap25_min40_t0.60	300_1000	34	0.17647058823529413	0.11764705882352941	0.9705882352941176
mouse_quick	gap25_min40_t0.60	ge1000	3	0.0	0.6666666666666666	2.6666666666666665
mouse_quick	gap50_min80_t0.60	lt80	18	0.5	0.0	0.5
mouse_quick	gap50_min80_t0.60	80_300	95	0.07368421052631578	0.0	0.9263157894736842
mouse_quick	gap50_min80_t0.60	300_1000	34	0.14705882352941177	0.08823529411764706	0.9411764705882353
mouse_quick	gap50_min80_t0.60	ge1000	3	0.0	0.6666666666666666	2.0
mouse_quick	gap100_min100_t0.60	lt80	18	0.3888888888888889	0.0	0.6111111111111112
mouse_quick	gap100_min100_t0.60	80_300	95	0.09473684210526316	0.0	0.9052631578947369
mouse_quick	gap100_min100_t0.60	300_1000	34	0.14705882352941177	0.029411764705882353	0.8823529411764706
mouse_quick	gap100_min100_t0.60	ge1000	3	0.0	0.3333333333333333	1.3333333333333333
mouse_quick	raw_t0.70	lt80	18	0.3333333333333333	0.05555555555555555	0.7222222222222222
mouse_quick	raw_t0.70	80_300	95	0.06315789473684211	0.3368421052631579	1.7789473684210526
mouse_quick	raw_t0.70	300_1000	34	0.17647058823529413	0.6176470588235294	12.529411764705882
mouse_quick	raw_t0.70	ge1000	3	0.0	1.0	149.66666666666666
mouse_quick	gap25_min40_t0.70	lt80	18	0.3333333333333333	0.0	0.6666666666666666
mouse_quick	gap25_min40_t0.70	80_300	95	0.06315789473684211	0.021052631578947368	0.9578947368421052
mouse_quick	gap25_min40_t0.70	300_1000	34	0.20588235294117646	0.17647058823529413	0.9705882352941176
mouse_quick	gap25_min40_t0.70	ge1000	3	0.0	0.6666666666666666	3.6666666666666665
mouse_quick	gap50_min80_t0.70	lt80	18	0.5	0.0	0.5
mouse_quick	gap50_min80_t0.70	80_300	95	0.08421052631578947	0.010526315789473684	0.9263157894736842
mouse_quick	gap50_min80_t0.70	300_1000	34	0.17647058823529413	0.08823529411764706	0.9411764705882353
mouse_quick	gap50_min80_t0.70	ge1000	3	0.0	0.6666666666666666	2.0
mouse_quick	gap100_min100_t0.70	lt80	18	0.4444444444444444	0.0	0.5555555555555556
mouse_quick	gap100_min100_t0.70	80_300	95	0.09473684210526316	0.0	0.9052631578947369
mouse_quick	gap100_min100_t0.70	300_1000	34	0.17647058823529413	0.029411764705882353	0.8529411764705882
mouse_quick	gap100_min100_t0.70	ge1000	3	0.0	0.6666666666666666	1.6666666666666667
mouse_quick	raw_t0.80	lt80	18	0.3333333333333333	0.1111111111111111	0.9444444444444444
mouse_quick	raw_t0.80	80_300	95	0.06315789473684211	0.3157894736842105	1.9578947368421054
mouse_quick	raw_t0.80	300_1000	34	0.20588235294117646	0.5882352941176471	11.323529411764707
mouse_quick	raw_t0.80	ge1000	3	0.0	1.0	224.33333333333334
mouse_quick	gap25_min40_t0.80	lt80	18	0.3333333333333333	0.0	0.6666666666666666
mouse_quick	gap25_min40_t0.80	80_300	95	0.06315789473684211	0.010526315789473684	0.9473684210526315
mouse_quick	gap25_min40_t0.80	300_1000	34	0.20588235294117646	0.14705882352941177	0.9411764705882353
mouse_quick	gap25_min40_t0.80	ge1000	3	0.0	1.0	5.666666666666667
mouse_quick	gap50_min80_t0.80	lt80	18	0.5555555555555556	0.0	0.4444444444444444
mouse_quick	gap50_min80_t0.80	80_300	95	0.09473684210526316	0.0	0.9052631578947369
mouse_quick	gap50_min80_t0.80	300_1000	34	0.20588235294117646	0.029411764705882353	0.8235294117647058
mouse_quick	gap50_min80_t0.80	ge1000	3	0.0	0.6666666666666666	3.0
mouse_quick	gap100_min100_t0.80	lt80	18	0.4444444444444444	0.0	0.5555555555555556
mouse_quick	gap100_min100_t0.80	80_300	95	0.09473684210526316	0.0	0.9052631578947369
mouse_quick	gap100_min100_t0.80	300_1000	34	0.20588235294117646	0.058823529411764705	0.8529411764705882
mouse_quick	gap100_min100_t0.80	ge1000	3	0.0	0.6666666666666666	1.6666666666666667
mouse_quick	hmm_p1	lt80	18	0.3333333333333333	0.0	0.6666666666666666
mouse_quick	hmm_p1	80_300	95	0.06315789473684211	0.06315789473684211	1.0
mouse_quick	hmm_p1	300_1000	34	0.17647058823529413	0.23529411764705882	1.4705882352941178
mouse_quick	hmm_p1	ge1000	3	0.0	0.6666666666666666	5.666666666666667
mouse_quick	hmm_p1_rescue_t0.50_max80	lt80	18	0.3333333333333333	0.0	0.6666666666666666
mouse_quick	hmm_p1_rescue_t0.50_max80	80_300	95	0.06315789473684211	0.12631578947368421	1.2105263157894737
mouse_quick	hmm_p1_rescue_t0.50_max80	300_1000	34	0.14705882352941177	0.4411764705882353	4.323529411764706
mouse_quick	hmm_p1_rescue_t0.50_max80	ge1000	3	0.0	0.6666666666666666	33.666666666666664
mouse_quick	hmm_p1_rescue_t0.50_max150	lt80	18	0.3333333333333333	0.0	0.6666666666666666
mouse_quick	hmm_p1_rescue_t0.50_max150	80_300	95	0.06315789473684211	0.12631578947368421	1.2105263157894737
mouse_quick	hmm_p1_rescue_t0.50_max150	300_1000	34	0.14705882352941177	0.4411764705882353	4.323529411764706
mouse_quick	hmm_p1_rescue_t0.50_max150	ge1000	3	0.0	0.6666666666666666	33.666666666666664
mouse_quick	hmm_p1_rescue_t0.50_max300	lt80	18	0.3333333333333333	0.0	0.6666666666666666
mouse_quick	hmm_p1_rescue_t0.50_max300	80_300	95	0.06315789473684211	0.12631578947368421	1.2105263157894737
mouse_quick	hmm_p1_rescue_t0.50_max300	300_1000	34	0.14705882352941177	0.4411764705882353	4.323529411764706
mouse_quick	hmm_p1_rescue_t0.50_max300	ge1000	3	0.0	0.6666666666666666	33.666666666666664
mouse_quick	hmm_p1_rescue_t0.60_max80	lt80	18	0.3333333333333333	0.0	0.6666666666666666
mouse_quick	hmm_p1_rescue_t0.60_max80	80_300	95	0.06315789473684211	0.08421052631578947	1.0526315789473684
mouse_quick	hmm_p1_rescue_t0.60_max80	300_1000	34	0.14705882352941177	0.29411764705882354	2.088235294117647
mouse_quick	hmm_p1_rescue_t0.60_max80	ge1000	3	0.0	0.6666666666666666	10.666666666666666
mouse_quick	hmm_p1_rescue_t0.60_max150	lt80	18	0.3333333333333333	0.0	0.6666666666666666
mouse_quick	hmm_p1_rescue_t0.60_max150	80_300	95	0.06315789473684211	0.08421052631578947	1.0526315789473684
mouse_quick	hmm_p1_rescue_t0.60_max150	300_1000	34	0.14705882352941177	0.29411764705882354	2.088235294117647
mouse_quick	hmm_p1_rescue_t0.60_max150	ge1000	3	0.0	0.6666666666666666	10.666666666666666
mouse_quick	hmm_p1_rescue_t0.60_max300	lt80	18	0.3333333333333333	0.0	0.6666666666666666
mouse_quick	hmm_p1_rescue_t0.60_max300	80_300	95	0.06315789473684211	0.08421052631578947	1.0526315789473684
mouse_quick	hmm_p1_rescue_t0.60_max300	300_1000	34	0.14705882352941177	0.29411764705882354	2.088235294117647
mouse_quick	hmm_p1_rescue_t0.60_max300	ge1000	3	0.0	0.6666666666666666	10.666666666666666
mouse_quick	hmm_p1_rescue_t0.70_max80	lt80	18	0.3333333333333333	0.0	0.6666666666666666
mouse_quick	hmm_p1_rescue_t0.70_max80	80_300	95	0.06315789473684211	0.06315789473684211	1.0
mouse_quick	hmm_p1_rescue_t0.70_max80	300_1000	34	0.17647058823529413	0.23529411764705882	1.5294117647058822
mouse_quick	hmm_p1_rescue_t0.70_max80	ge1000	3	0.0	0.6666666666666666	6.0
mouse_quick	hmm_p1_rescue_t0.70_max150	lt80	18	0.3333333333333333	0.0	0.6666666666666666
mouse_quick	hmm_p1_rescue_t0.70_max150	80_300	95	0.06315789473684211	0.06315789473684211	1.0
mouse_quick	hmm_p1_rescue_t0.70_max150	300_1000	34	0.17647058823529413	0.23529411764705882	1.5294117647058822
mouse_quick	hmm_p1_rescue_t0.70_max150	ge1000	3	0.0	0.6666666666666666	6.0
mouse_quick	hmm_p1_rescue_t0.70_max300	lt80	18	0.3333333333333333	0.0	0.6666666666666666
mouse_quick	hmm_p1_rescue_t0.70_max300	80_300	95	0.06315789473684211	0.06315789473684211	1.0
mouse_quick	hmm_p1_rescue_t0.70_max300	300_1000	34	0.17647058823529413	0.23529411764705882	1.5294117647058822
mouse_quick	hmm_p1_rescue_t0.70_max300	ge1000	3	0.0	0.6666666666666666	6.0
mouse_quick	lenadaptive_raw0.20_hmm1_cut80	lt80	18	0.4444444444444444	0.0	0.5555555555555556
mouse_quick	lenadaptive_raw0.20_hmm1_cut80	80_300	95	0.05263157894736842	0.10526315789473684	1.2947368421052632
mouse_quick	lenadaptive_raw0.20_hmm1_cut80	300_1000	34	0.11764705882352941	0.4117647058823529	5.911764705882353
mouse_quick	lenadaptive_raw0.20_hmm1_cut80	ge1000	3	0.0	0.6666666666666666	24.0
mouse_quick	lenadaptive_raw0.20_hmm1_cut150	lt80	18	0.4444444444444444	0.0	0.5555555555555556
mouse_quick	lenadaptive_raw0.20_hmm1_cut150	80_300	95	0.10526315789473684	0.10526315789473684	1.2421052631578948
mouse_quick	lenadaptive_raw0.20_hmm1_cut150	300_1000	34	0.11764705882352941	0.4117647058823529	5.911764705882353
mouse_quick	lenadaptive_raw0.20_hmm1_cut150	ge1000	3	0.0	0.6666666666666666	23.333333333333332
mouse_quick	lenadaptive_raw0.20_hmm1_cut300	lt80	18	0.5	0.0	0.5
mouse_quick	lenadaptive_raw0.20_hmm1_cut300	80_300	95	0.07368421052631578	0.10526315789473684	1.2736842105263158
mouse_quick	lenadaptive_raw0.20_hmm1_cut300	300_1000	34	0.11764705882352941	0.4117647058823529	6.0
mouse_quick	lenadaptive_raw0.20_hmm1_cut300	ge1000	3	0.0	0.6666666666666666	23.666666666666668
mouse_quick	lenadaptive_raw0.30_hmm1_cut80	lt80	18	0.3333333333333333	0.0	0.6666666666666666
mouse_quick	lenadaptive_raw0.30_hmm1_cut80	80_300	95	0.05263157894736842	0.14736842105263157	1.4
mouse_quick	lenadaptive_raw0.30_hmm1_cut80	300_1000	34	0.14705882352941177	0.47058823529411764	6.617647058823529
mouse_quick	lenadaptive_raw0.30_hmm1_cut80	ge1000	3	0.0	0.6666666666666666	36.333333333333336
mouse_quick	lenadaptive_raw0.30_hmm1_cut150	lt80	18	0.3333333333333333	0.0	0.6666666666666666
mouse_quick	lenadaptive_raw0.30_hmm1_cut150	80_300	95	0.06315789473684211	0.14736842105263157	1.3894736842105264
mouse_quick	lenadaptive_raw0.30_hmm1_cut150	300_1000	34	0.14705882352941177	0.47058823529411764	6.705882352941177
mouse_quick	lenadaptive_raw0.30_hmm1_cut150	ge1000	3	0.0	0.6666666666666666	37.0
mouse_quick	lenadaptive_raw0.30_hmm1_cut300	lt80	18	0.4444444444444444	0.0	0.5555555555555556
mouse_quick	lenadaptive_raw0.30_hmm1_cut300	80_300	95	0.06315789473684211	0.14736842105263157	1.4
mouse_quick	lenadaptive_raw0.30_hmm1_cut300	300_1000	34	0.14705882352941177	0.47058823529411764	6.705882352941177
mouse_quick	lenadaptive_raw0.30_hmm1_cut300	ge1000	3	0.0	0.6666666666666666	37.333333333333336
mouse_quick	lenadaptive_raw0.40_hmm1_cut80	lt80	18	0.3333333333333333	0.0	0.6666666666666666
mouse_quick	lenadaptive_raw0.40_hmm1_cut80	80_300	95	0.06315789473684211	0.14736842105263157	1.2842105263157895
mouse_quick	lenadaptive_raw0.40_hmm1_cut80	300_1000	34	0.14705882352941177	0.4411764705882353	6.647058823529412
mouse_quick	lenadaptive_raw0.40_hmm1_cut80	ge1000	3	0.0	0.6666666666666666	44.666666666666664
mouse_quick	lenadaptive_raw0.40_hmm1_cut150	lt80	18	0.3333333333333333	0.0	0.6666666666666666
mouse_quick	lenadaptive_raw0.40_hmm1_cut150	80_300	95	0.07368421052631578	0.14736842105263157	1.2842105263157895
mouse_quick	lenadaptive_raw0.40_hmm1_cut150	300_1000	34	0.14705882352941177	0.4411764705882353	6.9411764705882355
mouse_quick	lenadaptive_raw0.40_hmm1_cut150	ge1000	3	0.0	0.6666666666666666	48.0
mouse_quick	lenadaptive_raw0.40_hmm1_cut300	lt80	18	0.3333333333333333	0.0	0.6666666666666666
mouse_quick	lenadaptive_raw0.40_hmm1_cut300	80_300	95	0.06315789473684211	0.15789473684210525	1.3263157894736841
mouse_quick	lenadaptive_raw0.40_hmm1_cut300	300_1000	34	0.14705882352941177	0.4411764705882353	6.9411764705882355
mouse_quick	lenadaptive_raw0.40_hmm1_cut300	ge1000	3	0.0	0.6666666666666666	48.333333333333336
mouse_quick	lenadaptive_raw0.50_hmm1_cut80	lt80	18	0.3333333333333333	0.0	0.6666666666666666
mouse_quick	lenadaptive_raw0.50_hmm1_cut80	80_300	95	0.06315789473684211	0.12631578947368421	1.2210526315789474
mouse_quick	lenadaptive_raw0.50_hmm1_cut80	300_1000	34	0.14705882352941177	0.4411764705882353	5.764705882352941
mouse_quick	lenadaptive_raw0.50_hmm1_cut80	ge1000	3	0.0	0.6666666666666666	34.333333333333336
mouse_quick	lenadaptive_raw0.50_hmm1_cut150	lt80	18	0.3333333333333333	0.0	0.6666666666666666
mouse_quick	lenadaptive_raw0.50_hmm1_cut150	80_300	95	0.06315789473684211	0.16842105263157894	1.3157894736842106
mouse_quick	lenadaptive_raw0.50_hmm1_cut150	300_1000	34	0.14705882352941177	0.4411764705882353	6.970588235294118
mouse_quick	lenadaptive_raw0.50_hmm1_cut150	ge1000	3	0.0	0.6666666666666666	42.333333333333336
mouse_quick	lenadaptive_raw0.50_hmm1_cut300	lt80	18	0.3333333333333333	0.0	0.6666666666666666
mouse_quick	lenadaptive_raw0.50_hmm1_cut300	80_300	95	0.06315789473684211	0.21052631578947367	1.4736842105263157
mouse_quick	lenadaptive_raw0.50_hmm1_cut300	300_1000	34	0.14705882352941177	0.4411764705882353	6.970588235294118
mouse_quick	lenadaptive_raw0.50_hmm1_cut300	ge1000	3	0.0	0.6666666666666666	49.0
mouse_quick	lenadaptive_raw0.60_hmm1_cut80	lt80	18	0.3333333333333333	0.0	0.6666666666666666
mouse_quick	lenadaptive_raw0.60_hmm1_cut80	80_300	95	0.06315789473684211	0.08421052631578947	1.0736842105263158
mouse_quick	lenadaptive_raw0.60_hmm1_cut80	300_1000	34	0.14705882352941177	0.29411764705882354	4.352941176470588
mouse_quick	lenadaptive_raw0.60_hmm1_cut80	ge1000	3	0.0	0.6666666666666666	11.666666666666666
mouse_quick	lenadaptive_raw0.60_hmm1_cut150	lt80	18	0.3333333333333333	0.05555555555555555	0.7222222222222222
mouse_quick	lenadaptive_raw0.60_hmm1_cut150	80_300	95	0.06315789473684211	0.16842105263157894	1.3473684210526315
mouse_quick	lenadaptive_raw0.60_hmm1_cut150	300_1000	34	0.14705882352941177	0.29411764705882354	6.294117647058823
mouse_quick	lenadaptive_raw0.60_hmm1_cut150	ge1000	3	0.0	0.6666666666666666	28.0
mouse_quick	lenadaptive_raw0.60_hmm1_cut300	lt80	18	0.3333333333333333	0.05555555555555555	0.7222222222222222
mouse_quick	lenadaptive_raw0.60_hmm1_cut300	80_300	95	0.06315789473684211	0.24210526315789474	1.6631578947368422
mouse_quick	lenadaptive_raw0.60_hmm1_cut300	300_1000	34	0.14705882352941177	0.29411764705882354	6.294117647058823
mouse_quick	lenadaptive_raw0.60_hmm1_cut300	ge1000	3	0.0	0.6666666666666666	42.666666666666664
mouse_quick	lenadaptive_raw0.70_hmm1_cut80	lt80	18	0.3333333333333333	0.0	0.6666666666666666
mouse_quick	lenadaptive_raw0.70_hmm1_cut80	80_300	95	0.06315789473684211	0.06315789473684211	1.0210526315789474
mouse_quick	lenadaptive_raw0.70_hmm1_cut80	300_1000	34	0.17647058823529413	0.23529411764705882	3.4411764705882355
mouse_quick	lenadaptive_raw0.70_hmm1_cut80	ge1000	3	0.0	0.6666666666666666	6.333333333333333
mouse_quick	lenadaptive_raw0.70_hmm1_cut150	lt80	18	0.3333333333333333	0.05555555555555555	0.7222222222222222
mouse_quick	lenadaptive_raw0.70_hmm1_cut150	80_300	95	0.06315789473684211	0.17894736842105263	1.3473684210526315
mouse_quick	lenadaptive_raw0.70_hmm1_cut150	300_1000	34	0.17647058823529413	0.23529411764705882	5.5588235294117645
mouse_quick	lenadaptive_raw0.70_hmm1_cut150	ge1000	3	0.0	0.6666666666666666	26.333333333333332
mouse_quick	lenadaptive_raw0.70_hmm1_cut300	lt80	18	0.3333333333333333	0.05555555555555555	0.7222222222222222
mouse_quick	lenadaptive_raw0.70_hmm1_cut300	80_300	95	0.06315789473684211	0.30526315789473685	1.7052631578947368
mouse_quick	lenadaptive_raw0.70_hmm1_cut300	300_1000	34	0.17647058823529413	0.23529411764705882	5.5588235294117645
mouse_quick	lenadaptive_raw0.70_hmm1_cut300	ge1000	3	0.0	0.6666666666666666	52.0
mouse_quick	lenadaptive_raw0.80_hmm1_cut80	lt80	18	0.3333333333333333	0.05555555555555555	0.8333333333333334
mouse_quick	lenadaptive_raw0.80_hmm1_cut80	80_300	95	0.06315789473684211	0.042105263157894736	0.9789473684210527
mouse_quick	lenadaptive_raw0.80_hmm1_cut80	300_1000	34	0.20588235294117646	0.17647058823529413	2.3529411764705883
mouse_quick	lenadaptive_raw0.80_hmm1_cut80	ge1000	3	0.0	0.6666666666666666	6.0
mouse_quick	lenadaptive_raw0.80_hmm1_cut150	lt80	18	0.3333333333333333	0.1111111111111111	0.9444444444444444
mouse_quick	lenadaptive_raw0.80_hmm1_cut150	80_300	95	0.06315789473684211	0.17894736842105263	1.368421052631579
mouse_quick	lenadaptive_raw0.80_hmm1_cut150	300_1000	34	0.20588235294117646	0.17647058823529413	3.911764705882353
mouse_quick	lenadaptive_raw0.80_hmm1_cut150	ge1000	3	0.0	0.6666666666666666	20.0
mouse_quick	lenadaptive_raw0.80_hmm1_cut300	lt80	18	0.3333333333333333	0.1111111111111111	0.9444444444444444
mouse_quick	lenadaptive_raw0.80_hmm1_cut300	80_300	95	0.06315789473684211	0.2736842105263158	1.8105263157894738
mouse_quick	lenadaptive_raw0.80_hmm1_cut300	300_1000	34	0.20588235294117646	0.17647058823529413	3.911764705882353
mouse_quick	lenadaptive_raw0.80_hmm1_cut300	ge1000	3	0.0	0.6666666666666666	46.333333333333336
mouse_quick	hmm_p2	lt80	18	0.3333333333333333	0.0	0.6666666666666666
mouse_quick	hmm_p2	80_300	95	0.06315789473684211	0.05263157894736842	0.9894736842105263
mouse_quick	hmm_p2	300_1000	34	0.17647058823529413	0.14705882352941177	1.2352941176470589
mouse_quick	hmm_p2	ge1000	3	0.0	0.6666666666666666	5.0
mouse_quick	hmm_p2_rescue_t0.50_max80	lt80	18	0.3333333333333333	0.0	0.6666666666666666
mouse_quick	hmm_p2_rescue_t0.50_max80	80_300	95	0.06315789473684211	0.11578947368421053	1.2
mouse_quick	hmm_p2_rescue_t0.50_max80	300_1000	34	0.14705882352941177	0.4411764705882353	4.147058823529412
mouse_quick	hmm_p2_rescue_t0.50_max80	ge1000	3	0.0	0.6666666666666666	32.333333333333336
mouse_quick	hmm_p2_rescue_t0.50_max150	lt80	18	0.3333333333333333	0.0	0.6666666666666666
mouse_quick	hmm_p2_rescue_t0.50_max150	80_300	95	0.06315789473684211	0.11578947368421053	1.2
mouse_quick	hmm_p2_rescue_t0.50_max150	300_1000	34	0.14705882352941177	0.4411764705882353	4.147058823529412
mouse_quick	hmm_p2_rescue_t0.50_max150	ge1000	3	0.0	0.6666666666666666	32.333333333333336
mouse_quick	hmm_p2_rescue_t0.50_max300	lt80	18	0.3333333333333333	0.0	0.6666666666666666
mouse_quick	hmm_p2_rescue_t0.50_max300	80_300	95	0.06315789473684211	0.11578947368421053	1.2
mouse_quick	hmm_p2_rescue_t0.50_max300	300_1000	34	0.14705882352941177	0.4411764705882353	4.147058823529412
mouse_quick	hmm_p2_rescue_t0.50_max300	ge1000	3	0.0	0.6666666666666666	32.333333333333336
mouse_quick	hmm_p2_rescue_t0.60_max80	lt80	18	0.3333333333333333	0.0	0.6666666666666666
mouse_quick	hmm_p2_rescue_t0.60_max80	80_300	95	0.06315789473684211	0.07368421052631578	1.0421052631578946
mouse_quick	hmm_p2_rescue_t0.60_max80	300_1000	34	0.14705882352941177	0.29411764705882354	2.0
mouse_quick	hmm_p2_rescue_t0.60_max80	ge1000	3	0.0	0.6666666666666666	10.0
mouse_quick	hmm_p2_rescue_t0.60_max150	lt80	18	0.3333333333333333	0.0	0.6666666666666666
mouse_quick	hmm_p2_rescue_t0.60_max150	80_300	95	0.06315789473684211	0.07368421052631578	1.0421052631578946
mouse_quick	hmm_p2_rescue_t0.60_max150	300_1000	34	0.14705882352941177	0.29411764705882354	2.0
mouse_quick	hmm_p2_rescue_t0.60_max150	ge1000	3	0.0	0.6666666666666666	10.0
mouse_quick	hmm_p2_rescue_t0.60_max300	lt80	18	0.3333333333333333	0.0	0.6666666666666666
mouse_quick	hmm_p2_rescue_t0.60_max300	80_300	95	0.06315789473684211	0.07368421052631578	1.0421052631578946
mouse_quick	hmm_p2_rescue_t0.60_max300	300_1000	34	0.14705882352941177	0.29411764705882354	2.0
mouse_quick	hmm_p2_rescue_t0.60_max300	ge1000	3	0.0	0.6666666666666666	10.0
mouse_quick	hmm_p2_rescue_t0.70_max80	lt80	18	0.3333333333333333	0.0	0.6666666666666666
mouse_quick	hmm_p2_rescue_t0.70_max80	80_300	95	0.06315789473684211	0.05263157894736842	0.9894736842105263
mouse_quick	hmm_p2_rescue_t0.70_max80	300_1000	34	0.17647058823529413	0.20588235294117646	1.3529411764705883
mouse_quick	hmm_p2_rescue_t0.70_max80	ge1000	3	0.0	0.6666666666666666	5.666666666666667
mouse_quick	hmm_p2_rescue_t0.70_max150	lt80	18	0.3333333333333333	0.0	0.6666666666666666
mouse_quick	hmm_p2_rescue_t0.70_max150	80_300	95	0.06315789473684211	0.05263157894736842	0.9894736842105263
mouse_quick	hmm_p2_rescue_t0.70_max150	300_1000	34	0.17647058823529413	0.20588235294117646	1.3529411764705883
mouse_quick	hmm_p2_rescue_t0.70_max150	ge1000	3	0.0	0.6666666666666666	5.666666666666667
mouse_quick	hmm_p2_rescue_t0.70_max300	lt80	18	0.3333333333333333	0.0	0.6666666666666666
mouse_quick	hmm_p2_rescue_t0.70_max300	80_300	95	0.06315789473684211	0.05263157894736842	0.9894736842105263
mouse_quick	hmm_p2_rescue_t0.70_max300	300_1000	34	0.17647058823529413	0.20588235294117646	1.3529411764705883
mouse_quick	hmm_p2_rescue_t0.70_max300	ge1000	3	0.0	0.6666666666666666	5.666666666666667
mouse_quick	lenadaptive_raw0.20_hmm2_cut80	lt80	18	0.4444444444444444	0.0	0.5555555555555556
mouse_quick	lenadaptive_raw0.20_hmm2_cut80	80_300	95	0.05263157894736842	0.10526315789473684	1.2947368421052632
mouse_quick	lenadaptive_raw0.20_hmm2_cut80	300_1000	34	0.11764705882352941	0.4117647058823529	5.911764705882353
mouse_quick	lenadaptive_raw0.20_hmm2_cut80	ge1000	3	0.0	0.6666666666666666	23.666666666666668
mouse_quick	lenadaptive_raw0.20_hmm2_cut150	lt80	18	0.3888888888888889	0.0	0.6111111111111112
mouse_quick	lenadaptive_raw0.20_hmm2_cut150	80_300	95	0.07368421052631578	0.10526315789473684	1.2736842105263158
mouse_quick	lenadaptive_raw0.20_hmm2_cut150	300_1000	34	0.11764705882352941	0.4117647058823529	5.911764705882353
mouse_quick	lenadaptive_raw0.20_hmm2_cut150	ge1000	3	0.0	0.6666666666666666	23.0
mouse_quick	lenadaptive_raw0.20_hmm2_cut300	lt80	18	0.3888888888888889	0.0	0.6111111111111112
mouse_quick	lenadaptive_raw0.20_hmm2_cut300	80_300	95	0.05263157894736842	0.10526315789473684	1.2947368421052632
mouse_quick	lenadaptive_raw0.20_hmm2_cut300	300_1000	34	0.11764705882352941	0.4117647058823529	6.0
mouse_quick	lenadaptive_raw0.20_hmm2_cut300	ge1000	3	0.0	0.6666666666666666	23.666666666666668
mouse_quick	lenadaptive_raw0.30_hmm2_cut80	lt80	18	0.3333333333333333	0.0	0.6666666666666666
mouse_quick	lenadaptive_raw0.30_hmm2_cut80	80_300	95	0.05263157894736842	0.1368421052631579	1.3894736842105264
mouse_quick	lenadaptive_raw0.30_hmm2_cut80	300_1000	34	0.14705882352941177	0.47058823529411764	6.4411764705882355
mouse_quick	lenadaptive_raw0.30_hmm2_cut80	ge1000	3	0.0	0.6666666666666666	36.0
mouse_quick	lenadaptive_raw0.30_hmm2_cut150	lt80	18	0.3333333333333333	0.0	0.6666666666666666
mouse_quick	lenadaptive_raw0.30_hmm2_cut150	80_300	95	0.06315789473684211	0.14736842105263157	1.3894736842105264
mouse_quick	lenadaptive_raw0.30_hmm2_cut150	300_1000	34	0.14705882352941177	0.47058823529411764	6.5
mouse_quick	lenadaptive_raw0.30_hmm2_cut150	ge1000	3	0.0	0.6666666666666666	36.666666666666664
mouse_quick	lenadaptive_raw0.30_hmm2_cut300	lt80	18	0.3333333333333333	0.0	0.6666666666666666
mouse_quick	lenadaptive_raw0.30_hmm2_cut300	80_300	95	0.05263157894736842	0.15789473684210525	1.4210526315789473
mouse_quick	lenadaptive_raw0.30_hmm2_cut300	300_1000	34	0.14705882352941177	0.47058823529411764	6.705882352941177
mouse_quick	lenadaptive_raw0.30_hmm2_cut300	ge1000	3	0.0	0.6666666666666666	37.0
mouse_quick	lenadaptive_raw0.40_hmm2_cut80	lt80	18	0.3333333333333333	0.0	0.6666666666666666
mouse_quick	lenadaptive_raw0.40_hmm2_cut80	80_300	95	0.06315789473684211	0.12631578947368421	1.263157894736842
mouse_quick	lenadaptive_raw0.40_hmm2_cut80	300_1000	34	0.14705882352941177	0.4411764705882353	6.264705882352941
mouse_quick	lenadaptive_raw0.40_hmm2_cut80	ge1000	3	0.0	0.6666666666666666	43.666666666666664
mouse_quick	lenadaptive_raw0.40_hmm2_cut150	lt80	18	0.3333333333333333	0.0	0.6666666666666666
mouse_quick	lenadaptive_raw0.40_hmm2_cut150	80_300	95	0.07368421052631578	0.1368421052631579	1.2736842105263158
mouse_quick	lenadaptive_raw0.40_hmm2_cut150	300_1000	34	0.14705882352941177	0.4411764705882353	6.411764705882353
mouse_quick	lenadaptive_raw0.40_hmm2_cut150	ge1000	3	0.0	0.6666666666666666	47.0
mouse_quick	lenadaptive_raw0.40_hmm2_cut300	lt80	18	0.3333333333333333	0.0	0.6666666666666666
mouse_quick	lenadaptive_raw0.40_hmm2_cut300	80_300	95	0.06315789473684211	0.15789473684210525	1.3263157894736841
mouse_quick	lenadaptive_raw0.40_hmm2_cut300	300_1000	34	0.14705882352941177	0.4411764705882353	6.852941176470588
mouse_quick	lenadaptive_raw0.40_hmm2_cut300	ge1000	3	0.0	0.6666666666666666	47.0
mouse_quick	lenadaptive_raw0.50_hmm2_cut80	lt80	18	0.3333333333333333	0.0	0.6666666666666666
mouse_quick	lenadaptive_raw0.50_hmm2_cut80	80_300	95	0.06315789473684211	0.11578947368421053	1.2
mouse_quick	lenadaptive_raw0.50_hmm2_cut80	300_1000	34	0.14705882352941177	0.4411764705882353	5.117647058823529
mouse_quick	lenadaptive_raw0.50_hmm2_cut80	ge1000	3	0.0	0.6666666666666666	33.0
mouse_quick	lenadaptive_raw0.50_hmm2_cut150	lt80	18	0.3333333333333333	0.0	0.6666666666666666
mouse_quick	lenadaptive_raw0.50_hmm2_cut150	80_300	95	0.06315789473684211	0.16842105263157894	1.3157894736842106
mouse_quick	lenadaptive_raw0.50_hmm2_cut150	300_1000	34	0.14705882352941177	0.4411764705882353	5.5
mouse_quick	lenadaptive_raw0.50_hmm2_cut150	ge1000	3	0.0	0.6666666666666666	41.0
mouse_quick	lenadaptive_raw0.50_hmm2_cut300	lt80	18	0.3333333333333333	0.0	0.6666666666666666
mouse_quick	lenadaptive_raw0.50_hmm2_cut300	80_300	95	0.06315789473684211	0.21052631578947367	1.4736842105263157
mouse_quick	lenadaptive_raw0.50_hmm2_cut300	300_1000	34	0.14705882352941177	0.4411764705882353	6.852941176470588
mouse_quick	lenadaptive_raw0.50_hmm2_cut300	ge1000	3	0.0	0.6666666666666666	45.0
mouse_quick	lenadaptive_raw0.60_hmm2_cut80	lt80	18	0.3333333333333333	0.0	0.6666666666666666
mouse_quick	lenadaptive_raw0.60_hmm2_cut80	80_300	95	0.06315789473684211	0.07368421052631578	1.063157894736842
mouse_quick	lenadaptive_raw0.60_hmm2_cut80	300_1000	34	0.14705882352941177	0.29411764705882354	3.5294117647058822
mouse_quick	lenadaptive_raw0.60_hmm2_cut80	ge1000	3	0.0	0.6666666666666666	11.0
mouse_quick	lenadaptive_raw0.60_hmm2_cut150	lt80	18	0.3333333333333333	0.05555555555555555	0.7222222222222222
mouse_quick	lenadaptive_raw0.60_hmm2_cut150	80_300	95	0.06315789473684211	0.15789473684210525	1.3368421052631578
mouse_quick	lenadaptive_raw0.60_hmm2_cut150	300_1000	34	0.14705882352941177	0.29411764705882354	4.294117647058823
mouse_quick	lenadaptive_raw0.60_hmm2_cut150	ge1000	3	0.0	0.6666666666666666	27.333333333333332
mouse_quick	lenadaptive_raw0.60_hmm2_cut300	lt80	18	0.3333333333333333	0.05555555555555555	0.7222222222222222
mouse_quick	lenadaptive_raw0.60_hmm2_cut300	80_300	95	0.06315789473684211	0.24210526315789474	1.6631578947368422
mouse_quick	lenadaptive_raw0.60_hmm2_cut300	300_1000	34	0.14705882352941177	0.29411764705882354	6.205882352941177
mouse_quick	lenadaptive_raw0.60_hmm2_cut300	ge1000	3	0.0	0.6666666666666666	35.333333333333336
mouse_quick	lenadaptive_raw0.70_hmm2_cut80	lt80	18	0.3333333333333333	0.0	0.6666666666666666
mouse_quick	lenadaptive_raw0.70_hmm2_cut80	80_300	95	0.06315789473684211	0.05263157894736842	1.0105263157894737
mouse_quick	lenadaptive_raw0.70_hmm2_cut80	300_1000	34	0.17647058823529413	0.23529411764705882	2.676470588235294
mouse_quick	lenadaptive_raw0.70_hmm2_cut80	ge1000	3	0.0	0.6666666666666666	6.0
mouse_quick	lenadaptive_raw0.70_hmm2_cut150	lt80	18	0.3333333333333333	0.05555555555555555	0.7222222222222222
mouse_quick	lenadaptive_raw0.70_hmm2_cut150	80_300	95	0.06315789473684211	0.16842105263157894	1.3368421052631578
mouse_quick	lenadaptive_raw0.70_hmm2_cut150	300_1000	34	0.17647058823529413	0.23529411764705882	3.676470588235294
mouse_quick	lenadaptive_raw0.70_hmm2_cut150	ge1000	3	0.0	0.6666666666666666	26.0
mouse_quick	lenadaptive_raw0.70_hmm2_cut300	lt80	18	0.3333333333333333	0.05555555555555555	0.7222222222222222
mouse_quick	lenadaptive_raw0.70_hmm2_cut300	80_300	95	0.06315789473684211	0.30526315789473685	1.7052631578947368
mouse_quick	lenadaptive_raw0.70_hmm2_cut300	300_1000	34	0.17647058823529413	0.23529411764705882	5.529411764705882
mouse_quick	lenadaptive_raw0.70_hmm2_cut300	ge1000	3	0.0	0.6666666666666666	40.333333333333336
mouse_quick	lenadaptive_raw0.80_hmm2_cut80	lt80	18	0.3333333333333333	0.05555555555555555	0.8333333333333334
mouse_quick	lenadaptive_raw0.80_hmm2_cut80	80_300	95	0.06315789473684211	0.042105263157894736	0.9789473684210527
mouse_quick	lenadaptive_raw0.80_hmm2_cut80	300_1000	34	0.20588235294117646	0.17647058823529413	1.8529411764705883
mouse_quick	lenadaptive_raw0.80_hmm2_cut80	ge1000	3	0.0	0.6666666666666666	5.666666666666667
mouse_quick	lenadaptive_raw0.80_hmm2_cut150	lt80	18	0.3333333333333333	0.1111111111111111	0.9444444444444444
mouse_quick	lenadaptive_raw0.80_hmm2_cut150	80_300	95	0.06315789473684211	0.16842105263157894	1.3263157894736841
mouse_quick	lenadaptive_raw0.80_hmm2_cut150	300_1000	34	0.20588235294117646	0.17647058823529413	2.6176470588235294
mouse_quick	lenadaptive_raw0.80_hmm2_cut150	ge1000	3	0.0	0.6666666666666666	19.666666666666668
mouse_quick	lenadaptive_raw0.80_hmm2_cut300	lt80	18	0.3333333333333333	0.1111111111111111	0.9444444444444444
mouse_quick	lenadaptive_raw0.80_hmm2_cut300	80_300	95	0.06315789473684211	0.2736842105263158	1.8105263157894738
mouse_quick	lenadaptive_raw0.80_hmm2_cut300	300_1000	34	0.20588235294117646	0.17647058823529413	3.911764705882353
mouse_quick	lenadaptive_raw0.80_hmm2_cut300	ge1000	3	0.0	0.6666666666666666	31.0
mouse_quick	hmm_p4	lt80	18	0.3333333333333333	0.0	0.6666666666666666
mouse_quick	hmm_p4	80_300	95	0.06315789473684211	0.042105263157894736	0.9789473684210527
mouse_quick	hmm_p4	300_1000	34	0.17647058823529413	0.14705882352941177	1.1176470588235294
mouse_quick	hmm_p4	ge1000	3	0.0	0.6666666666666666	4.0
mouse_quick	hmm_p4_rescue_t0.50_max80	lt80	18	0.3333333333333333	0.0	0.6666666666666666
mouse_quick	hmm_p4_rescue_t0.50_max80	80_300	95	0.06315789473684211	0.10526315789473684	1.168421052631579
mouse_quick	hmm_p4_rescue_t0.50_max80	300_1000	34	0.14705882352941177	0.4411764705882353	3.9705882352941178
mouse_quick	hmm_p4_rescue_t0.50_max80	ge1000	3	0.0	0.6666666666666666	32.333333333333336
mouse_quick	hmm_p4_rescue_t0.50_max150	lt80	18	0.3333333333333333	0.0	0.6666666666666666
mouse_quick	hmm_p4_rescue_t0.50_max150	80_300	95	0.06315789473684211	0.10526315789473684	1.168421052631579
mouse_quick	hmm_p4_rescue_t0.50_max150	300_1000	34	0.14705882352941177	0.4411764705882353	3.9705882352941178
mouse_quick	hmm_p4_rescue_t0.50_max150	ge1000	3	0.0	0.6666666666666666	32.333333333333336
mouse_quick	hmm_p4_rescue_t0.50_max300	lt80	18	0.3333333333333333	0.0	0.6666666666666666
mouse_quick	hmm_p4_rescue_t0.50_max300	80_300	95	0.06315789473684211	0.10526315789473684	1.168421052631579
mouse_quick	hmm_p4_rescue_t0.50_max300	300_1000	34	0.14705882352941177	0.4411764705882353	3.9705882352941178
mouse_quick	hmm_p4_rescue_t0.50_max300	ge1000	3	0.0	0.6666666666666666	32.333333333333336
mouse_quick	hmm_p4_rescue_t0.60_max80	lt80	18	0.3333333333333333	0.0	0.6666666666666666
mouse_quick	hmm_p4_rescue_t0.60_max80	80_300	95	0.06315789473684211	0.06315789473684211	1.0315789473684212
mouse_quick	hmm_p4_rescue_t0.60_max80	300_1000	34	0.14705882352941177	0.29411764705882354	2.0294117647058822
mouse_quick	hmm_p4_rescue_t0.60_max80	ge1000	3	0.0	0.6666666666666666	10.0
mouse_quick	hmm_p4_rescue_t0.60_max150	lt80	18	0.3333333333333333	0.0	0.6666666666666666
mouse_quick	hmm_p4_rescue_t0.60_max150	80_300	95	0.06315789473684211	0.06315789473684211	1.0315789473684212
mouse_quick	hmm_p4_rescue_t0.60_max150	300_1000	34	0.14705882352941177	0.29411764705882354	2.0294117647058822
mouse_quick	hmm_p4_rescue_t0.60_max150	ge1000	3	0.0	0.6666666666666666	10.0
mouse_quick	hmm_p4_rescue_t0.60_max300	lt80	18	0.3333333333333333	0.0	0.6666666666666666
mouse_quick	hmm_p4_rescue_t0.60_max300	80_300	95	0.06315789473684211	0.06315789473684211	1.0315789473684212
mouse_quick	hmm_p4_rescue_t0.60_max300	300_1000	34	0.14705882352941177	0.29411764705882354	2.0294117647058822
mouse_quick	hmm_p4_rescue_t0.60_max300	ge1000	3	0.0	0.6666666666666666	10.0
mouse_quick	hmm_p4_rescue_t0.70_max80	lt80	18	0.3333333333333333	0.0	0.6666666666666666
mouse_quick	hmm_p4_rescue_t0.70_max80	80_300	95	0.06315789473684211	0.042105263157894736	0.9789473684210527
mouse_quick	hmm_p4_rescue_t0.70_max80	300_1000	34	0.17647058823529413	0.20588235294117646	1.2647058823529411
mouse_quick	hmm_p4_rescue_t0.70_max80	ge1000	3	0.0	0.6666666666666666	4.666666666666667
mouse_quick	hmm_p4_rescue_t0.70_max150	lt80	18	0.3333333333333333	0.0	0.6666666666666666
mouse_quick	hmm_p4_rescue_t0.70_max150	80_300	95	0.06315789473684211	0.042105263157894736	0.9789473684210527
mouse_quick	hmm_p4_rescue_t0.70_max150	300_1000	34	0.17647058823529413	0.20588235294117646	1.2647058823529411
mouse_quick	hmm_p4_rescue_t0.70_max150	ge1000	3	0.0	0.6666666666666666	4.666666666666667
mouse_quick	hmm_p4_rescue_t0.70_max300	lt80	18	0.3333333333333333	0.0	0.6666666666666666
mouse_quick	hmm_p4_rescue_t0.70_max300	80_300	95	0.06315789473684211	0.042105263157894736	0.9789473684210527
mouse_quick	hmm_p4_rescue_t0.70_max300	300_1000	34	0.17647058823529413	0.20588235294117646	1.2647058823529411
mouse_quick	hmm_p4_rescue_t0.70_max300	ge1000	3	0.0	0.6666666666666666	4.666666666666667
mouse_quick	lenadaptive_raw0.20_hmm4_cut80	lt80	18	0.3888888888888889	0.0	0.6111111111111112
mouse_quick	lenadaptive_raw0.20_hmm4_cut80	80_300	95	0.05263157894736842	0.10526315789473684	1.2947368421052632
mouse_quick	lenadaptive_raw0.20_hmm4_cut80	300_1000	34	0.11764705882352941	0.4117647058823529	5.970588235294118
mouse_quick	lenadaptive_raw0.20_hmm4_cut80	ge1000	3	0.0	0.6666666666666666	23.333333333333332
mouse_quick	lenadaptive_raw0.20_hmm4_cut150	lt80	18	0.3888888888888889	0.0	0.6111111111111112
mouse_quick	lenadaptive_raw0.20_hmm4_cut150	80_300	95	0.07368421052631578	0.10526315789473684	1.2736842105263158
mouse_quick	lenadaptive_raw0.20_hmm4_cut150	300_1000	34	0.11764705882352941	0.4117647058823529	5.911764705882353
mouse_quick	lenadaptive_raw0.20_hmm4_cut150	ge1000	3	0.0	0.6666666666666666	22.666666666666668
mouse_quick	lenadaptive_raw0.20_hmm4_cut300	lt80	18	0.3888888888888889	0.0	0.6111111111111112
mouse_quick	lenadaptive_raw0.20_hmm4_cut300	80_300	95	0.05263157894736842	0.10526315789473684	1.2947368421052632
mouse_quick	lenadaptive_raw0.20_hmm4_cut300	300_1000	34	0.11764705882352941	0.4117647058823529	6.0
mouse_quick	lenadaptive_raw0.20_hmm4_cut300	ge1000	3	0.0	0.6666666666666666	23.333333333333332
mouse_quick	lenadaptive_raw0.30_hmm4_cut80	lt80	18	0.3333333333333333	0.0	0.6666666666666666
mouse_quick	lenadaptive_raw0.30_hmm4_cut80	80_300	95	0.05263157894736842	0.1368421052631579	1.3894736842105264
mouse_quick	lenadaptive_raw0.30_hmm4_cut80	300_1000	34	0.14705882352941177	0.47058823529411764	6.382352941176471
mouse_quick	lenadaptive_raw0.30_hmm4_cut80	ge1000	3	0.0	0.6666666666666666	35.666666666666664
mouse_quick	lenadaptive_raw0.30_hmm4_cut150	lt80	18	0.3333333333333333	0.0	0.6666666666666666
mouse_quick	lenadaptive_raw0.30_hmm4_cut150	80_300	95	0.06315789473684211	0.14736842105263157	1.3894736842105264
mouse_quick	lenadaptive_raw0.30_hmm4_cut150	300_1000	34	0.14705882352941177	0.47058823529411764	6.5
mouse_quick	lenadaptive_raw0.30_hmm4_cut150	ge1000	3	0.0	0.6666666666666666	36.333333333333336
mouse_quick	lenadaptive_raw0.30_hmm4_cut300	lt80	18	0.3333333333333333	0.0	0.6666666666666666
mouse_quick	lenadaptive_raw0.30_hmm4_cut300	80_300	95	0.05263157894736842	0.15789473684210525	1.4210526315789473
mouse_quick	lenadaptive_raw0.30_hmm4_cut300	300_1000	34	0.14705882352941177	0.47058823529411764	6.705882352941177
mouse_quick	lenadaptive_raw0.30_hmm4_cut300	ge1000	3	0.0	0.6666666666666666	36.666666666666664
mouse_quick	lenadaptive_raw0.40_hmm4_cut80	lt80	18	0.3333333333333333	0.0	0.6666666666666666
mouse_quick	lenadaptive_raw0.40_hmm4_cut80	80_300	95	0.06315789473684211	0.11578947368421053	1.2421052631578948
mouse_quick	lenadaptive_raw0.40_hmm4_cut80	300_1000	34	0.14705882352941177	0.4411764705882353	5.9411764705882355
mouse_quick	lenadaptive_raw0.40_hmm4_cut80	ge1000	3	0.0	0.6666666666666666	42.333333333333336
mouse_quick	lenadaptive_raw0.40_hmm4_cut150	lt80	18	0.3333333333333333	0.0	0.6666666666666666
mouse_quick	lenadaptive_raw0.40_hmm4_cut150	80_300	95	0.07368421052631578	0.12631578947368421	1.2526315789473683
mouse_quick	lenadaptive_raw0.40_hmm4_cut150	300_1000	34	0.14705882352941177	0.4411764705882353	6.411764705882353
mouse_quick	lenadaptive_raw0.40_hmm4_cut150	ge1000	3	0.0	0.6666666666666666	45.333333333333336
mouse_quick	lenadaptive_raw0.40_hmm4_cut300	lt80	18	0.3333333333333333	0.0	0.6666666666666666
mouse_quick	lenadaptive_raw0.40_hmm4_cut300	80_300	95	0.06315789473684211	0.14736842105263157	1.305263157894737
mouse_quick	lenadaptive_raw0.40_hmm4_cut300	300_1000	34	0.14705882352941177	0.4411764705882353	6.852941176470588
mouse_quick	lenadaptive_raw0.40_hmm4_cut300	ge1000	3	0.0	0.6666666666666666	45.333333333333336
mouse_quick	lenadaptive_raw0.50_hmm4_cut80	lt80	18	0.3333333333333333	0.0	0.6666666666666666
mouse_quick	lenadaptive_raw0.50_hmm4_cut80	80_300	95	0.06315789473684211	0.10526315789473684	1.168421052631579
mouse_quick	lenadaptive_raw0.50_hmm4_cut80	300_1000	34	0.14705882352941177	0.4411764705882353	4.294117647058823
mouse_quick	lenadaptive_raw0.50_hmm4_cut80	ge1000	3	0.0	0.6666666666666666	32.333333333333336
mouse_quick	lenadaptive_raw0.50_hmm4_cut150	lt80	18	0.3333333333333333	0.0	0.6666666666666666
mouse_quick	lenadaptive_raw0.50_hmm4_cut150	80_300	95	0.06315789473684211	0.15789473684210525	1.2842105263157895
mouse_quick	lenadaptive_raw0.50_hmm4_cut150	300_1000	34	0.14705882352941177	0.4411764705882353	5.5
mouse_quick	lenadaptive_raw0.50_hmm4_cut150	ge1000	3	0.0	0.6666666666666666	39.333333333333336
mouse_quick	lenadaptive_raw0.50_hmm4_cut300	lt80	18	0.3333333333333333	0.0	0.6666666666666666
mouse_quick	lenadaptive_raw0.50_hmm4_cut300	80_300	95	0.06315789473684211	0.2	1.4421052631578948
mouse_quick	lenadaptive_raw0.50_hmm4_cut300	300_1000	34	0.14705882352941177	0.4411764705882353	6.852941176470588
mouse_quick	lenadaptive_raw0.50_hmm4_cut300	ge1000	3	0.0	0.6666666666666666	43.333333333333336
mouse_quick	lenadaptive_raw0.60_hmm4_cut80	lt80	18	0.3333333333333333	0.0	0.6666666666666666
mouse_quick	lenadaptive_raw0.60_hmm4_cut80	80_300	95	0.06315789473684211	0.06315789473684211	1.0315789473684212
mouse_quick	lenadaptive_raw0.60_hmm4_cut80	300_1000	34	0.14705882352941177	0.29411764705882354	2.7941176470588234
mouse_quick	lenadaptive_raw0.60_hmm4_cut80	ge1000	3	0.0	0.6666666666666666	10.0
mouse_quick	lenadaptive_raw0.60_hmm4_cut150	lt80	18	0.3333333333333333	0.05555555555555555	0.7222222222222222
mouse_quick	lenadaptive_raw0.60_hmm4_cut150	80_300	95	0.06315789473684211	0.14736842105263157	1.305263157894737
mouse_quick	lenadaptive_raw0.60_hmm4_cut150	300_1000	34	0.14705882352941177	0.29411764705882354	4.294117647058823
mouse_quick	lenadaptive_raw0.60_hmm4_cut150	ge1000	3	0.0	0.6666666666666666	24.0
mouse_quick	lenadaptive_raw0.60_hmm4_cut300	lt80	18	0.3333333333333333	0.05555555555555555	0.7222222222222222
mouse_quick	lenadaptive_raw0.60_hmm4_cut300	80_300	95	0.06315789473684211	0.23157894736842105	1.631578947368421
mouse_quick	lenadaptive_raw0.60_hmm4_cut300	300_1000	34	0.14705882352941177	0.29411764705882354	6.205882352941177
mouse_quick	lenadaptive_raw0.60_hmm4_cut300	ge1000	3	0.0	0.6666666666666666	32.0
mouse_quick	lenadaptive_raw0.70_hmm4_cut80	lt80	18	0.3333333333333333	0.0	0.6666666666666666
mouse_quick	lenadaptive_raw0.70_hmm4_cut80	80_300	95	0.06315789473684211	0.042105263157894736	0.9894736842105263
mouse_quick	lenadaptive_raw0.70_hmm4_cut80	300_1000	34	0.17647058823529413	0.20588235294117646	2.264705882352941
mouse_quick	lenadaptive_raw0.70_hmm4_cut80	ge1000	3	0.0	0.6666666666666666	4.666666666666667
mouse_quick	lenadaptive_raw0.70_hmm4_cut150	lt80	18	0.3333333333333333	0.05555555555555555	0.7222222222222222
mouse_quick	lenadaptive_raw0.70_hmm4_cut150	80_300	95	0.06315789473684211	0.15789473684210525	1.3157894736842106
mouse_quick	lenadaptive_raw0.70_hmm4_cut150	300_1000	34	0.17647058823529413	0.23529411764705882	3.676470588235294
mouse_quick	lenadaptive_raw0.70_hmm4_cut150	ge1000	3	0.0	0.6666666666666666	21.333333333333332
mouse_quick	lenadaptive_raw0.70_hmm4_cut300	lt80	18	0.3333333333333333	0.05555555555555555	0.7222222222222222
mouse_quick	lenadaptive_raw0.70_hmm4_cut300	80_300	95	0.06315789473684211	0.29473684210526313	1.6842105263157894
mouse_quick	lenadaptive_raw0.70_hmm4_cut300	300_1000	34	0.17647058823529413	0.23529411764705882	5.529411764705882
mouse_quick	lenadaptive_raw0.70_hmm4_cut300	ge1000	3	0.0	0.6666666666666666	35.666666666666664
mouse_quick	lenadaptive_raw0.80_hmm4_cut80	lt80	18	0.3333333333333333	0.05555555555555555	0.8333333333333334
mouse_quick	lenadaptive_raw0.80_hmm4_cut80	80_300	95	0.06315789473684211	0.042105263157894736	0.9789473684210527
mouse_quick	lenadaptive_raw0.80_hmm4_cut80	300_1000	34	0.17647058823529413	0.17647058823529413	1.8529411764705883
mouse_quick	lenadaptive_raw0.80_hmm4_cut80	ge1000	3	0.0	0.6666666666666666	4.0
mouse_quick	lenadaptive_raw0.80_hmm4_cut150	lt80	18	0.3333333333333333	0.1111111111111111	0.9444444444444444
mouse_quick	lenadaptive_raw0.80_hmm4_cut150	80_300	95	0.06315789473684211	0.16842105263157894	1.3263157894736841
mouse_quick	lenadaptive_raw0.80_hmm4_cut150	300_1000	34	0.20588235294117646	0.17647058823529413	2.6176470588235294
mouse_quick	lenadaptive_raw0.80_hmm4_cut150	ge1000	3	0.0	0.6666666666666666	13.666666666666666
mouse_quick	lenadaptive_raw0.80_hmm4_cut300	lt80	18	0.3333333333333333	0.1111111111111111	0.9444444444444444
mouse_quick	lenadaptive_raw0.80_hmm4_cut300	80_300	95	0.06315789473684211	0.2736842105263158	1.8105263157894738
mouse_quick	lenadaptive_raw0.80_hmm4_cut300	300_1000	34	0.20588235294117646	0.17647058823529413	3.911764705882353
mouse_quick	lenadaptive_raw0.80_hmm4_cut300	ge1000	3	0.0	0.6666666666666666	25.0
