exp_id	model_key	window	stride	weight_mode	data_jsonl	model_dir	n_windows	variant	threshold	bp_tp	bp_fp	bp_fn	bp_tn	bp_precision	bp_recall	bp_f1	bp_positive_rate_true	bp_positive_rate_pred	bp_n	true_segments	pred_segments	segment_tp	segment_fp	segment_fn	segment_precision_iou50	segment_recall_iou50	segment_f1_iou50	mean_matched_iou	boundary_precision_100bp	boundary_recall_100bp	boundary_f1_100bp	median_boundary_error_bp	mean_pred_fragments_per_true_te	median_pred_fragments_per_true_te	split_true_te_rate	missed_true_te_rate	pred_short_fragment_rate	mean_pred_segment_len	chrom	path	species
PIPE-TEFM-LOCK-20260619	generanno	4096	2048	triangular	software_outputs/tefm_lock/PIPE-TEFM-LOCK-20260619/data/segment_primary/c_elegans/test/data.jsonl.gz	software_outputs/tefm_repair/PIPE-TEFM-REPAIR-20260618/runs/TFREPAIR_invert_boost_animal_4096_seed42	600	raw_threshold	0.35	185160.0	44347.0	8672.0	992669.0	0.8067727781723433	0.9552602253497876	0.8747599441582277	0.1574784213810316	0.18646250389975041	1230848.0	773.0	2161.0	439.0	1722.0	334.0	0.2031466913465988	0.5679172056921087	0.2992501704158146	0.8307421658366183	0.17538176770013883	0.49029754204398446	0.2583503749147921	14.0	1.2082794307891334	1.0	0.08667529107373868	0.07115135834411385	0.7394724664507172	106.20407218880148	WEIGHTED_MEAN	reports/tefm_lock/PIPE-TEFM-LOCK-20260619/segment_multi_species/primary/c_elegans/summary_w4096_s2048.tsv	c_elegans
PIPE-TEFM-LOCK-20260619	generanno	4096	2048	triangular	software_outputs/tefm_lock/PIPE-TEFM-LOCK-20260619/data/segment_primary/c_elegans/test/data.jsonl.gz	software_outputs/tefm_repair/PIPE-TEFM-REPAIR-20260618/runs/TFREPAIR_invert_boost_animal_4096_seed42	600	gap50_min80	0.35	185395.0	47349.0	8437.0	989667.0	0.7965618877393187	0.9564726154608114	0.8692237725516674	0.1574784213810316	0.18909239808652245	1230848.0	773.0	557.0	389.0	168.0	384.0	0.6983842010771992	0.5032341526520052	0.5849624060150377	0.8247714003725052	0.5798922800718133	0.4178525226390686	0.4857142857142857	15.5	0.9133247089262613	1.0	0.00129366106080207	0.08796895213454076	0.0	417.8527827648114	WEIGHTED_MEAN	reports/tefm_lock/PIPE-TEFM-LOCK-20260619/segment_multi_species/primary/c_elegans/summary_w4096_s2048.tsv	c_elegans
PIPE-TEFM-LOCK-20260619	generanno	4096	2048	triangular	software_outputs/tefm_lock/PIPE-TEFM-LOCK-20260619/data/segment_primary/c_elegans/test/data.jsonl.gz	software_outputs/tefm_repair/PIPE-TEFM-REPAIR-20260618/runs/TFREPAIR_invert_boost_animal_4096_seed42	600	gap100_min100	0.35	184775.0	48744.0	9057.0	988272.0	0.7912632376808739	0.9532739692104503	0.8647458412405725	0.1574784213810316	0.1897220452891015	1230848.0	773.0	518.0	361.0	157.0	412.0	0.6969111969111971	0.4670116429495472	0.5592563903950427	0.823966281441107	0.5656370656370656	0.37904269081500647	0.4539116963594113	16.0	0.9003880983182406	1.0	0.0	0.09961190168175937	0.0	450.8088803088803	WEIGHTED_MEAN	reports/tefm_lock/PIPE-TEFM-LOCK-20260619/segment_multi_species/primary/c_elegans/summary_w4096_s2048.tsv	c_elegans
PIPE-TEFM-LOCK-20260619	generanno	4096	2048	triangular	software_outputs/tefm_lock/PIPE-TEFM-LOCK-20260619/data/segment_primary/c_elegans/test/data.jsonl.gz	software_outputs/tefm_repair/PIPE-TEFM-REPAIR-20260618/runs/TFREPAIR_invert_boost_animal_4096_seed42	600	gap200_min100	0.35	185035.0	53841.0	8797.0	983175.0	0.7746069090239287	0.9546153369928597	0.8552418721169934	0.1574784213810316	0.19407432924292845	1230848.0	773.0	493.0	324.0	169.0	449.0	0.6572008113590264	0.4191461836998706	0.5118483412322274	0.8218303781728094	0.5294117647058824	0.33764553686934023	0.4123222748815166	17.0	0.9042690815006468	1.0	0.0	0.09573091849935317	0.0	484.53549695740367	WEIGHTED_MEAN	reports/tefm_lock/PIPE-TEFM-LOCK-20260619/segment_multi_species/primary/c_elegans/summary_w4096_s2048.tsv	c_elegans
PIPE-TEFM-LOCK-20260619	generanno	4096	2048	triangular	software_outputs/tefm_lock/PIPE-TEFM-LOCK-20260619/data/segment_primary/c_elegans/test/data.jsonl.gz	software_outputs/tefm_repair/PIPE-TEFM-REPAIR-20260618/runs/TFREPAIR_invert_boost_animal_4096_seed42	600	hmm_penalty2	0.35	181158.0	29498.0	12674.0	1007518.0	0.8599707580130641	0.9346134797143918	0.8957397994501691	0.1574784213810316	0.1711470465890183	1230848.0	773.0	565.0	446.0	119.0	327.0	0.7893805309734513	0.5769728331177232	0.6666666666666667	0.841934164919099	0.688495575221239	0.5032341526520052	0.5814648729446936	11.5	0.8822768434670116	1.0	0.00258732212160414	0.1203104786545925	0.0584070796460177	372.8424778761062	WEIGHTED_MEAN	reports/tefm_lock/PIPE-TEFM-LOCK-20260619/segment_multi_species/primary/c_elegans/summary_w4096_s2048.tsv	c_elegans
PIPE-TEFM-LOCK-20260619	generanno	4096	2048	triangular	software_outputs/tefm_lock/PIPE-TEFM-LOCK-20260619/data/segment_primary/c_elegans/test/data.jsonl.gz	software_outputs/tefm_repair/PIPE-TEFM-REPAIR-20260618/runs/TFREPAIR_invert_boost_animal_4096_seed42	600	crf_style_penalty4	0.35	180889.0	29367.0	12943.0	1007649.0	0.8603274103949471	0.9332256799702835	0.8952950842390764	0.1574784213810316	0.17082206738768718	1230848.0	773.0	545.0	437.0	108.0	336.0	0.8018348623853211	0.5653298835705045	0.6631259484066767	0.8409406340289215	0.6935779816513762	0.4890038809831824	0.5735963581183612	12.0	0.8745148771021992	1.0	0.00258732212160414	0.12807244501940493	0.03486238532110092	385.79082568807337	WEIGHTED_MEAN	reports/tefm_lock/PIPE-TEFM-LOCK-20260619/segment_multi_species/primary/c_elegans/summary_w4096_s2048.tsv	c_elegans
PIPE-TEFM-LOCK-20260619	generanno	4096	2048	triangular	software_outputs/tefm_lock/PIPE-TEFM-LOCK-20260619/data/segment_primary/chicken/test/data.jsonl.gz	software_outputs/tefm_repair/PIPE-TEFM-REPAIR-20260618/runs/TFREPAIR_invert_boost_animal_4096_seed42	600	raw_threshold	0.35	235947.0	33933.0	4190.0	956778.0	0.8742663405958203	0.9825516267797132	0.9252515112241356	0.19509882617512478	0.21926346713810316	1230848.0	650.0	1640.0	380.0	1260.0	270.0	0.23170731707317074	0.5846153846153846	0.3318777292576419	0.8711302753193734	0.2	0.5046153846153846	0.28646288209606985	6.5	1.1507692307692308	1.0	0.0876923076923077	0.024615384615384615	0.7353658536585366	164.5609756097561	WEIGHTED_MEAN	reports/tefm_lock/PIPE-TEFM-LOCK-20260619/segment_multi_species/primary/chicken/summary_w4096_s2048.tsv	chicken
PIPE-TEFM-LOCK-20260619	generanno	4096	2048	triangular	software_outputs/tefm_lock/PIPE-TEFM-LOCK-20260619/data/segment_primary/chicken/test/data.jsonl.gz	software_outputs/tefm_repair/PIPE-TEFM-REPAIR-20260618/runs/TFREPAIR_invert_boost_animal_4096_seed42	600	gap50_min80	0.35	235650.0	36404.0	4487.0	954307.0	0.8661883302579635	0.9813148327829532	0.9201645479908863	0.19509882617512478	0.22102972909733776	1230848.0	650.0	397.0	315.0	82.0	335.0	0.7934508816120907	0.4846153846153846	0.6017191977077363	0.8709310886877365	0.654911838790932	0.4	0.49665711556829034	8.0	0.9553846153846154	1.0	0.0	0.04461538461538461	0.0	685.2745591939547	WEIGHTED_MEAN	reports/tefm_lock/PIPE-TEFM-LOCK-20260619/segment_multi_species/primary/chicken/summary_w4096_s2048.tsv	chicken
PIPE-TEFM-LOCK-20260619	generanno	4096	2048	triangular	software_outputs/tefm_lock/PIPE-TEFM-LOCK-20260619/data/segment_primary/chicken/test/data.jsonl.gz	software_outputs/tefm_repair/PIPE-TEFM-REPAIR-20260618/runs/TFREPAIR_invert_boost_animal_4096_seed42	600	gap100_min100	0.35	234649.0	38696.0	5488.0	952015.0	0.8584353106879584	0.9771463789420206	0.9139521930661639	0.19509882617512478	0.22207859946963393	1230848.0	650.0	362.0	285.0	77.0	365.0	0.787292817679558	0.43846153846153846	0.5632411067193677	0.8692895393522505	0.6215469613259669	0.34615384615384615	0.44466403162055335	8.0	0.9353846153846154	1.0	0.0	0.06461538461538462	0.0	755.0966850828729	WEIGHTED_MEAN	reports/tefm_lock/PIPE-TEFM-LOCK-20260619/segment_multi_species/primary/chicken/summary_w4096_s2048.tsv	chicken
PIPE-TEFM-LOCK-20260619	generanno	4096	2048	triangular	software_outputs/tefm_lock/PIPE-TEFM-LOCK-20260619/data/segment_primary/chicken/test/data.jsonl.gz	software_outputs/tefm_repair/PIPE-TEFM-REPAIR-20260618/runs/TFREPAIR_invert_boost_animal_4096_seed42	600	gap200_min100	0.35	235466.0	47042.0	4671.0	943669.0	0.833484361504807	0.9805486035054991	0.9010552095590697	0.19509882617512478	0.22952306052412647	1230848.0	650.0	330.0	240.0	90.0	410.0	0.7272727272727273	0.36923076923076925	0.48979591836734687	0.8553697472789829	0.5363636363636364	0.2723076923076923	0.3612244897959183	10.0	0.9476923076923077	1.0	0.0	0.052307692307692305	0.0	856.0848484848484	WEIGHTED_MEAN	reports/tefm_lock/PIPE-TEFM-LOCK-20260619/segment_multi_species/primary/chicken/summary_w4096_s2048.tsv	chicken
PIPE-TEFM-LOCK-20260619	generanno	4096	2048	triangular	software_outputs/tefm_lock/PIPE-TEFM-LOCK-20260619/data/segment_primary/chicken/test/data.jsonl.gz	software_outputs/tefm_repair/PIPE-TEFM-REPAIR-20260618/runs/TFREPAIR_invert_boost_animal_4096_seed42	600	hmm_penalty2	0.35	233628.0	23027.0	6509.0	967684.0	0.9102803374179346	0.9728946393100605	0.9405465466432632	0.19509882617512478	0.20851884229409318	1230848.0	650.0	470.0	382.0	88.0	268.0	0.8127659574468086	0.5876923076923077	0.6821428571428572	0.8818349333551165	0.7127659574468085	0.5153846153846153	0.5982142857142856	6.0	0.9507692307692308	1.0	0.003076923076923077	0.052307692307692305	0.13829787234042554	546.0744680851063	WEIGHTED_MEAN	reports/tefm_lock/PIPE-TEFM-LOCK-20260619/segment_multi_species/primary/chicken/summary_w4096_s2048.tsv	chicken
PIPE-TEFM-LOCK-20260619	generanno	4096	2048	triangular	software_outputs/tefm_lock/PIPE-TEFM-LOCK-20260619/data/segment_primary/chicken/test/data.jsonl.gz	software_outputs/tefm_repair/PIPE-TEFM-REPAIR-20260618/runs/TFREPAIR_invert_boost_animal_4096_seed42	600	crf_style_penalty4	0.35	233515.0	23146.0	6622.0	967565.0	0.9098187882070123	0.9724240745907544	0.9400802740751774	0.19509882617512478	0.20852371698211314	1230848.0	650.0	447.0	369.0	78.0	281.0	0.825503355704698	0.5676923076923077	0.6727438468550593	0.8866752782414223	0.7158836689038032	0.49230769230769234	0.5834092980856882	5.5	0.9446153846153846	1.0	0.003076923076923077	0.05846153846153846	0.1029082774049217	574.1856823266219	WEIGHTED_MEAN	reports/tefm_lock/PIPE-TEFM-LOCK-20260619/segment_multi_species/primary/chicken/summary_w4096_s2048.tsv	chicken
PIPE-TEFM-LOCK-20260619	generanno	4096	2048	triangular	software_outputs/tefm_lock/PIPE-TEFM-LOCK-20260619/data/segment_primary/fruit_fly/test/data.jsonl.gz	software_outputs/tefm_repair/PIPE-TEFM-REPAIR-20260618/runs/TFREPAIR_invert_boost_animal_4096_seed42	600	raw_threshold	0.35	792899.0	96698.0	1257.0	344090.0	0.8913013420683747	0.9984171875550899	0.9418234147170044	0.6430704550165838	0.7203541213204809	1234944.0	595.0	1435.0	65.0	1370.0	530.0	0.04529616724738676	0.1092436974789916	0.06403940886699508	0.8102448635437298	0.020209059233449476	0.04873949579831933	0.02857142857142857	116.5	1.119327731092437	1.0	0.023529411764705882	0.008403361344537815	0.897560975609756	619.9282229965157	WEIGHTED_MEAN	reports/tefm_lock/PIPE-TEFM-LOCK-20260619/segment_multi_species/primary/fruit_fly/summary_w4096_s2048.tsv	fruit_fly
PIPE-TEFM-LOCK-20260619	generanno	4096	2048	triangular	software_outputs/tefm_lock/PIPE-TEFM-LOCK-20260619/data/segment_primary/fruit_fly/test/data.jsonl.gz	software_outputs/tefm_repair/PIPE-TEFM-REPAIR-20260618/runs/TFREPAIR_invert_boost_animal_4096_seed42	600	gap50_min80	0.35	793194.0	100790.0	962.0	339998.0	0.8872574900669363	0.9987886510962581	0.9397253782269245	0.6430704550165838	0.7239065091210614	1234944.0	595.0	118.0	44.0	74.0	551.0	0.3728813559322034	0.07394957983193277	0.12342215988779803	0.7833809258964156	0.1694915254237288	0.03361344537815126	0.056100981767180924	118.0	0.9899159663865547	1.0	0.0	0.010084033613445379	0.0	7576.135593220338	WEIGHTED_MEAN	reports/tefm_lock/PIPE-TEFM-LOCK-20260619/segment_multi_species/primary/fruit_fly/summary_w4096_s2048.tsv	fruit_fly
PIPE-TEFM-LOCK-20260619	generanno	4096	2048	triangular	software_outputs/tefm_lock/PIPE-TEFM-LOCK-20260619/data/segment_primary/fruit_fly/test/data.jsonl.gz	software_outputs/tefm_repair/PIPE-TEFM-REPAIR-20260618/runs/TFREPAIR_invert_boost_animal_4096_seed42	600	gap100_min100	0.35	793237.0	102429.0	919.0	338359.0	0.8856392896459171	0.9988427966293776	0.9388408956683012	0.6430704550165838	0.7252685141998342	1234944.0	595.0	109.0	40.0	69.0	555.0	0.3669724770642202	0.06722689075630252	0.11363636363636363	0.7798977025418974	0.1651376146788991	0.030252100840336135	0.05113636363636364	183.75	0.9915966386554622	1.0	0.0	0.008403361344537815	0.0	8217.119266055046	WEIGHTED_MEAN	reports/tefm_lock/PIPE-TEFM-LOCK-20260619/segment_multi_species/primary/fruit_fly/summary_w4096_s2048.tsv	fruit_fly
PIPE-TEFM-LOCK-20260619	generanno	4096	2048	triangular	software_outputs/tefm_lock/PIPE-TEFM-LOCK-20260619/data/segment_primary/fruit_fly/test/data.jsonl.gz	software_outputs/tefm_repair/PIPE-TEFM-REPAIR-20260618/runs/TFREPAIR_invert_boost_animal_4096_seed42	600	gap200_min100	0.35	793352.0	104240.0	804.0	336548.0	0.8838670576386598	0.9989876044505109	0.9379080099400147	0.6430704550165838	0.7268280990878938	1234944.0	595.0	99.0	33.0	66.0	562.0	0.3333333333333333	0.05546218487394958	0.09510086455331411	0.7856322540774339	0.16161616161616163	0.02689075630252101	0.046109510086455335	212.5	0.9915966386554622	1.0	0.0	0.008403361344537815	0.0	9066.585858585859	WEIGHTED_MEAN	reports/tefm_lock/PIPE-TEFM-LOCK-20260619/segment_multi_species/primary/fruit_fly/summary_w4096_s2048.tsv	fruit_fly
PIPE-TEFM-LOCK-20260619	generanno	4096	2048	triangular	software_outputs/tefm_lock/PIPE-TEFM-LOCK-20260619/data/segment_primary/fruit_fly/test/data.jsonl.gz	software_outputs/tefm_repair/PIPE-TEFM-REPAIR-20260618/runs/TFREPAIR_invert_boost_animal_4096_seed42	600	hmm_penalty2	0.35	790014.0	75804.0	4142.0	364984.0	0.9124481126518507	0.994784400042309	0.9518390047073028	0.6430704550165838	0.7010989972014925	1234944.0	595.0	166.0	72.0	94.0	523.0	0.4337349397590362	0.12100840336134454	0.1892247043363995	0.8034865059732739	0.20481927710843373	0.05714285714285714	0.08935611038107752	76.25	0.9714285714285714	1.0	0.0067226890756302525	0.03529411764705882	0.054216867469879526	5215.77108433735	WEIGHTED_MEAN	reports/tefm_lock/PIPE-TEFM-LOCK-20260619/segment_multi_species/primary/fruit_fly/summary_w4096_s2048.tsv	fruit_fly
PIPE-TEFM-LOCK-20260619	generanno	4096	2048	triangular	software_outputs/tefm_lock/PIPE-TEFM-LOCK-20260619/data/segment_primary/fruit_fly/test/data.jsonl.gz	software_outputs/tefm_repair/PIPE-TEFM-REPAIR-20260618/runs/TFREPAIR_invert_boost_animal_4096_seed42	600	crf_style_penalty4	0.35	790055.0	75847.0	4101.0	364941.0	0.9124069467445507	0.9948360271785393	0.9518402369073852	0.6430704550165838	0.7011670164800995	1234944.0	595.0	148.0	67.0	81.0	528.0	0.45270270270270274	0.11260504201680673	0.180349932705249	0.8098348290489602	0.22297297297297294	0.05546218487394958	0.08882907133243607	64.0	0.9680672268907563	1.0	0.0033613445378151263	0.03529411764705882	0.006756756756756756	5850.689189189189	WEIGHTED_MEAN	reports/tefm_lock/PIPE-TEFM-LOCK-20260619/segment_multi_species/primary/fruit_fly/summary_w4096_s2048.tsv	fruit_fly
PIPE-TEFM-LOCK-20260619	generanno	4096	2048	triangular	software_outputs/tefm_lock/PIPE-TEFM-LOCK-20260619/data/segment_primary/mouse/test/data.jsonl.gz	software_outputs/tefm_repair/PIPE-TEFM-REPAIR-20260618/runs/TFREPAIR_invert_boost_animal_4096_seed42	600	raw_threshold	0.35	672948.0	55543.0	7467.0	494890.0	0.9237560930745884	0.9890258151275325	0.9552773570415628	0.5528018081842762	0.5918610583922629	1230848.0	1036.0	2429.0	636.0	1793.0	400.0	0.26183614656237136	0.6138996138996139	0.3670995670995671	0.8472221334154499	0.2099629477151091	0.4922779922779923	0.2943722943722944	12.5	1.164092664092664	1.0	0.06274131274131274	0.03185328185328185	0.6978180321119802	299.91395636064226	WEIGHTED_MEAN	reports/tefm_lock/PIPE-TEFM-LOCK-20260619/segment_multi_species/primary/mouse/summary_w4096_s2048.tsv	mouse
PIPE-TEFM-LOCK-20260619	generanno	4096	2048	triangular	software_outputs/tefm_lock/PIPE-TEFM-LOCK-20260619/data/segment_primary/mouse/test/data.jsonl.gz	software_outputs/tefm_repair/PIPE-TEFM-REPAIR-20260618/runs/TFREPAIR_invert_boost_animal_4096_seed42	600	gap50_min80	0.35	672841.0	61834.0	7574.0	488599.0	0.9158348929798892	0.9888685581593585	0.9509515295846906	0.5528018081842762	0.596885236844842	1230848.0	1036.0	609.0	456.0	153.0	580.0	0.7487684729064039	0.44015444015444016	0.5544072948328268	0.8328395738613996	0.5599343185550082	0.32915057915057916	0.4145896656534954	16.0	0.9536679536679536	1.0	0.0	0.04633204633204633	0.0	1206.3628899835796	WEIGHTED_MEAN	reports/tefm_lock/PIPE-TEFM-LOCK-20260619/segment_multi_species/primary/mouse/summary_w4096_s2048.tsv	mouse
PIPE-TEFM-LOCK-20260619	generanno	4096	2048	triangular	software_outputs/tefm_lock/PIPE-TEFM-LOCK-20260619/data/segment_primary/mouse/test/data.jsonl.gz	software_outputs/tefm_repair/PIPE-TEFM-REPAIR-20260618/runs/TFREPAIR_invert_boost_animal_4096_seed42	600	gap100_min100	0.35	672566.0	67857.0	7849.0	482576.0	0.9083537383360593	0.988464393054239	0.9467173597552992	0.5528018081842762	0.60155518796797	1230848.0	1036.0	525.0	377.0	148.0	659.0	0.7180952380952381	0.3638996138996139	0.48302370275464457	0.8273544841473246	0.5161904761904762	0.26158301158301156	0.3472133247918001	18.5	0.9488416988416989	1.0	0.0	0.05115830115830116	0.0	1410.3295238095238	WEIGHTED_MEAN	reports/tefm_lock/PIPE-TEFM-LOCK-20260619/segment_multi_species/primary/mouse/summary_w4096_s2048.tsv	mouse
PIPE-TEFM-LOCK-20260619	generanno	4096	2048	triangular	software_outputs/tefm_lock/PIPE-TEFM-LOCK-20260619/data/segment_primary/mouse/test/data.jsonl.gz	software_outputs/tefm_repair/PIPE-TEFM-REPAIR-20260618/runs/TFREPAIR_invert_boost_animal_4096_seed42	600	gap200_min100	0.35	673189.0	84324.0	7226.0	466109.0	0.8886830985078804	0.9893800107287463	0.9363319999332373	0.5528018081842762	0.615439924344842	1230848.0	1036.0	431.0	276.0	155.0	760.0	0.6403712296983759	0.26640926640926643	0.37627811860940696	0.8112140306761932	0.41067285382830626	0.17084942084942084	0.2413087934560327	22.0	0.9517374517374517	1.0	0.0	0.04826254826254826	0.0	1757.5707656612528	WEIGHTED_MEAN	reports/tefm_lock/PIPE-TEFM-LOCK-20260619/segment_multi_species/primary/mouse/summary_w4096_s2048.tsv	mouse
PIPE-TEFM-LOCK-20260619	generanno	4096	2048	triangular	software_outputs/tefm_lock/PIPE-TEFM-LOCK-20260619/data/segment_primary/mouse/test/data.jsonl.gz	software_outputs/tefm_repair/PIPE-TEFM-REPAIR-20260618/runs/TFREPAIR_invert_boost_animal_4096_seed42	600	hmm_penalty2	0.35	670149.0	39919.0	10266.0	510514.0	0.9437814406507545	0.9849121492030599	0.9639082246960228	0.5528018081842762	0.5768933288269551	1230848.0	1036.0	761.0	637.0	124.0	399.0	0.8370565045992115	0.6148648648648649	0.7089593767390096	0.8636230799726536	0.6675427069645203	0.49034749034749037	0.565386755703951	8.5	0.9594594594594594	1.0	0.005791505791505791	0.04633204633204633	0.08672798948751642	933.072273324573	WEIGHTED_MEAN	reports/tefm_lock/PIPE-TEFM-LOCK-20260619/segment_multi_species/primary/mouse/summary_w4096_s2048.tsv	mouse
PIPE-TEFM-LOCK-20260619	generanno	4096	2048	triangular	software_outputs/tefm_lock/PIPE-TEFM-LOCK-20260619/data/segment_primary/mouse/test/data.jsonl.gz	software_outputs/tefm_repair/PIPE-TEFM-REPAIR-20260618/runs/TFREPAIR_invert_boost_animal_4096_seed42	600	crf_style_penalty4	0.35	670200.0	39829.0	10215.0	510604.0	0.9439051081012184	0.9849871034589185	0.9640086188296688	0.5528018081842762	0.5768616433548253	1230848.0	1036.0	736.0	626.0	110.0	410.0	0.8505434782608695	0.6042471042471043	0.7065462753950338	0.8624209770156795	0.6752717391304348	0.4797297297297297	0.5609480812641084	9.0	0.9555984555984556	1.0	0.003861003861003861	0.04826254826254826	0.07065217391304347	964.7133152173913	WEIGHTED_MEAN	reports/tefm_lock/PIPE-TEFM-LOCK-20260619/segment_multi_species/primary/mouse/summary_w4096_s2048.tsv	mouse
PIPE-TEFM-LOCK-20260619	generanno	4096	2048	triangular	software_outputs/tefm_lock/PIPE-TEFM-LOCK-20260619/data/segment_primary/western_clawed_frog/test/data.jsonl.gz	software_outputs/tefm_repair/PIPE-TEFM-REPAIR-20260618/runs/TFREPAIR_invert_boost_animal_4096_seed42	600	raw_threshold	0.35	350312.0	66433.0	18319.0	801928.0	0.8405907689354402	0.9503053188690044	0.8920873568838366	0.29800596931912254	0.3369019363100166	1236992.0	704.0	2436.0	251.0	2185.0	453.0	0.10303776683087028	0.3565340909090909	0.15987261146496815	0.8382820603507054	0.07594417077175698	0.2627840909090909	0.11783439490445863	13.5	1.1022727272727273	1.0	0.05823863636363636	0.07670454545454546	0.854679802955665	171.07758620689654	WEIGHTED_MEAN	reports/tefm_lock/PIPE-TEFM-LOCK-20260619/segment_multi_species/primary/western_clawed_frog/summary_w4096_s2048.tsv	western_clawed_frog
PIPE-TEFM-LOCK-20260619	generanno	4096	2048	triangular	software_outputs/tefm_lock/PIPE-TEFM-LOCK-20260619/data/segment_primary/western_clawed_frog/test/data.jsonl.gz	software_outputs/tefm_repair/PIPE-TEFM-REPAIR-20260618/runs/TFREPAIR_invert_boost_animal_4096_seed42	600	gap50_min80	0.35	350207.0	72527.0	18424.0	795834.0	0.8284334829940341	0.950020481185793	0.8850707322158547	0.29800596931912254	0.34174351976407286	1236992.0	704.0	324.0	196.0	128.0	508.0	0.6049382716049383	0.2784090909090909	0.3813229571984436	0.8121252086898214	0.39814814814814814	0.18323863636363635	0.2509727626459144	23.25	0.9133522727272727	1.0	0.002840909090909091	0.08948863636363637	0.0	1304.7345679012346	WEIGHTED_MEAN	reports/tefm_lock/PIPE-TEFM-LOCK-20260619/segment_multi_species/primary/western_clawed_frog/summary_w4096_s2048.tsv	western_clawed_frog
PIPE-TEFM-LOCK-20260619	generanno	4096	2048	triangular	software_outputs/tefm_lock/PIPE-TEFM-LOCK-20260619/data/segment_primary/western_clawed_frog/test/data.jsonl.gz	software_outputs/tefm_repair/PIPE-TEFM-REPAIR-20260618/runs/TFREPAIR_invert_boost_animal_4096_seed42	600	gap100_min100	0.35	350248.0	75121.0	18383.0	793240.0	0.8233980379388249	0.9501317035192374	0.8822367758186398	0.29800596931912254	0.3438736871378311	1236992.0	704.0	284.0	166.0	118.0	538.0	0.5845070422535211	0.23579545454545456	0.3360323886639676	0.8012668130586834	0.3591549295774648	0.14488636363636365	0.2064777327935223	30.25	0.9048295454545454	1.0	0.0	0.09517045454545454	0.0	1497.7781690140846	WEIGHTED_MEAN	reports/tefm_lock/PIPE-TEFM-LOCK-20260619/segment_multi_species/primary/western_clawed_frog/summary_w4096_s2048.tsv	western_clawed_frog
PIPE-TEFM-LOCK-20260619	generanno	4096	2048	triangular	software_outputs/tefm_lock/PIPE-TEFM-LOCK-20260619/data/segment_primary/western_clawed_frog/test/data.jsonl.gz	software_outputs/tefm_repair/PIPE-TEFM-REPAIR-20260618/runs/TFREPAIR_invert_boost_animal_4096_seed42	600	gap200_min100	0.35	350509.0	82268.0	18122.0	786093.0	0.8099067187027037	0.9508397286175063	0.8747329699728479	0.29800596931912254	0.3498624081643212	1236992.0	704.0	251.0	140.0	111.0	564.0	0.5577689243027888	0.19886363636363635	0.2931937172774869	0.7878118823167118	0.33067729083665337	0.11789772727272728	0.17382198952879582	35.5	0.9105113636363636	1.0	0.0	0.08948863636363637	0.0	1724.211155378486	WEIGHTED_MEAN	reports/tefm_lock/PIPE-TEFM-LOCK-20260619/segment_multi_species/primary/western_clawed_frog/summary_w4096_s2048.tsv	western_clawed_frog
PIPE-TEFM-LOCK-20260619	generanno	4096	2048	triangular	software_outputs/tefm_lock/PIPE-TEFM-LOCK-20260619/data/segment_primary/western_clawed_frog/test/data.jsonl.gz	software_outputs/tefm_repair/PIPE-TEFM-REPAIR-20260618/runs/TFREPAIR_invert_boost_animal_4096_seed42	600	hmm_penalty2	0.35	346566.0	43967.0	22065.0	824394.0	0.8874179646790412	0.9401433954279482	0.9130201115964404	0.29800596931912254	0.31571182352028143	1236992.0	704.0	364.0	265.0	99.0	439.0	0.728021978021978	0.37642045454545453	0.49625468164794007	0.8502098076398067	0.5604395604395604	0.2897727272727273	0.38202247191011235	12.0	0.9076704545454546	1.0	0.009943181818181818	0.10227272727272728	0.0576923076923077	1072.892857142857	WEIGHTED_MEAN	reports/tefm_lock/PIPE-TEFM-LOCK-20260619/segment_multi_species/primary/western_clawed_frog/summary_w4096_s2048.tsv	western_clawed_frog
PIPE-TEFM-LOCK-20260619	generanno	4096	2048	triangular	software_outputs/tefm_lock/PIPE-TEFM-LOCK-20260619/data/segment_primary/western_clawed_frog/test/data.jsonl.gz	software_outputs/tefm_repair/PIPE-TEFM-REPAIR-20260618/runs/TFREPAIR_invert_boost_animal_4096_seed42	600	crf_style_penalty4	0.35	346549.0	44348.0	22082.0	824013.0	0.8865481188139075	0.9400972788506663	0.9125377866253781	0.29800596931912254	0.31600608573054634	1236992.0	704.0	349.0	256.0	93.0	448.0	0.7335243553008596	0.36363636363636365	0.4862298195631529	0.8457711834012258	0.5558739255014327	0.2755681818181818	0.36847103513770174	13.0	0.90625	1.0	0.009943181818181818	0.10369318181818182	0.04297994269340974	1120.0487106017192	WEIGHTED_MEAN	reports/tefm_lock/PIPE-TEFM-LOCK-20260619/segment_multi_species/primary/western_clawed_frog/summary_w4096_s2048.tsv	western_clawed_frog
PIPE-TEFM-LOCK-20260619	generanno	4096	2048	triangular	software_outputs/tefm_lock/PIPE-TEFM-LOCK-20260619/data/segment_primary/zebrafish/test/data.jsonl.gz	software_outputs/tefm_repair/PIPE-TEFM-REPAIR-20260618/runs/TFREPAIR_invert_boost_animal_4096_seed42	600	raw_threshold	0.35	424567.0	105228.0	14115.0	686938.0	0.8013797789711115	0.9678240730187243	0.8767724995017951	0.35640631499584025	0.4304308899230449	1230848.0	1533.0	4964.0	693.0	4271.0	840.0	0.1396051571313457	0.4520547945205479	0.21332922887486527	0.7974258267602249	0.10737308622078968	0.3476842791911285	0.16407572725873482	19.0	1.2667971298108285	1.0	0.08806262230919765	0.038486627527723416	0.8138597904915391	106.72743755036261	WEIGHTED_MEAN	reports/tefm_lock/PIPE-TEFM-LOCK-20260619/segment_multi_species/primary/zebrafish/summary_w4096_s2048.tsv	zebrafish
PIPE-TEFM-LOCK-20260619	generanno	4096	2048	triangular	software_outputs/tefm_lock/PIPE-TEFM-LOCK-20260619/data/segment_primary/zebrafish/test/data.jsonl.gz	software_outputs/tefm_repair/PIPE-TEFM-REPAIR-20260618/runs/TFREPAIR_invert_boost_animal_4096_seed42	600	gap50_min80	0.35	424147.0	113693.0	14535.0	678473.0	0.7886118548267143	0.9668666596760295	0.8686890822736202	0.35640631499584025	0.43696703410981697	1230848.0	1533.0	807.0	486.0	321.0	1047.0	0.6022304832713755	0.31702544031311153	0.4153846153846154	0.7771078562860868	0.4114002478314746	0.21656881930854532	0.2837606837606837	27.25	0.9308545335942596	1.0	0.001304631441617743	0.07045009784735812	0.0	666.4684014869888	WEIGHTED_MEAN	reports/tefm_lock/PIPE-TEFM-LOCK-20260619/segment_multi_species/primary/zebrafish/summary_w4096_s2048.tsv	zebrafish
PIPE-TEFM-LOCK-20260619	generanno	4096	2048	triangular	software_outputs/tefm_lock/PIPE-TEFM-LOCK-20260619/data/segment_primary/zebrafish/test/data.jsonl.gz	software_outputs/tefm_repair/PIPE-TEFM-REPAIR-20260618/runs/TFREPAIR_invert_boost_animal_4096_seed42	600	gap100_min100	0.35	424169.0	123737.0	14513.0	668429.0	0.7741638164210649	0.9669168098987422	0.8598705842763139	0.35640631499584025	0.4451451357113145	1230848.0	1533.0	694.0	382.0	312.0	1151.0	0.5504322766570605	0.2491846053489889	0.34306241580601704	0.7711123012127198	0.3414985590778098	0.15459882583170254	0.21284238886394252	33.5	0.9269406392694064	1.0	0.0006523157208088715	0.07371167645140247	0.0	789.4899135446686	WEIGHTED_MEAN	reports/tefm_lock/PIPE-TEFM-LOCK-20260619/segment_multi_species/primary/zebrafish/summary_w4096_s2048.tsv	zebrafish
PIPE-TEFM-LOCK-20260619	generanno	4096	2048	triangular	software_outputs/tefm_lock/PIPE-TEFM-LOCK-20260619/data/segment_primary/zebrafish/test/data.jsonl.gz	software_outputs/tefm_repair/PIPE-TEFM-REPAIR-20260618/runs/TFREPAIR_invert_boost_animal_4096_seed42	600	gap200_min100	0.35	425722.0	143950.0	12960.0	648216.0	0.7473107331938379	0.9704569597111348	0.84438996622218	0.35640631499584025	0.46282887895174707	1230848.0	1533.0	612.0	292.0	320.0	1241.0	0.477124183006536	0.19047619047619047	0.27226107226107227	0.7676713361088287	0.29411764705882354	0.11741682974559686	0.16783216783216784	32.75	0.9360730593607306	1.0	0.0	0.0639269406392694	0.0	930.8366013071894	WEIGHTED_MEAN	reports/tefm_lock/PIPE-TEFM-LOCK-20260619/segment_multi_species/primary/zebrafish/summary_w4096_s2048.tsv	zebrafish
PIPE-TEFM-LOCK-20260619	generanno	4096	2048	triangular	software_outputs/tefm_lock/PIPE-TEFM-LOCK-20260619/data/segment_primary/zebrafish/test/data.jsonl.gz	software_outputs/tefm_repair/PIPE-TEFM-REPAIR-20260618/runs/TFREPAIR_invert_boost_animal_4096_seed42	600	hmm_penalty2	0.35	417103.0	70420.0	21579.0	721746.0	0.8555555327646079	0.9508094701856925	0.9006710177552486	0.35640631499584025	0.3960870879263727	1230848.0	1533.0	999.0	717.0	282.0	816.0	0.7177177177177178	0.46771037181996084	0.566350710900474	0.8133580414910836	0.5595595595595596	0.36464448793215914	0.44154818325434436	15.5	0.9269406392694064	1.0	0.009784735812133072	0.08610567514677103	0.13213213213213212	488.011011011011	WEIGHTED_MEAN	reports/tefm_lock/PIPE-TEFM-LOCK-20260619/segment_multi_species/primary/zebrafish/summary_w4096_s2048.tsv	zebrafish
PIPE-TEFM-LOCK-20260619	generanno	4096	2048	triangular	software_outputs/tefm_lock/PIPE-TEFM-LOCK-20260619/data/segment_primary/zebrafish/test/data.jsonl.gz	software_outputs/tefm_repair/PIPE-TEFM-REPAIR-20260618/runs/TFREPAIR_invert_boost_animal_4096_seed42	600	crf_style_penalty4	0.35	417080.0	70971.0	21602.0	721195.0	0.8545828202380489	0.950757040407402	0.9001082296626968	0.35640631499584025	0.3965160604721298	1230848.0	1533.0	948.0	690.0	258.0	843.0	0.7278481012658228	0.4500978473581213	0.5562273276904474	0.812867875633784	0.560126582278481	0.34637964774951074	0.42805320435308336	16.0	0.9217221135029354	1.0	0.007827788649706457	0.08871493803000652	0.11708860759493671	514.8217299578059	WEIGHTED_MEAN	reports/tefm_lock/PIPE-TEFM-LOCK-20260619/segment_multi_species/primary/zebrafish/summary_w4096_s2048.tsv	zebrafish
PIPE-TEFM-LOCK-20260619	generanno	4096	2048	triangular	software_outputs/tefm_lock/PIPE-TEFM-LOCK-20260619/data/segment_stress/lizard/test/data.jsonl.gz	software_outputs/tefm_repair/PIPE-TEFM-REPAIR-20260618/runs/TFREPAIR_invert_boost_animal_4096_seed42	600	raw_threshold	0.35	64147.0	520769.0	724.0	663640.0	0.10966873875906968	0.9888393889411293	0.19744008421221107	0.051926709784836066	0.46820248463114755	1249280.0	405.0	5192.0	125.0	5067.0	280.0	0.024075500770416022	0.30864197530864196	0.044666785778095415	0.7810831019475288	0.018682588597842834	0.23950617283950618	0.03466142576380203	17.0	1.0617283950617284	1.0	0.03209876543209877	0.0049382716049382715	0.7372881355932204	112.65716486902927	WEIGHTED_MEAN	reports/tefm_lock/PIPE-TEFM-LOCK-20260619/segment_multi_species/stress/lizard/summary_w4096_s2048.tsv	lizard
PIPE-TEFM-LOCK-20260619	generanno	4096	2048	triangular	software_outputs/tefm_lock/PIPE-TEFM-LOCK-20260619/data/segment_stress/lizard/test/data.jsonl.gz	software_outputs/tefm_repair/PIPE-TEFM-REPAIR-20260618/runs/TFREPAIR_invert_boost_animal_4096_seed42	600	gap50_min80	0.35	63931.0	533258.0	940.0	651151.0	0.10705321096001433	0.985509703873842	0.19312751110171283	0.051926709784836066	0.4780265432889344	1249280.0	405.0	1135.0	83.0	1052.0	322.0	0.07312775330396476	0.20493827160493827	0.1077922077922078	0.7449726902377946	0.05110132158590308	0.14320987654320988	0.07532467532467532	27.0	0.9777777777777777	1.0	0.0	0.022222222222222223	0.0	526.1577092511013	WEIGHTED_MEAN	reports/tefm_lock/PIPE-TEFM-LOCK-20260619/segment_multi_species/stress/lizard/summary_w4096_s2048.tsv	lizard
PIPE-TEFM-LOCK-20260619	generanno	4096	2048	triangular	software_outputs/tefm_lock/PIPE-TEFM-LOCK-20260619/data/segment_stress/lizard/test/data.jsonl.gz	software_outputs/tefm_repair/PIPE-TEFM-REPAIR-20260618/runs/TFREPAIR_invert_boost_animal_4096_seed42	600	gap100_min100	0.35	63517.0	548585.0	1354.0	635824.0	0.10376865293692882	0.9791278074948745	0.1876500244470607	0.051926709784836066	0.48996381915983606	1249280.0	405.0	893.0	49.0	844.0	356.0	0.054871220604703244	0.12098765432098765	0.07550077041602465	0.7400231141949013	0.0335946248600224	0.07407407407407407	0.04622496147919877	36.0	0.9679012345679012	1.0	0.0	0.03209876543209877	0.0	685.4445688689809	WEIGHTED_MEAN	reports/tefm_lock/PIPE-TEFM-LOCK-20260619/segment_multi_species/stress/lizard/summary_w4096_s2048.tsv	lizard
PIPE-TEFM-LOCK-20260619	generanno	4096	2048	triangular	software_outputs/tefm_lock/PIPE-TEFM-LOCK-20260619/data/segment_stress/lizard/test/data.jsonl.gz	software_outputs/tefm_repair/PIPE-TEFM-REPAIR-20260618/runs/TFREPAIR_invert_boost_animal_4096_seed42	600	gap200_min100	0.35	63798.0	586554.0	1073.0	597855.0	0.09809764558269983	0.9834594811240769	0.178400303122243	0.051926709784836066	0.5205814549180328	1249280.0	405.0	718.0	32.0	686.0	373.0	0.04456824512534819	0.07901234567901234	0.05699020480854853	0.7082282397847043	0.022284122562674095	0.03950617283950617	0.028495102404274265	53.75	0.9777777777777777	1.0	0.0	0.022222222222222223	0.0	905.7827298050138	WEIGHTED_MEAN	reports/tefm_lock/PIPE-TEFM-LOCK-20260619/segment_multi_species/stress/lizard/summary_w4096_s2048.tsv	lizard
PIPE-TEFM-LOCK-20260619	generanno	4096	2048	triangular	software_outputs/tefm_lock/PIPE-TEFM-LOCK-20260619/data/segment_stress/lizard/test/data.jsonl.gz	software_outputs/tefm_repair/PIPE-TEFM-REPAIR-20260618/runs/TFREPAIR_invert_boost_animal_4096_seed42	600	hmm_penalty2	0.35	63855.0	482408.0	1016.0	702001.0	0.11689424324913093	0.9843381480168333	0.20897217304224608	0.051926709784836066	0.4372622630635246	1249280.0	405.0	1483.0	132.0	1351.0	273.0	0.08900876601483479	0.32592592592592595	0.13983050847457626	0.7830533381164492	0.06608226567768037	0.2419753086419753	0.10381355932203389	15.5	0.9901234567901235	1.0	0.0024691358024691358	0.012345679012345678	0.1294672960215779	368.3499662845583	WEIGHTED_MEAN	reports/tefm_lock/PIPE-TEFM-LOCK-20260619/segment_multi_species/stress/lizard/summary_w4096_s2048.tsv	lizard
PIPE-TEFM-LOCK-20260619	generanno	4096	2048	triangular	software_outputs/tefm_lock/PIPE-TEFM-LOCK-20260619/data/segment_stress/lizard/test/data.jsonl.gz	software_outputs/tefm_repair/PIPE-TEFM-REPAIR-20260618/runs/TFREPAIR_invert_boost_animal_4096_seed42	600	crf_style_penalty4	0.35	63846.0	482326.0	1025.0	702083.0	0.11689724116212476	0.9841994111390298	0.20897383653850876	0.051926709784836066	0.4371894211065574	1249280.0	405.0	1431.0	126.0	1305.0	279.0	0.0880503144654088	0.3111111111111111	0.1372549019607843	0.7830889231883896	0.0649895178197065	0.22962962962962963	0.10130718954248365	15.5	0.9876543209876543	1.0	0.0024691358024691358	0.014814814814814815	0.11390635918937804	381.67155835080365	WEIGHTED_MEAN	reports/tefm_lock/PIPE-TEFM-LOCK-20260619/segment_multi_species/stress/lizard/summary_w4096_s2048.tsv	lizard
PIPE-TEFM-LOCK-20260619	generanno	4096	2048	triangular	software_outputs/tefm_lock/PIPE-TEFM-LOCK-20260619/data/segment_stress/red_flour_beetle/test/data.jsonl.gz	software_outputs/tefm_repair/PIPE-TEFM-REPAIR-20260618/runs/TFREPAIR_invert_boost_animal_4096_seed42	600	raw_threshold	0.35	0.0	68430.0	1161.0	1183785.0	0.0	0.0	0.0	0.0009262982536764705	0.0545965456495098	1253376.0	5.0	1784.0	0.0	1784.0	5.0	0.0	0.0	0.0	0.0	0.0	0.0	0.0	nan	0.0	0.0	0.0	1.0	0.8951793721973094	38.35762331838565	WEIGHTED_MEAN	reports/tefm_lock/PIPE-TEFM-LOCK-20260619/segment_multi_species/stress/red_flour_beetle/summary_w4096_s2048.tsv	red_flour_beetle
PIPE-TEFM-LOCK-20260619	generanno	4096	2048	triangular	software_outputs/tefm_lock/PIPE-TEFM-LOCK-20260619/data/segment_stress/red_flour_beetle/test/data.jsonl.gz	software_outputs/tefm_repair/PIPE-TEFM-REPAIR-20260618/runs/TFREPAIR_invert_boost_animal_4096_seed42	600	gap50_min80	0.35	0.0	70442.0	1161.0	1181773.0	0.0	0.0	0.0	0.0009262982536764705	0.05620181015114379	1253376.0	5.0	200.0	0.0	200.0	5.0	0.0	0.0	0.0	0.0	0.0	0.0	0.0	nan	0.0	0.0	0.0	1.0	0.0	352.21	WEIGHTED_MEAN	reports/tefm_lock/PIPE-TEFM-LOCK-20260619/segment_multi_species/stress/red_flour_beetle/summary_w4096_s2048.tsv	red_flour_beetle
PIPE-TEFM-LOCK-20260619	generanno	4096	2048	triangular	software_outputs/tefm_lock/PIPE-TEFM-LOCK-20260619/data/segment_stress/red_flour_beetle/test/data.jsonl.gz	software_outputs/tefm_repair/PIPE-TEFM-REPAIR-20260618/runs/TFREPAIR_invert_boost_animal_4096_seed42	600	gap100_min100	0.35	0.0	71748.0	1161.0	1180467.0	0.0	0.0	0.0	0.0009262982536764705	0.05724379595588235	1253376.0	5.0	182.0	0.0	182.0	5.0	0.0	0.0	0.0	0.0	0.0	0.0	0.0	nan	0.0	0.0	0.0	1.0	0.0	394.2197802197802	WEIGHTED_MEAN	reports/tefm_lock/PIPE-TEFM-LOCK-20260619/segment_multi_species/stress/red_flour_beetle/summary_w4096_s2048.tsv	red_flour_beetle
PIPE-TEFM-LOCK-20260619	generanno	4096	2048	triangular	software_outputs/tefm_lock/PIPE-TEFM-LOCK-20260619/data/segment_stress/red_flour_beetle/test/data.jsonl.gz	software_outputs/tefm_repair/PIPE-TEFM-REPAIR-20260618/runs/TFREPAIR_invert_boost_animal_4096_seed42	600	gap200_min100	0.35	0.0	77347.0	1161.0	1174868.0	0.0	0.0	0.0	0.0009262982536764705	0.06171093111723856	1253376.0	5.0	178.0	0.0	178.0	5.0	0.0	0.0	0.0	0.0	0.0	0.0	0.0	nan	0.0	0.0	0.0	1.0	0.0	434.53370786516854	WEIGHTED_MEAN	reports/tefm_lock/PIPE-TEFM-LOCK-20260619/segment_multi_species/stress/red_flour_beetle/summary_w4096_s2048.tsv	red_flour_beetle
PIPE-TEFM-LOCK-20260619	generanno	4096	2048	triangular	software_outputs/tefm_lock/PIPE-TEFM-LOCK-20260619/data/segment_stress/red_flour_beetle/test/data.jsonl.gz	software_outputs/tefm_repair/PIPE-TEFM-REPAIR-20260618/runs/TFREPAIR_invert_boost_animal_4096_seed42	600	hmm_penalty2	0.35	0.0	49393.0	1161.0	1202822.0	0.0	0.0	0.0	0.0009262982536764705	0.0394079669628268	1253376.0	5.0	163.0	0.0	163.0	5.0	0.0	0.0	0.0	0.0	0.0	0.0	0.0	nan	0.0	0.0	0.0	1.0	0.18404907975460122	303.02453987730064	WEIGHTED_MEAN	reports/tefm_lock/PIPE-TEFM-LOCK-20260619/segment_multi_species/stress/red_flour_beetle/summary_w4096_s2048.tsv	red_flour_beetle
PIPE-TEFM-LOCK-20260619	generanno	4096	2048	triangular	software_outputs/tefm_lock/PIPE-TEFM-LOCK-20260619/data/segment_stress/red_flour_beetle/test/data.jsonl.gz	software_outputs/tefm_repair/PIPE-TEFM-REPAIR-20260618/runs/TFREPAIR_invert_boost_animal_4096_seed42	600	crf_style_penalty4	0.35	0.0	49015.0	1161.0	1203200.0	0.0	0.0	0.0	0.0009262982536764705	0.03910638148488562	1253376.0	5.0	152.0	0.0	152.0	5.0	0.0	0.0	0.0	0.0	0.0	0.0	0.0	nan	0.0	0.0	0.0	1.0	0.13157894736842105	322.4671052631579	WEIGHTED_MEAN	reports/tefm_lock/PIPE-TEFM-LOCK-20260619/segment_multi_species/stress/red_flour_beetle/summary_w4096_s2048.tsv	red_flour_beetle
PIPE-TEFM-LOCK-20260619	generanno	4096	2048	triangular	software_outputs/tefm_lock/PIPE-TEFM-LOCK-20260619/data/segment_stress/western_honey_bee/test/data.jsonl.gz	software_outputs/tefm_repair/PIPE-TEFM-REPAIR-20260618/runs/TFREPAIR_invert_boost_animal_4096_seed42	600	raw_threshold	0.35	0.0	3155.0	0.0	1231789.0	0.0	0.0	0.0	0.0	0.002554771714344942	1234944.0	0.0	166.0	0.0	166.0	0.0	0.0	0.0	0.0	0.0	0.0	0.0	0.0	nan	0.0	0.0	0.0	0.0	0.9216867469879518	19.00602409638554	WEIGHTED_MEAN	reports/tefm_lock/PIPE-TEFM-LOCK-20260619/segment_multi_species/stress/western_honey_bee/summary_w4096_s2048.tsv	western_honey_bee
PIPE-TEFM-LOCK-20260619	generanno	4096	2048	triangular	software_outputs/tefm_lock/PIPE-TEFM-LOCK-20260619/data/segment_stress/western_honey_bee/test/data.jsonl.gz	software_outputs/tefm_repair/PIPE-TEFM-REPAIR-20260618/runs/TFREPAIR_invert_boost_animal_4096_seed42	600	gap50_min80	0.35	0.0	2842.0	0.0	1232102.0	0.0	0.0	0.0	0.0	0.0023013189262023215	1234944.0	0.0	15.0	0.0	15.0	0.0	0.0	0.0	0.0	0.0	0.0	0.0	0.0	nan	0.0	0.0	0.0	0.0	0.0	189.46666666666667	WEIGHTED_MEAN	reports/tefm_lock/PIPE-TEFM-LOCK-20260619/segment_multi_species/stress/western_honey_bee/summary_w4096_s2048.tsv	western_honey_bee
PIPE-TEFM-LOCK-20260619	generanno	4096	2048	triangular	software_outputs/tefm_lock/PIPE-TEFM-LOCK-20260619/data/segment_stress/western_honey_bee/test/data.jsonl.gz	software_outputs/tefm_repair/PIPE-TEFM-REPAIR-20260618/runs/TFREPAIR_invert_boost_animal_4096_seed42	600	gap100_min100	0.35	0.0	2693.0	0.0	1232251.0	0.0	0.0	0.0	0.0	0.0021806656820066335	1234944.0	0.0	12.0	0.0	12.0	0.0	0.0	0.0	0.0	0.0	0.0	0.0	0.0	nan	0.0	0.0	0.0	0.0	0.0	224.41666666666666	WEIGHTED_MEAN	reports/tefm_lock/PIPE-TEFM-LOCK-20260619/segment_multi_species/stress/western_honey_bee/summary_w4096_s2048.tsv	western_honey_bee
PIPE-TEFM-LOCK-20260619	generanno	4096	2048	triangular	software_outputs/tefm_lock/PIPE-TEFM-LOCK-20260619/data/segment_stress/western_honey_bee/test/data.jsonl.gz	software_outputs/tefm_repair/PIPE-TEFM-REPAIR-20260618/runs/TFREPAIR_invert_boost_animal_4096_seed42	600	gap200_min100	0.35	0.0	3263.0	0.0	1231681.0	0.0	0.0	0.0	0.0	0.002642225072553897	1234944.0	0.0	11.0	0.0	11.0	0.0	0.0	0.0	0.0	0.0	0.0	0.0	0.0	nan	0.0	0.0	0.0	0.0	0.0	296.6363636363636	WEIGHTED_MEAN	reports/tefm_lock/PIPE-TEFM-LOCK-20260619/segment_multi_species/stress/western_honey_bee/summary_w4096_s2048.tsv	western_honey_bee
PIPE-TEFM-LOCK-20260619	generanno	4096	2048	triangular	software_outputs/tefm_lock/PIPE-TEFM-LOCK-20260619/data/segment_stress/western_honey_bee/test/data.jsonl.gz	software_outputs/tefm_repair/PIPE-TEFM-REPAIR-20260618/runs/TFREPAIR_invert_boost_animal_4096_seed42	600	hmm_penalty2	0.35	0.0	1424.0	0.0	1233520.0	0.0	0.0	0.0	0.0	0.0011530887230514096	1234944.0	0.0	13.0	0.0	13.0	0.0	0.0	0.0	0.0	0.0	0.0	0.0	0.0	nan	0.0	0.0	0.0	0.0	0.38461538461538464	109.53846153846153	WEIGHTED_MEAN	reports/tefm_lock/PIPE-TEFM-LOCK-20260619/segment_multi_species/stress/western_honey_bee/summary_w4096_s2048.tsv	western_honey_bee
PIPE-TEFM-LOCK-20260619	generanno	4096	2048	triangular	software_outputs/tefm_lock/PIPE-TEFM-LOCK-20260619/data/segment_stress/western_honey_bee/test/data.jsonl.gz	software_outputs/tefm_repair/PIPE-TEFM-REPAIR-20260618/runs/TFREPAIR_invert_boost_animal_4096_seed42	600	crf_style_penalty4	0.35	0.0	1338.0	0.0	1233606.0	0.0	0.0	0.0	0.0	0.0010834499378109452	1234944.0	0.0	11.0	0.0	11.0	0.0	0.0	0.0	0.0	0.0	0.0	0.0	0.0	nan	0.0	0.0	0.0	0.0	0.2727272727272727	121.63636363636364	WEIGHTED_MEAN	reports/tefm_lock/PIPE-TEFM-LOCK-20260619/segment_multi_species/stress/western_honey_bee/summary_w4096_s2048.tsv	western_honey_bee
PIPE-TEFM-LOCK-20260619	generanno	4096	2048	triangular	software_outputs/tefm_lock/PIPE-TEFM-LOCK-20260619/data/segment_stress/x_laevis/test/data.jsonl.gz	software_outputs/tefm_repair/PIPE-TEFM-REPAIR-20260618/runs/TFREPAIR_invert_boost_animal_4096_seed42	600	raw_threshold	0.35	110484.0	509441.0	1378.0	705801.0	0.17822155905956366	0.9876812501117448	0.30195671691352816	0.08429030430169752	0.467126163435571	1327104.0	452.0	5495.0	217.0	5278.0	235.0	0.03949044585987261	0.48008849557522126	0.07297797208676644	0.8410295354232323	0.030391264786169245	0.3694690265486726	0.056162771145115184	16.5	1.0132743362831858	1.0	0.01327433628318584	0.01991150442477876	0.7575978161965423	112.81619654231119	WEIGHTED_MEAN	reports/tefm_lock/PIPE-TEFM-LOCK-20260619/segment_multi_species/stress/x_laevis/summary_w4096_s2048.tsv	x_laevis
PIPE-TEFM-LOCK-20260619	generanno	4096	2048	triangular	software_outputs/tefm_lock/PIPE-TEFM-LOCK-20260619/data/segment_stress/x_laevis/test/data.jsonl.gz	software_outputs/tefm_repair/PIPE-TEFM-REPAIR-20260618/runs/TFREPAIR_invert_boost_animal_4096_seed42	600	gap50_min80	0.35	110396.0	523960.0	1466.0	691282.0	0.17402846351260176	0.9868945665194615	0.29588136442701735	0.08429030430169752	0.4780002170138889	1327104.0	452.0	1124.0	165.0	959.0	287.0	0.14679715302491103	0.36504424778761063	0.2093908629441625	0.8260232771500631	0.10498220640569393	0.2610619469026549	0.14974619289340102	20.5	0.9690265486725663	1.0	0.0	0.030973451327433628	0.0	564.373665480427	WEIGHTED_MEAN	reports/tefm_lock/PIPE-TEFM-LOCK-20260619/segment_multi_species/stress/x_laevis/summary_w4096_s2048.tsv	x_laevis
PIPE-TEFM-LOCK-20260619	generanno	4096	2048	triangular	software_outputs/tefm_lock/PIPE-TEFM-LOCK-20260619/data/segment_stress/x_laevis/test/data.jsonl.gz	software_outputs/tefm_repair/PIPE-TEFM-REPAIR-20260618/runs/TFREPAIR_invert_boost_animal_4096_seed42	600	gap100_min100	0.35	110366.0	534667.0	1496.0	680575.0	0.1711013234981776	0.9866263789311831	0.29162829718785305	0.08429030430169752	0.48604555483217593	1327104.0	452.0	988.0	130.0	858.0	322.0	0.13157894736842105	0.28761061946902655	0.18055555555555555	0.830465525689791	0.09210526315789473	0.2013274336283186	0.12638888888888888	20.25	0.9690265486725663	1.0	0.0	0.030973451327433628	0.0	652.8674089068826	WEIGHTED_MEAN	reports/tefm_lock/PIPE-TEFM-LOCK-20260619/segment_multi_species/stress/x_laevis/summary_w4096_s2048.tsv	x_laevis
PIPE-TEFM-LOCK-20260619	generanno	4096	2048	triangular	software_outputs/tefm_lock/PIPE-TEFM-LOCK-20260619/data/segment_stress/x_laevis/test/data.jsonl.gz	software_outputs/tefm_repair/PIPE-TEFM-REPAIR-20260618/runs/TFREPAIR_invert_boost_animal_4096_seed42	600	gap200_min100	0.35	110497.0	569651.0	1365.0	645591.0	0.16246022924422332	0.9877974647333322	0.2790293051855406	0.08429030430169752	0.5125054253472222	1327104.0	452.0	805.0	85.0	720.0	367.0	0.10559006211180125	0.18805309734513273	0.13524264120922833	0.8060641229614498	0.06335403726708075	0.11283185840707964	0.081145584725537	26.5	0.9734513274336283	1.0	0.0	0.02654867256637168	0.0	844.904347826087	WEIGHTED_MEAN	reports/tefm_lock/PIPE-TEFM-LOCK-20260619/segment_multi_species/stress/x_laevis/summary_w4096_s2048.tsv	x_laevis
PIPE-TEFM-LOCK-20260619	generanno	4096	2048	triangular	software_outputs/tefm_lock/PIPE-TEFM-LOCK-20260619/data/segment_stress/x_laevis/test/data.jsonl.gz	software_outputs/tefm_repair/PIPE-TEFM-REPAIR-20260618/runs/TFREPAIR_invert_boost_animal_4096_seed42	600	hmm_penalty2	0.35	110267.0	450277.0	1595.0	764965.0	0.19671426328709254	0.9857413598898643	0.32797744220009933	0.08429030430169752	0.42238136574074076	1327104.0	452.0	1328.0	226.0	1102.0	226.0	0.17018072289156627	0.5	0.2539325842696629	0.8400759094288939	0.13253012048192772	0.3893805309734513	0.19775280898876407	16.0	0.9800884955752213	1.0	0.0022123893805309734	0.022123893805309734	0.06626506024096386	422.09638554216866	WEIGHTED_MEAN	reports/tefm_lock/PIPE-TEFM-LOCK-20260619/segment_multi_species/stress/x_laevis/summary_w4096_s2048.tsv	x_laevis
PIPE-TEFM-LOCK-20260619	generanno	4096	2048	triangular	software_outputs/tefm_lock/PIPE-TEFM-LOCK-20260619/data/segment_stress/x_laevis/test/data.jsonl.gz	software_outputs/tefm_repair/PIPE-TEFM-REPAIR-20260618/runs/TFREPAIR_invert_boost_animal_4096_seed42	600	crf_style_penalty4	0.35	110244.0	450346.0	1618.0	764896.0	0.1966570934194331	0.9855357494055175	0.32788660008446696	0.08429030430169752	0.42241602768132713	1327104.0	452.0	1282.0	224.0	1058.0	228.0	0.1747269890795632	0.49557522123893805	0.25836216839677045	0.8390599857699558	0.1357254290171607	0.38495575221238937	0.20069204152249134	16.0	0.9778761061946902	1.0	0.0022123893805309734	0.024336283185840708	0.05070202808112325	437.27769110764433	WEIGHTED_MEAN	reports/tefm_lock/PIPE-TEFM-LOCK-20260619/segment_multi_species/stress/x_laevis/summary_w4096_s2048.tsv	x_laevis
