contrast	kmer	case_count	control_count	case_rate	control_rate	log2_fold_case_vs_control	abs_log2_fold
high_score_strict_bg_vs_matched_bg	TAGGAG	8	0	0.0015510948905109489	9.124087591240875e-05	4.087462841250339	4.087462841250339
high_score_strict_bg_vs_matched_bg	TGATAA	0	8	9.124087591240875e-05	0.0015510948905109489	-4.087462841250339	4.087462841250339
high_score_strict_bg_vs_matched_bg	TATAAC	6	0	0.0011861313868613138	9.124087591240875e-05	3.700439718141092	3.700439718141092
high_score_strict_bg_vs_matched_bg	AAAACA	0	6	9.124087591240875e-05	0.0011861313868613138	-3.700439718141092	3.700439718141092
high_score_strict_bg_vs_matched_bg	TCTTGT	0	6	9.124087591240875e-05	0.0011861313868613138	-3.700439718141092	3.700439718141092
high_score_strict_bg_vs_matched_bg	CTTTAT	0	6	9.124087591240875e-05	0.0011861313868613138	-3.700439718141092	3.700439718141092
high_score_strict_bg_vs_matched_bg	CTTGGA	5	0	0.0010036496350364964	9.124087591240875e-05	3.4594316186372973	3.4594316186372973
high_score_strict_bg_vs_matched_bg	ACATGA	5	0	0.0010036496350364964	9.124087591240875e-05	3.4594316186372973	3.4594316186372973
high_score_strict_bg_vs_matched_bg	TCTTGG	5	0	0.0010036496350364964	9.124087591240875e-05	3.4594316186372973	3.4594316186372973
high_score_strict_bg_vs_matched_bg	TCTTTC	5	0	0.0010036496350364964	9.124087591240875e-05	3.4594316186372973	3.4594316186372973
high_score_strict_bg_vs_matched_bg	AGGAGA	5	0	0.0010036496350364964	9.124087591240875e-05	3.4594316186372973	3.4594316186372973
high_score_strict_bg_vs_matched_bg	AGTATA	5	0	0.0010036496350364964	9.124087591240875e-05	3.4594316186372973	3.4594316186372973
high_score_strict_bg_vs_matched_bg	ATGTAT	5	0	0.0010036496350364964	9.124087591240875e-05	3.4594316186372973	3.4594316186372973
high_score_strict_bg_vs_matched_bg	ACGATT	0	5	9.124087591240875e-05	0.0010036496350364964	-3.4594316186372973	3.4594316186372973
high_score_strict_bg_vs_matched_bg	ATGATC	0	5	9.124087591240875e-05	0.0010036496350364964	-3.4594316186372973	3.4594316186372973
high_score_strict_bg_vs_matched_bg	GGTAAA	0	5	9.124087591240875e-05	0.0010036496350364964	-3.4594316186372973	3.4594316186372973
high_score_strict_bg_vs_matched_bg	TAAACT	0	5	9.124087591240875e-05	0.0010036496350364964	-3.4594316186372973	3.4594316186372973
high_score_strict_bg_vs_matched_bg	CTTGTA	0	5	9.124087591240875e-05	0.0010036496350364964	-3.4594316186372973	3.4594316186372973
high_score_strict_bg_vs_matched_bg	ACAATG	0	4	9.124087591240875e-05	0.0008211678832116788	-3.1699250014423126	3.1699250014423126
high_score_strict_bg_vs_matched_bg	AAACTA	0	4	9.124087591240875e-05	0.0008211678832116788	-3.1699250014423126	3.1699250014423126
high_score_strict_bg_vs_matched_bg	TTGATT	0	4	9.124087591240875e-05	0.0008211678832116788	-3.1699250014423126	3.1699250014423126
high_score_strict_bg_vs_matched_bg	AATGAA	0	4	9.124087591240875e-05	0.0008211678832116788	-3.1699250014423126	3.1699250014423126
high_score_strict_bg_vs_matched_bg	ACTATT	0	4	9.124087591240875e-05	0.0008211678832116788	-3.1699250014423126	3.1699250014423126
high_score_strict_bg_vs_matched_bg	TGGTAA	0	4	9.124087591240875e-05	0.0008211678832116788	-3.1699250014423126	3.1699250014423126
high_score_strict_bg_vs_matched_bg	GATGAT	0	4	9.124087591240875e-05	0.0008211678832116788	-3.1699250014423126	3.1699250014423126
high_score_strict_bg_vs_matched_bg	GATTTA	0	4	9.124087591240875e-05	0.0008211678832116788	-3.1699250014423126	3.1699250014423126
high_score_strict_bg_vs_matched_bg	CAGTTT	0	4	9.124087591240875e-05	0.0008211678832116788	-3.1699250014423126	3.1699250014423126
high_score_strict_bg_vs_matched_bg	ATCAGA	0	4	9.124087591240875e-05	0.0008211678832116788	-3.1699250014423126	3.1699250014423126
high_score_strict_bg_vs_matched_bg	AATAGC	0	4	9.124087591240875e-05	0.0008211678832116788	-3.1699250014423126	3.1699250014423126
high_score_strict_bg_vs_matched_bg	ACCAAT	0	4	9.124087591240875e-05	0.0008211678832116788	-3.1699250014423126	3.1699250014423126
unknown_main4like_vs_matched_known_main4	GGGCGG	175	0	0.009759217038313964	2.7804037146193626e-05	8.45532722030456	8.45532722030456
unknown_main4like_vs_matched_known_main4	GCCGGG	138	0	0.007701718289495635	2.7804037146193626e-05	8.113742166049189	8.113742166049189
unknown_main4like_vs_matched_known_main4	GGCGGC	136	0	0.00759050214091086	2.7804037146193626e-05	8.092757140919852	8.092757140919852
unknown_main4like_vs_matched_known_main4	CCGGGC	134	0	0.0074792859923260855	2.7804037146193626e-05	8.071462362556623	8.071462362556623
unknown_main4like_vs_matched_known_main4	GGCCGG	111	0	0.006200300283601179	2.7804037146193626e-05	7.800899899920305	7.800899899920305
unknown_main4like_vs_matched_known_main4	ACGGGG	105	0	0.005866651837846856	2.7804037146193626e-05	7.721099188707186	7.721099188707186
unknown_main4like_vs_matched_known_main4	GGGGCG	103	0	0.005755435689262081	2.7804037146193626e-05	7.693486957499325	7.693486957499325
unknown_main4like_vs_matched_known_main4	CGGCTG	85	0	0.0047544903519991105	2.7804037146193626e-05	7.417852514885898	7.417852514885898
unknown_main4like_vs_matched_known_main4	CGGGGC	81	0	0.004532058054829561	2.7804037146193626e-05	7.348728154231077	7.348728154231077
unknown_main4like_vs_matched_known_main4	GCGGCT	77	0	0.004309625757660012	2.7804037146193626e-05	7.2761244052742375	7.2761244052742375
unknown_main4like_vs_matched_known_main4	CGGGCA	77	0	0.004309625757660012	2.7804037146193626e-05	7.2761244052742375	7.2761244052742375
unknown_main4like_vs_matched_known_main4	CAGACG	72	0	0.004031585386198076	2.7804037146193626e-05	7.1799090900149345	7.1799090900149345
unknown_main4like_vs_matched_known_main4	CGGCCG	70	0	0.003920369237613301	2.7804037146193626e-05	7.139551352398794	7.139551352398794
unknown_main4like_vs_matched_known_main4	GCGGCC	61	0	0.003419896568981816	2.7804037146193626e-05	6.94251450533924	6.94251450533924
unknown_main4like_vs_matched_known_main4	TCCCGG	59	0	0.0033086804203970414	2.7804037146193626e-05	6.894817763307944	6.894817763307944
unknown_main4like_vs_matched_known_main4	TGGCCG	57	0	0.0031974642718122673	2.7804037146193626e-05	6.845490050944376	6.845490050944376
unknown_main4like_vs_matched_known_main4	CGCTCC	56	0	0.00314185619751988	2.7804037146193626e-05	6.820178962415188	6.820178962415188
unknown_main4like_vs_matched_known_main4	CGGGCG	55	0	0.0030862481232274926	2.7804037146193626e-05	6.794415866350106	6.794415866350106
unknown_main4like_vs_matched_known_main4	GGACGG	53	0	0.002975031974642718	2.7804037146193626e-05	6.741466986401147	6.741466986401147
unknown_main4like_vs_matched_known_main4	CCGCCC	49	0	0.0027525996774731692	2.7804037146193626e-05	6.6293566200796095	6.6293566200796095
unknown_main4like_vs_matched_known_main4	CGCCCC	48	0	0.002696991603180782	2.7804037146193626e-05	6.599912842187128	6.599912842187128
unknown_main4like_vs_matched_known_main4	CGGACG	48	0	0.002696991603180782	2.7804037146193626e-05	6.599912842187128	6.599912842187128
unknown_main4like_vs_matched_known_main4	GAGGCG	45	0	0.00253016738030362	2.7804037146193626e-05	6.507794640198696	6.507794640198696
unknown_main4like_vs_matched_known_main4	AGGCGC	44	0	0.0024745593060112327	2.7804037146193626e-05	6.475733430966398	6.475733430966398
unknown_main4like_vs_matched_known_main4	GCGGGG	44	0	0.0024745593060112327	2.7804037146193626e-05	6.475733430966398	6.475733430966398
unknown_main4like_vs_matched_known_main4	GGGGGC	43	0	0.0024189512317188454	2.7804037146193626e-05	6.442943495848728	6.442943495848728
unknown_main4like_vs_matched_known_main4	CCCGGC	42	0	0.002363343157426458	2.7804037146193626e-05	6.409390936137702	6.409390936137702
unknown_main4like_vs_matched_known_main4	GGCGGG	42	0	0.002363343157426458	2.7804037146193626e-05	6.409390936137702	6.409390936137702
unknown_main4like_vs_matched_known_main4	GGGCAG	119	1	0.006645164877940277	8.341211143858088e-05	6.315904307259593	6.315904307259593
unknown_main4like_vs_matched_known_main4	GCCCGG	39	0	0.0021965189345492966	2.7804037146193626e-05	6.303780748177103	6.303780748177103
